"No.","Time","Source","Destination","Protocol","Length","Info"
"1","0.000000","host","1.2.0","USB","36","GET DESCRIPTOR Request DEVICE"
"2","0.000000","1.2.0","host","USB","46","GET DESCRIPTOR Response DEVICE"
"3","0.000000","host","1.2.0","USB","36","GET DESCRIPTOR Request CONFIGURATION"
"4","0.000000","1.2.0","host","USB","112","GET DESCRIPTOR Response CONFIGURATION"
"5","0.000000","host","1.2.0","USB","36","SET CONFIGURATION Request"
"6","0.000000","1.2.0","host","USB","28","SET CONFIGURATION Response"
"37","0.000000","host","1.1.0","USB","36","GET DESCRIPTOR Request DEVICE"
"38","0.000000","1.1.0","host","USB","46","GET DESCRIPTOR Response DEVICE"
"39","0.000000","host","1.1.0","USB","36","GET DESCRIPTOR Request CONFIGURATION"
"40","0.000000","1.1.0","host","USB","3504","GET DESCRIPTOR Response CONFIGURATION"
"41","0.000000","host","1.1.0","USB","36","SET CONFIGURATION Request"
"42","0.000000","1.1.0","host","USB","28","SET CONFIGURATION Response"
"47","0.086161","1.2.3","host","USB","47","URB_INTERRUPT in"
"48","0.086182","host","1.2.3","USB","27","URB_INTERRUPT in"
"49","0.103161","1.2.3","host","USB","47","URB_INTERRUPT in"
"50","0.103184","host","1.2.3","USB","27","URB_INTERRUPT in"
"53","0.135156","1.2.1","host","USB","40","URB_INTERRUPT in"
"54","0.135183","host","1.2.1","USB","27","URB_INTERRUPT in"
"55","0.138155","1.2.1","host","USB","40","URB_INTERRUPT in"
"56","0.138176","host","1.2.1","USB","27","URB_INTERRUPT in"
"57","0.139154","1.2.1","host","USB","40","URB_INTERRUPT in"
"58","0.139171","host","1.2.1","USB","27","URB_INTERRUPT in"
"59","0.142156","1.2.1","host","USB","40","URB_INTERRUPT in"
"60","0.142177","host","1.2.1","USB","27","URB_INTERRUPT in"
"61","0.143153","1.2.1","host","USB","40","URB_INTERRUPT in"
"62","0.143171","host","1.2.1","USB","27","URB_INTERRUPT in"
"63","0.145152","1.2.1","host","USB","40","URB_INTERRUPT in"
"64","0.145168","host","1.2.1","USB","27","URB_INTERRUPT in"
"65","0.148160","1.2.1","host","USB","40","URB_INTERRUPT in"
"66","0.148190","host","1.2.1","USB","27","URB_INTERRUPT in"
"68","0.150152","1.2.1","host","USB","40","URB_INTERRUPT in"
"69","0.150171","host","1.2.1","USB","27","URB_INTERRUPT in"
"71","0.152158","1.2.1","host","USB","40","URB_INTERRUPT in"
"72","0.152184","host","1.2.1","USB","27","URB_INTERRUPT in"
"73","0.153154","1.2.1","host","USB","40","URB_INTERRUPT in"
"74","0.153173","host","1.2.1","USB","27","URB_INTERRUPT in"
"75","0.154159","1.2.1","host","USB","40","URB_INTERRUPT in"
"76","0.154191","host","1.2.1","USB","27","URB_INTERRUPT in"
"77","0.155155","1.2.1","host","USB","40","URB_INTERRUPT in"
"78","0.155174","host","1.2.1","USB","27","URB_INTERRUPT in"
"79","0.156152","1.2.1","host","USB","40","URB_INTERRUPT in"
"80","0.156169","host","1.2.1","USB","27","URB_INTERRUPT in"
"81","0.157152","1.2.1","host","USB","40","URB_INTERRUPT in"
"82","0.157168","host","1.2.1","USB","27","URB_INTERRUPT in"
"83","0.158153","1.2.1","host","USB","40","URB_INTERRUPT in"
"84","0.158172","host","1.2.1","USB","27","URB_INTERRUPT in"
"85","0.159174","1.2.1","host","USB","40","URB_INTERRUPT in"
"86","0.159192","host","1.2.1","USB","27","URB_INTERRUPT in"
"87","0.160154","1.2.1","host","USB","40","URB_INTERRUPT in"
"88","0.160173","host","1.2.1","USB","27","URB_INTERRUPT in"
"89","0.161152","1.2.1","host","USB","40","URB_INTERRUPT in"
"90","0.161170","host","1.2.1","USB","27","URB_INTERRUPT in"
"91","0.162152","1.2.1","host","USB","40","URB_INTERRUPT in"
"92","0.162168","host","1.2.1","USB","27","URB_INTERRUPT in"
"93","0.163152","1.2.1","host","USB","40","URB_INTERRUPT in"
"94","0.163167","host","1.2.1","USB","27","URB_INTERRUPT in"
"95","0.164153","1.2.1","host","USB","40","URB_INTERRUPT in"
"96","0.164171","host","1.2.1","USB","27","URB_INTERRUPT in"
"97","0.165152","1.2.1","host","USB","40","URB_INTERRUPT in"
"98","0.165167","host","1.2.1","USB","27","URB_INTERRUPT in"
"99","0.166152","1.2.1","host","USB","40","URB_INTERRUPT in"
"100","0.166167","host","1.2.1","USB","27","URB_INTERRUPT in"
"101","0.167153","1.2.1","host","USB","40","URB_INTERRUPT in"
"102","0.167173","host","1.2.1","USB","27","URB_INTERRUPT in"
"103","0.168153","1.2.1","host","USB","40","URB_INTERRUPT in"
"104","0.168170","host","1.2.1","USB","27","URB_INTERRUPT in"
"105","0.169199","1.2.1","host","USB","40","URB_INTERRUPT in"
"106","0.169219","host","1.2.1","USB","27","URB_INTERRUPT in"
"107","0.170153","1.2.1","host","USB","40","URB_INTERRUPT in"
"108","0.170170","host","1.2.1","USB","27","URB_INTERRUPT in"
"109","0.171153","1.2.1","host","USB","40","URB_INTERRUPT in"
"110","0.171173","host","1.2.1","USB","27","URB_INTERRUPT in"
"111","0.172154","1.2.1","host","USB","40","URB_INTERRUPT in"
"112","0.172175","host","1.2.1","USB","27","URB_INTERRUPT in"
"113","0.173154","1.2.1","host","USB","40","URB_INTERRUPT in"
"114","0.173172","host","1.2.1","USB","27","URB_INTERRUPT in"
"115","0.174152","1.2.1","host","USB","40","URB_INTERRUPT in"
"116","0.174169","host","1.2.1","USB","27","URB_INTERRUPT in"
"117","0.175153","1.2.1","host","USB","40","URB_INTERRUPT in"
"118","0.175170","host","1.2.1","USB","27","URB_INTERRUPT in"
"119","0.176160","1.2.1","host","USB","40","URB_INTERRUPT in"
"120","0.176178","host","1.2.1","USB","27","URB_INTERRUPT in"
"121","0.177152","1.2.1","host","USB","40","URB_INTERRUPT in"
"122","0.177170","host","1.2.1","USB","27","URB_INTERRUPT in"
"123","0.178153","1.2.1","host","USB","40","URB_INTERRUPT in"
"124","0.178171","host","1.2.1","USB","27","URB_INTERRUPT in"
"125","0.179160","1.2.1","host","USB","40","URB_INTERRUPT in"
"126","0.179179","host","1.2.1","USB","27","URB_INTERRUPT in"
"127","0.180154","1.2.1","host","USB","40","URB_INTERRUPT in"
"128","0.180175","host","1.2.1","USB","27","URB_INTERRUPT in"
"129","0.181153","1.2.1","host","USB","40","URB_INTERRUPT in"
"130","0.181169","host","1.2.1","USB","27","URB_INTERRUPT in"
"131","0.182153","1.2.1","host","USB","40","URB_INTERRUPT in"
"132","0.182168","host","1.2.1","USB","27","URB_INTERRUPT in"
"133","0.183152","1.2.1","host","USB","40","URB_INTERRUPT in"
"134","0.183168","host","1.2.1","USB","27","URB_INTERRUPT in"
"135","0.184154","1.2.1","host","USB","40","URB_INTERRUPT in"
"136","0.184173","host","1.2.1","USB","27","URB_INTERRUPT in"
"137","0.185154","1.2.1","host","USB","40","URB_INTERRUPT in"
"138","0.185171","host","1.2.1","USB","27","URB_INTERRUPT in"
"139","0.186153","1.2.1","host","USB","40","URB_INTERRUPT in"
"140","0.186170","host","1.2.1","USB","27","URB_INTERRUPT in"
"141","0.187152","1.2.1","host","USB","40","URB_INTERRUPT in"
"142","0.187168","host","1.2.1","USB","27","URB_INTERRUPT in"
"143","0.188155","1.2.1","host","USB","40","URB_INTERRUPT in"
"144","0.188177","host","1.2.1","USB","27","URB_INTERRUPT in"
"145","0.189155","1.2.1","host","USB","40","URB_INTERRUPT in"
"146","0.189176","host","1.2.1","USB","27","URB_INTERRUPT in"
"147","0.190152","1.2.1","host","USB","40","URB_INTERRUPT in"
"148","0.190168","host","1.2.1","USB","27","URB_INTERRUPT in"
"149","0.191152","1.2.1","host","USB","40","URB_INTERRUPT in"
"150","0.191166","host","1.2.1","USB","27","URB_INTERRUPT in"
"151","0.192152","1.2.1","host","USB","40","URB_INTERRUPT in"
"152","0.192171","host","1.2.1","USB","27","URB_INTERRUPT in"
"153","0.193154","1.2.1","host","USB","40","URB_INTERRUPT in"
"154","0.193172","host","1.2.1","USB","27","URB_INTERRUPT in"
"155","0.194152","1.2.1","host","USB","40","URB_INTERRUPT in"
"156","0.194169","host","1.2.1","USB","27","URB_INTERRUPT in"
"157","0.195150","1.2.1","host","USB","40","URB_INTERRUPT in"
"158","0.195165","host","1.2.1","USB","27","URB_INTERRUPT in"
"159","0.196150","1.2.1","host","USB","40","URB_INTERRUPT in"
"160","0.196165","host","1.2.1","USB","27","URB_INTERRUPT in"
"161","0.197153","1.2.1","host","USB","40","URB_INTERRUPT in"
"162","0.197170","host","1.2.1","USB","27","URB_INTERRUPT in"
"163","0.198153","1.2.1","host","USB","40","URB_INTERRUPT in"
"164","0.198168","host","1.2.1","USB","27","URB_INTERRUPT in"
"165","0.199152","1.2.1","host","USB","40","URB_INTERRUPT in"
"166","0.199168","host","1.2.1","USB","27","URB_INTERRUPT in"
"167","0.200153","1.2.1","host","USB","40","URB_INTERRUPT in"
"168","0.200170","host","1.2.1","USB","27","URB_INTERRUPT in"
"169","0.201154","1.2.1","host","USB","40","URB_INTERRUPT in"
"170","0.201173","host","1.2.1","USB","27","URB_INTERRUPT in"
"171","0.202152","1.2.1","host","USB","40","URB_INTERRUPT in"
"172","0.202167","host","1.2.1","USB","27","URB_INTERRUPT in"
"173","0.203151","1.2.1","host","USB","40","URB_INTERRUPT in"
"174","0.203168","host","1.2.1","USB","27","URB_INTERRUPT in"
"175","0.204152","1.2.1","host","USB","40","URB_INTERRUPT in"
"176","0.204167","host","1.2.1","USB","27","URB_INTERRUPT in"
"177","0.205158","1.2.1","host","USB","40","URB_INTERRUPT in"
"178","0.205176","host","1.2.1","USB","27","URB_INTERRUPT in"
"179","0.206152","1.2.1","host","USB","40","URB_INTERRUPT in"
"180","0.206169","host","1.2.1","USB","27","URB_INTERRUPT in"
"181","0.207152","1.2.1","host","USB","40","URB_INTERRUPT in"
"182","0.207171","host","1.2.1","USB","27","URB_INTERRUPT in"
"183","0.208152","1.2.1","host","USB","40","URB_INTERRUPT in"
"184","0.208169","host","1.2.1","USB","27","URB_INTERRUPT in"
"185","0.209155","1.2.1","host","USB","40","URB_INTERRUPT in"
"186","0.209199","host","1.2.1","USB","27","URB_INTERRUPT in"
"187","0.210153","1.2.1","host","USB","40","URB_INTERRUPT in"
"188","0.210171","host","1.2.1","USB","27","URB_INTERRUPT in"
"189","0.211153","1.2.1","host","USB","40","URB_INTERRUPT in"
"190","0.211169","host","1.2.1","USB","27","URB_INTERRUPT in"
"191","0.212153","1.2.1","host","USB","40","URB_INTERRUPT in"
"192","0.212171","host","1.2.1","USB","27","URB_INTERRUPT in"
"193","0.213153","1.2.1","host","USB","40","URB_INTERRUPT in"
"194","0.213173","host","1.2.1","USB","27","URB_INTERRUPT in"
"196","0.214153","1.2.1","host","USB","40","URB_INTERRUPT in"
"197","0.214172","host","1.2.1","USB","27","URB_INTERRUPT in"
"198","0.215151","1.2.1","host","USB","40","URB_INTERRUPT in"
"199","0.215170","host","1.2.1","USB","27","URB_INTERRUPT in"
"201","0.216152","1.2.1","host","USB","40","URB_INTERRUPT in"
"202","0.216169","host","1.2.1","USB","27","URB_INTERRUPT in"
"203","0.217153","1.2.1","host","USB","40","URB_INTERRUPT in"
"204","0.217173","host","1.2.1","USB","27","URB_INTERRUPT in"
"205","0.218155","1.2.1","host","USB","40","URB_INTERRUPT in"
"206","0.218177","host","1.2.1","USB","27","URB_INTERRUPT in"
"207","0.219153","1.2.1","host","USB","40","URB_INTERRUPT in"
"208","0.219171","host","1.2.1","USB","27","URB_INTERRUPT in"
"209","0.220153","1.2.1","host","USB","40","URB_INTERRUPT in"
"210","0.220170","host","1.2.1","USB","27","URB_INTERRUPT in"
"211","0.221177","1.2.1","host","USB","40","URB_INTERRUPT in"
"212","0.221193","host","1.2.1","USB","27","URB_INTERRUPT in"
"213","0.222157","1.2.1","host","USB","40","URB_INTERRUPT in"
"214","0.222180","host","1.2.1","USB","27","URB_INTERRUPT in"
"215","0.223155","1.2.1","host","USB","40","URB_INTERRUPT in"
"216","0.223175","host","1.2.1","USB","27","URB_INTERRUPT in"
"217","0.224153","1.2.1","host","USB","40","URB_INTERRUPT in"
"218","0.224171","host","1.2.1","USB","27","URB_INTERRUPT in"
"219","0.225153","1.2.1","host","USB","40","URB_INTERRUPT in"
"220","0.225171","host","1.2.1","USB","27","URB_INTERRUPT in"
"221","0.226155","1.2.1","host","USB","40","URB_INTERRUPT in"
"222","0.226177","host","1.2.1","USB","27","URB_INTERRUPT in"
"223","0.227154","1.2.1","host","USB","40","URB_INTERRUPT in"
"224","0.227174","host","1.2.1","USB","27","URB_INTERRUPT in"
"225","0.228153","1.2.1","host","USB","40","URB_INTERRUPT in"
"226","0.228169","host","1.2.1","USB","27","URB_INTERRUPT in"
"227","0.229154","1.2.1","host","USB","40","URB_INTERRUPT in"
"228","0.229174","host","1.2.1","USB","27","URB_INTERRUPT in"
"229","0.230155","1.2.1","host","USB","40","URB_INTERRUPT in"
"230","0.230179","host","1.2.1","USB","27","URB_INTERRUPT in"
"231","0.231154","1.2.1","host","USB","40","URB_INTERRUPT in"
"232","0.231171","host","1.2.1","USB","27","URB_INTERRUPT in"
"233","0.232152","1.2.1","host","USB","40","URB_INTERRUPT in"
"234","0.232171","host","1.2.1","USB","27","URB_INTERRUPT in"
"235","0.233152","1.2.1","host","USB","40","URB_INTERRUPT in"
"236","0.233169","host","1.2.1","USB","27","URB_INTERRUPT in"
"237","0.234153","1.2.1","host","USB","40","URB_INTERRUPT in"
"238","0.234172","host","1.2.1","USB","27","URB_INTERRUPT in"
"239","0.235153","1.2.1","host","USB","40","URB_INTERRUPT in"
"240","0.235170","host","1.2.1","USB","27","URB_INTERRUPT in"
"241","0.236152","1.2.1","host","USB","40","URB_INTERRUPT in"
"242","0.236170","host","1.2.1","USB","27","URB_INTERRUPT in"
"243","0.237153","1.2.1","host","USB","40","URB_INTERRUPT in"
"244","0.237170","host","1.2.1","USB","27","URB_INTERRUPT in"
"245","0.238179","1.2.1","host","USB","40","URB_INTERRUPT in"
"246","0.238200","host","1.2.1","USB","27","URB_INTERRUPT in"
"247","0.239177","1.2.1","host","USB","40","URB_INTERRUPT in"
"248","0.239196","host","1.2.1","USB","27","URB_INTERRUPT in"
"249","0.240151","1.2.1","host","USB","40","URB_INTERRUPT in"
"250","0.240167","host","1.2.1","USB","27","URB_INTERRUPT in"
"251","0.241155","1.2.1","host","USB","40","URB_INTERRUPT in"
"252","0.241170","host","1.2.1","USB","27","URB_INTERRUPT in"
"253","0.242153","1.2.1","host","USB","40","URB_INTERRUPT in"
"254","0.242170","host","1.2.1","USB","27","URB_INTERRUPT in"
"255","0.243153","1.2.1","host","USB","40","URB_INTERRUPT in"
"256","0.243168","host","1.2.1","USB","27","URB_INTERRUPT in"
"257","0.244151","1.2.1","host","USB","40","URB_INTERRUPT in"
"258","0.244165","host","1.2.1","USB","27","URB_INTERRUPT in"
"259","0.245153","1.2.1","host","USB","40","URB_INTERRUPT in"
"260","0.245168","host","1.2.1","USB","27","URB_INTERRUPT in"
"261","0.246151","1.2.1","host","USB","40","URB_INTERRUPT in"
"262","0.246167","host","1.2.1","USB","27","URB_INTERRUPT in"
"263","0.247154","1.2.1","host","USB","40","URB_INTERRUPT in"
"264","0.247174","host","1.2.1","USB","27","URB_INTERRUPT in"
"265","0.248153","1.2.1","host","USB","40","URB_INTERRUPT in"
"266","0.248171","host","1.2.1","USB","27","URB_INTERRUPT in"
"267","0.249151","1.2.1","host","USB","40","URB_INTERRUPT in"
"268","0.249168","host","1.2.1","USB","27","URB_INTERRUPT in"
"269","0.250152","1.2.1","host","USB","40","URB_INTERRUPT in"
"270","0.250167","host","1.2.1","USB","27","URB_INTERRUPT in"
"271","0.251154","1.2.1","host","USB","40","URB_INTERRUPT in"
"272","0.251172","host","1.2.1","USB","27","URB_INTERRUPT in"
"273","0.252153","1.2.1","host","USB","40","URB_INTERRUPT in"
"274","0.252170","host","1.2.1","USB","27","URB_INTERRUPT in"
"275","0.253151","1.2.1","host","USB","40","URB_INTERRUPT in"
"276","0.253167","host","1.2.1","USB","27","URB_INTERRUPT in"
"277","0.254155","1.2.1","host","USB","40","URB_INTERRUPT in"
"278","0.254176","host","1.2.1","USB","27","URB_INTERRUPT in"
"279","0.255155","1.2.1","host","USB","40","URB_INTERRUPT in"
"280","0.255180","host","1.2.1","USB","27","URB_INTERRUPT in"
"281","0.256154","1.2.1","host","USB","40","URB_INTERRUPT in"
"282","0.256175","host","1.2.1","USB","27","URB_INTERRUPT in"
"283","0.257156","1.2.1","host","USB","40","URB_INTERRUPT in"
"284","0.257182","host","1.2.1","USB","27","URB_INTERRUPT in"
"285","0.258153","1.2.1","host","USB","40","URB_INTERRUPT in"
"286","0.258170","host","1.2.1","USB","27","URB_INTERRUPT in"
"287","0.259153","1.2.1","host","USB","40","URB_INTERRUPT in"
"288","0.259176","host","1.2.1","USB","27","URB_INTERRUPT in"
"289","0.260153","1.2.1","host","USB","40","URB_INTERRUPT in"
"290","0.260172","host","1.2.1","USB","27","URB_INTERRUPT in"
"291","0.261157","1.2.1","host","USB","40","URB_INTERRUPT in"
"292","0.261178","host","1.2.1","USB","27","URB_INTERRUPT in"
"293","0.262154","1.2.1","host","USB","40","URB_INTERRUPT in"
"294","0.262174","host","1.2.1","USB","27","URB_INTERRUPT in"
"295","0.263158","1.2.1","host","USB","40","URB_INTERRUPT in"
"296","0.263183","host","1.2.1","USB","27","URB_INTERRUPT in"
"297","0.264157","1.2.1","host","USB","40","URB_INTERRUPT in"
"298","0.264183","host","1.2.1","USB","27","URB_INTERRUPT in"
"299","0.265156","1.2.1","host","USB","40","URB_INTERRUPT in"
"300","0.265180","host","1.2.1","USB","27","URB_INTERRUPT in"
"301","0.266156","1.2.1","host","USB","40","URB_INTERRUPT in"
"302","0.266179","host","1.2.1","USB","27","URB_INTERRUPT in"
"303","0.267158","1.2.1","host","USB","40","URB_INTERRUPT in"
"304","0.267184","host","1.2.1","USB","27","URB_INTERRUPT in"
"305","0.268155","1.2.1","host","USB","40","URB_INTERRUPT in"
"306","0.268175","host","1.2.1","USB","27","URB_INTERRUPT in"
"307","0.269152","1.2.1","host","USB","40","URB_INTERRUPT in"
"308","0.269168","host","1.2.1","USB","27","URB_INTERRUPT in"
"309","0.270151","1.2.1","host","USB","40","URB_INTERRUPT in"
"310","0.270167","host","1.2.1","USB","27","URB_INTERRUPT in"
"311","0.271151","1.2.1","host","USB","40","URB_INTERRUPT in"
"312","0.271168","host","1.2.1","USB","27","URB_INTERRUPT in"
"313","0.272156","1.2.1","host","USB","40","URB_INTERRUPT in"
"314","0.272176","host","1.2.1","USB","27","URB_INTERRUPT in"
"315","0.273152","1.2.1","host","USB","40","URB_INTERRUPT in"
"316","0.273169","host","1.2.1","USB","27","URB_INTERRUPT in"
"317","0.274153","1.2.1","host","USB","40","URB_INTERRUPT in"
"318","0.274170","host","1.2.1","USB","27","URB_INTERRUPT in"
"319","0.275151","1.2.1","host","USB","40","URB_INTERRUPT in"
"320","0.275167","host","1.2.1","USB","27","URB_INTERRUPT in"
"321","0.276152","1.2.1","host","USB","40","URB_INTERRUPT in"
"322","0.276171","host","1.2.1","USB","27","URB_INTERRUPT in"
"323","0.277152","1.2.1","host","USB","40","URB_INTERRUPT in"
"324","0.277167","host","1.2.1","USB","27","URB_INTERRUPT in"
"325","0.278151","1.2.1","host","USB","40","URB_INTERRUPT in"
"326","0.278166","host","1.2.1","USB","27","URB_INTERRUPT in"
"327","0.279150","1.2.1","host","USB","40","URB_INTERRUPT in"
"328","0.279166","host","1.2.1","USB","27","URB_INTERRUPT in"
"329","0.280155","1.2.1","host","USB","40","URB_INTERRUPT in"
"330","0.280181","host","1.2.1","USB","27","URB_INTERRUPT in"
"332","0.281152","1.2.1","host","USB","40","URB_INTERRUPT in"
"333","0.281173","host","1.2.1","USB","27","URB_INTERRUPT in"
"334","0.282152","1.2.1","host","USB","40","URB_INTERRUPT in"
"335","0.282167","host","1.2.1","USB","27","URB_INTERRUPT in"
"337","0.283151","1.2.1","host","USB","40","URB_INTERRUPT in"
"338","0.283165","host","1.2.1","USB","27","URB_INTERRUPT in"
"339","0.284153","1.2.1","host","USB","40","URB_INTERRUPT in"
"340","0.284171","host","1.2.1","USB","27","URB_INTERRUPT in"
"341","0.285153","1.2.1","host","USB","40","URB_INTERRUPT in"
"342","0.285170","host","1.2.1","USB","27","URB_INTERRUPT in"
"343","0.286151","1.2.1","host","USB","40","URB_INTERRUPT in"
"344","0.286166","host","1.2.1","USB","27","URB_INTERRUPT in"
"345","0.287152","1.2.1","host","USB","40","URB_INTERRUPT in"
"346","0.287168","host","1.2.1","USB","27","URB_INTERRUPT in"
"347","0.288155","1.2.1","host","USB","40","URB_INTERRUPT in"
"348","0.288171","host","1.2.1","USB","27","URB_INTERRUPT in"
"349","0.289154","1.2.1","host","USB","40","URB_INTERRUPT in"
"350","0.289171","host","1.2.1","USB","27","URB_INTERRUPT in"
"351","0.290153","1.2.1","host","USB","40","URB_INTERRUPT in"
"352","0.290170","host","1.2.1","USB","27","URB_INTERRUPT in"
"353","0.291152","1.2.1","host","USB","40","URB_INTERRUPT in"
"354","0.291168","host","1.2.1","USB","27","URB_INTERRUPT in"
"355","0.292155","1.2.1","host","USB","40","URB_INTERRUPT in"
"356","0.292176","host","1.2.1","USB","27","URB_INTERRUPT in"
"357","0.293152","1.2.1","host","USB","40","URB_INTERRUPT in"
"358","0.293170","host","1.2.1","USB","27","URB_INTERRUPT in"
"359","0.294151","1.2.1","host","USB","40","URB_INTERRUPT in"
"360","0.294166","host","1.2.1","USB","27","URB_INTERRUPT in"
"361","0.295150","1.2.1","host","USB","40","URB_INTERRUPT in"
"362","0.295165","host","1.2.1","USB","27","URB_INTERRUPT in"
"363","0.296151","1.2.1","host","USB","40","URB_INTERRUPT in"
"364","0.296165","host","1.2.1","USB","27","URB_INTERRUPT in"
"365","0.297158","1.2.1","host","USB","40","URB_INTERRUPT in"
"366","0.297185","host","1.2.1","USB","27","URB_INTERRUPT in"
"367","0.298158","1.2.1","host","USB","40","URB_INTERRUPT in"
"368","0.298186","host","1.2.1","USB","27","URB_INTERRUPT in"
"369","0.299154","1.2.1","host","USB","40","URB_INTERRUPT in"
"370","0.299177","host","1.2.1","USB","27","URB_INTERRUPT in"
"371","0.300155","1.2.1","host","USB","40","URB_INTERRUPT in"
"372","0.300180","host","1.2.1","USB","27","URB_INTERRUPT in"
"373","0.301156","1.2.1","host","USB","40","URB_INTERRUPT in"
"374","0.301177","host","1.2.1","USB","27","URB_INTERRUPT in"
"375","0.302153","1.2.1","host","USB","40","URB_INTERRUPT in"
"376","0.302177","host","1.2.1","USB","27","URB_INTERRUPT in"
"377","0.303154","1.2.1","host","USB","40","URB_INTERRUPT in"
"378","0.303177","host","1.2.1","USB","27","URB_INTERRUPT in"
"379","0.304154","1.2.1","host","USB","40","URB_INTERRUPT in"
"380","0.304173","host","1.2.1","USB","27","URB_INTERRUPT in"
"381","0.305154","1.2.1","host","USB","40","URB_INTERRUPT in"
"382","0.305175","host","1.2.1","USB","27","URB_INTERRUPT in"
"383","0.306155","1.2.1","host","USB","40","URB_INTERRUPT in"
"384","0.306177","host","1.2.1","USB","27","URB_INTERRUPT in"
"385","0.307158","1.2.1","host","USB","40","URB_INTERRUPT in"
"386","0.307190","host","1.2.1","USB","27","URB_INTERRUPT in"
"387","0.308154","1.2.1","host","USB","40","URB_INTERRUPT in"
"388","0.308176","host","1.2.1","USB","27","URB_INTERRUPT in"
"389","0.309157","1.2.1","host","USB","40","URB_INTERRUPT in"
"390","0.309179","host","1.2.1","USB","27","URB_INTERRUPT in"
"391","0.310155","1.2.1","host","USB","40","URB_INTERRUPT in"
"392","0.310174","host","1.2.1","USB","27","URB_INTERRUPT in"
"393","0.311155","1.2.1","host","USB","40","URB_INTERRUPT in"
"394","0.311177","host","1.2.1","USB","27","URB_INTERRUPT in"
"395","0.312156","1.2.1","host","USB","40","URB_INTERRUPT in"
"396","0.312178","host","1.2.1","USB","27","URB_INTERRUPT in"
"397","0.313158","1.2.1","host","USB","40","URB_INTERRUPT in"
"398","0.313183","host","1.2.1","USB","27","URB_INTERRUPT in"
"399","0.314156","1.2.1","host","USB","40","URB_INTERRUPT in"
"400","0.314178","host","1.2.1","USB","27","URB_INTERRUPT in"
"401","0.316179","1.2.1","host","USB","40","URB_INTERRUPT in"
"402","0.316197","host","1.2.1","USB","27","URB_INTERRUPT in"
"403","0.317153","1.2.1","host","USB","40","URB_INTERRUPT in"
"404","0.317171","host","1.2.1","USB","27","URB_INTERRUPT in"
"405","0.318177","1.2.1","host","USB","40","URB_INTERRUPT in"
"406","0.318193","host","1.2.1","USB","27","URB_INTERRUPT in"
"407","0.319177","1.2.1","host","USB","40","URB_INTERRUPT in"
"408","0.319193","host","1.2.1","USB","27","URB_INTERRUPT in"
"409","0.320151","1.2.1","host","USB","40","URB_INTERRUPT in"
"410","0.320165","host","1.2.1","USB","27","URB_INTERRUPT in"
"411","0.321151","1.2.1","host","USB","40","URB_INTERRUPT in"
"412","0.321166","host","1.2.1","USB","27","URB_INTERRUPT in"
"413","0.322153","1.2.1","host","USB","40","URB_INTERRUPT in"
"414","0.322170","host","1.2.1","USB","27","URB_INTERRUPT in"
"415","0.323151","1.2.1","host","USB","40","URB_INTERRUPT in"
"416","0.323167","host","1.2.1","USB","27","URB_INTERRUPT in"
"417","0.325150","1.2.1","host","USB","40","URB_INTERRUPT in"
"418","0.325167","host","1.2.1","USB","27","URB_INTERRUPT in"
"419","0.326153","1.2.1","host","USB","40","URB_INTERRUPT in"
"420","0.326171","host","1.2.1","USB","27","URB_INTERRUPT in"
"421","0.327151","1.2.1","host","USB","40","URB_INTERRUPT in"
"422","0.327166","host","1.2.1","USB","27","URB_INTERRUPT in"
"423","0.328151","1.2.1","host","USB","40","URB_INTERRUPT in"
"424","0.328167","host","1.2.1","USB","27","URB_INTERRUPT in"
"425","0.329150","1.2.1","host","USB","40","URB_INTERRUPT in"
"426","0.329165","host","1.2.1","USB","27","URB_INTERRUPT in"
"427","0.330155","1.2.1","host","USB","40","URB_INTERRUPT in"
"428","0.330172","host","1.2.1","USB","27","URB_INTERRUPT in"
"429","0.331152","1.2.1","host","USB","40","URB_INTERRUPT in"
"430","0.331167","host","1.2.1","USB","27","URB_INTERRUPT in"
"431","0.332151","1.2.1","host","USB","40","URB_INTERRUPT in"
"432","0.332165","host","1.2.1","USB","27","URB_INTERRUPT in"
"433","0.333152","1.2.1","host","USB","40","URB_INTERRUPT in"
"434","0.333168","host","1.2.1","USB","27","URB_INTERRUPT in"
"435","0.334156","1.2.1","host","USB","40","URB_INTERRUPT in"
"436","0.334178","host","1.2.1","USB","27","URB_INTERRUPT in"
"437","0.335152","1.2.1","host","USB","40","URB_INTERRUPT in"
"438","0.335169","host","1.2.1","USB","27","URB_INTERRUPT in"
"439","0.336152","1.2.1","host","USB","40","URB_INTERRUPT in"
"440","0.336168","host","1.2.1","USB","27","URB_INTERRUPT in"
"441","0.337150","1.2.1","host","USB","40","URB_INTERRUPT in"
"442","0.337164","host","1.2.1","USB","27","URB_INTERRUPT in"
"443","0.338153","1.2.1","host","USB","40","URB_INTERRUPT in"
"444","0.338172","host","1.2.1","USB","27","URB_INTERRUPT in"
"445","0.340153","1.2.1","host","USB","40","URB_INTERRUPT in"
"446","0.340169","host","1.2.1","USB","27","URB_INTERRUPT in"
"447","0.341150","1.2.1","host","USB","40","URB_INTERRUPT in"
"448","0.341165","host","1.2.1","USB","27","URB_INTERRUPT in"
"449","0.342153","1.2.1","host","USB","40","URB_INTERRUPT in"
"450","0.342170","host","1.2.1","USB","27","URB_INTERRUPT in"
"451","0.343153","1.2.1","host","USB","40","URB_INTERRUPT in"
"452","0.343169","host","1.2.1","USB","27","URB_INTERRUPT in"
"453","0.344150","1.2.1","host","USB","40","URB_INTERRUPT in"
"454","0.344165","host","1.2.1","USB","27","URB_INTERRUPT in"
"456","0.345150","1.2.1","host","USB","40","URB_INTERRUPT in"
"457","0.345155","host","1.2.1","USB","27","URB_INTERRUPT in"
"458","0.346151","1.2.1","host","USB","40","URB_INTERRUPT in"
"459","0.346168","host","1.2.1","USB","27","URB_INTERRUPT in"
"461","0.347152","1.2.1","host","USB","40","URB_INTERRUPT in"
"462","0.347171","host","1.2.1","USB","27","URB_INTERRUPT in"
"463","0.348151","1.2.1","host","USB","40","URB_INTERRUPT in"
"464","0.348167","host","1.2.1","USB","27","URB_INTERRUPT in"
"465","0.349150","1.2.1","host","USB","40","URB_INTERRUPT in"
"466","0.349166","host","1.2.1","USB","27","URB_INTERRUPT in"
"467","0.350151","1.2.1","host","USB","40","URB_INTERRUPT in"
"468","0.350169","host","1.2.1","USB","27","URB_INTERRUPT in"
"469","0.351153","1.2.1","host","USB","40","URB_INTERRUPT in"
"470","0.351170","host","1.2.1","USB","27","URB_INTERRUPT in"
"471","0.352151","1.2.1","host","USB","40","URB_INTERRUPT in"
"472","0.352166","host","1.2.1","USB","27","URB_INTERRUPT in"
"473","0.353152","1.2.1","host","USB","40","URB_INTERRUPT in"
"474","0.353168","host","1.2.1","USB","27","URB_INTERRUPT in"
"475","0.354151","1.2.1","host","USB","40","URB_INTERRUPT in"
"476","0.354165","host","1.2.1","USB","27","URB_INTERRUPT in"
"477","0.355156","1.2.1","host","USB","40","URB_INTERRUPT in"
"478","0.355179","host","1.2.1","USB","27","URB_INTERRUPT in"
"479","0.356155","1.2.1","host","USB","40","URB_INTERRUPT in"
"480","0.356177","host","1.2.1","USB","27","URB_INTERRUPT in"
"481","0.357154","1.2.1","host","USB","40","URB_INTERRUPT in"
"482","0.357174","host","1.2.1","USB","27","URB_INTERRUPT in"
"483","0.358152","1.2.1","host","USB","40","URB_INTERRUPT in"
"484","0.358170","host","1.2.1","USB","27","URB_INTERRUPT in"
"485","0.359152","1.2.1","host","USB","40","URB_INTERRUPT in"
"486","0.359176","host","1.2.1","USB","27","URB_INTERRUPT in"
"487","0.360153","1.2.1","host","USB","40","URB_INTERRUPT in"
"488","0.360173","host","1.2.1","USB","27","URB_INTERRUPT in"
"489","0.361153","1.2.1","host","USB","40","URB_INTERRUPT in"
"490","0.361171","host","1.2.1","USB","27","URB_INTERRUPT in"
"491","0.362153","1.2.1","host","USB","40","URB_INTERRUPT in"
"492","0.362172","host","1.2.1","USB","27","URB_INTERRUPT in"
"493","0.363155","1.2.1","host","USB","40","URB_INTERRUPT in"
"494","0.363181","host","1.2.1","USB","27","URB_INTERRUPT in"
"495","0.364156","1.2.1","host","USB","40","URB_INTERRUPT in"
"496","0.364182","host","1.2.1","USB","27","URB_INTERRUPT in"
"497","0.366154","1.2.1","host","USB","40","URB_INTERRUPT in"
"498","0.366174","host","1.2.1","USB","27","URB_INTERRUPT in"
"499","0.367155","1.2.1","host","USB","40","URB_INTERRUPT in"
"500","0.367178","host","1.2.1","USB","27","URB_INTERRUPT in"
"501","0.369156","1.2.1","host","USB","40","URB_INTERRUPT in"
"502","0.369178","host","1.2.1","USB","27","URB_INTERRUPT in"
"503","0.370153","1.2.1","host","USB","40","URB_INTERRUPT in"
"504","0.370172","host","1.2.1","USB","27","URB_INTERRUPT in"
"505","0.371153","1.2.1","host","USB","40","URB_INTERRUPT in"
"506","0.371170","host","1.2.1","USB","27","URB_INTERRUPT in"
"507","0.372156","1.2.1","host","USB","40","URB_INTERRUPT in"
"508","0.372179","host","1.2.1","USB","27","URB_INTERRUPT in"
"509","0.374182","1.2.1","host","USB","40","URB_INTERRUPT in"
"510","0.374204","host","1.2.1","USB","27","URB_INTERRUPT in"
"511","0.375177","1.2.1","host","USB","40","URB_INTERRUPT in"
"512","0.375195","host","1.2.1","USB","27","URB_INTERRUPT in"
"513","0.376178","1.2.1","host","USB","40","URB_INTERRUPT in"
"514","0.376196","host","1.2.1","USB","27","URB_INTERRUPT in"
"515","0.378180","1.2.1","host","USB","40","URB_INTERRUPT in"
"516","0.378197","host","1.2.1","USB","27","URB_INTERRUPT in"
"518","0.380157","1.2.1","host","USB","40","URB_INTERRUPT in"
"519","0.380182","host","1.2.1","USB","27","URB_INTERRUPT in"
"521","0.382150","1.2.1","host","USB","40","URB_INTERRUPT in"
"522","0.382169","host","1.2.1","USB","27","URB_INTERRUPT in"
"523","0.383152","1.2.1","host","USB","40","URB_INTERRUPT in"
"524","0.383168","host","1.2.1","USB","27","URB_INTERRUPT in"
"525","0.384153","1.2.1","host","USB","40","URB_INTERRUPT in"
"526","0.384172","host","1.2.1","USB","27","URB_INTERRUPT in"
"527","0.385151","1.2.1","host","USB","40","URB_INTERRUPT in"
"528","0.385169","host","1.2.1","USB","27","URB_INTERRUPT in"
"529","0.386151","1.2.1","host","USB","40","URB_INTERRUPT in"
"530","0.386167","host","1.2.1","USB","27","URB_INTERRUPT in"
"531","0.387151","1.2.1","host","USB","40","URB_INTERRUPT in"
"532","0.387168","host","1.2.1","USB","27","URB_INTERRUPT in"
"533","0.389153","1.2.1","host","USB","40","URB_INTERRUPT in"
"534","0.389172","host","1.2.1","USB","27","URB_INTERRUPT in"
"535","0.390152","1.2.1","host","USB","40","URB_INTERRUPT in"
"536","0.390170","host","1.2.1","USB","27","URB_INTERRUPT in"
"537","0.391151","1.2.1","host","USB","40","URB_INTERRUPT in"
"538","0.391166","host","1.2.1","USB","27","URB_INTERRUPT in"
"539","0.392154","1.2.1","host","USB","40","URB_INTERRUPT in"
"540","0.392173","host","1.2.1","USB","27","URB_INTERRUPT in"
"541","0.393152","1.2.1","host","USB","40","URB_INTERRUPT in"
"542","0.393169","host","1.2.1","USB","27","URB_INTERRUPT in"
"543","0.394152","1.2.1","host","USB","40","URB_INTERRUPT in"
"544","0.394167","host","1.2.1","USB","27","URB_INTERRUPT in"
"545","0.396152","1.2.1","host","USB","40","URB_INTERRUPT in"
"546","0.396172","host","1.2.1","USB","27","URB_INTERRUPT in"
"547","0.397153","1.2.1","host","USB","40","URB_INTERRUPT in"
"548","0.397170","host","1.2.1","USB","27","URB_INTERRUPT in"
"549","0.398151","1.2.1","host","USB","40","URB_INTERRUPT in"
"550","0.398166","host","1.2.1","USB","27","URB_INTERRUPT in"
"551","0.400151","1.2.1","host","USB","40","URB_INTERRUPT in"
"552","0.400167","host","1.2.1","USB","27","URB_INTERRUPT in"
"553","0.401153","1.2.1","host","USB","40","URB_INTERRUPT in"
"554","0.401172","host","1.2.1","USB","27","URB_INTERRUPT in"
"555","0.402152","1.2.1","host","USB","40","URB_INTERRUPT in"
"556","0.402170","host","1.2.1","USB","27","URB_INTERRUPT in"
"557","0.404153","1.2.1","host","USB","40","URB_INTERRUPT in"
"558","0.404172","host","1.2.1","USB","27","URB_INTERRUPT in"
"559","0.405153","1.2.1","host","USB","40","URB_INTERRUPT in"
"560","0.405171","host","1.2.1","USB","27","URB_INTERRUPT in"
"561","0.406152","1.2.1","host","USB","40","URB_INTERRUPT in"
"562","0.406168","host","1.2.1","USB","27","URB_INTERRUPT in"
"563","0.408151","1.2.1","host","USB","40","URB_INTERRUPT in"
"564","0.408166","host","1.2.1","USB","27","URB_INTERRUPT in"
"565","0.409153","1.2.1","host","USB","40","URB_INTERRUPT in"
"566","0.409172","host","1.2.1","USB","27","URB_INTERRUPT in"
"567","0.410154","1.2.1","host","USB","40","URB_INTERRUPT in"
"568","0.410174","host","1.2.1","USB","27","URB_INTERRUPT in"
"569","0.412153","1.2.1","host","USB","40","URB_INTERRUPT in"
"570","0.412172","host","1.2.1","USB","27","URB_INTERRUPT in"
"571","0.413152","1.2.1","host","USB","40","URB_INTERRUPT in"
"572","0.413171","host","1.2.1","USB","27","URB_INTERRUPT in"
"573","0.415152","1.2.1","host","USB","40","URB_INTERRUPT in"
"574","0.415169","host","1.2.1","USB","27","URB_INTERRUPT in"
"575","0.417155","1.2.1","host","USB","40","URB_INTERRUPT in"
"576","0.417180","host","1.2.1","USB","27","URB_INTERRUPT in"
"577","0.419155","1.2.1","host","USB","40","URB_INTERRUPT in"
"578","0.419180","host","1.2.1","USB","27","URB_INTERRUPT in"
"579","0.420151","1.2.1","host","USB","40","URB_INTERRUPT in"
"580","0.420167","host","1.2.1","USB","27","URB_INTERRUPT in"
"581","0.421151","1.2.1","host","USB","40","URB_INTERRUPT in"
"582","0.421168","host","1.2.1","USB","27","URB_INTERRUPT in"
"583","0.422154","1.2.1","host","USB","40","URB_INTERRUPT in"
"584","0.422172","host","1.2.1","USB","27","URB_INTERRUPT in"
"585","0.424152","1.2.1","host","USB","40","URB_INTERRUPT in"
"586","0.424168","host","1.2.1","USB","27","URB_INTERRUPT in"
"587","0.426154","1.2.1","host","USB","40","URB_INTERRUPT in"
"588","0.426174","host","1.2.1","USB","27","URB_INTERRUPT in"
"589","0.428150","1.2.1","host","USB","40","URB_INTERRUPT in"
"590","0.428165","host","1.2.1","USB","27","URB_INTERRUPT in"
"591","0.429150","1.2.1","host","USB","40","URB_INTERRUPT in"
"592","0.429165","host","1.2.1","USB","27","URB_INTERRUPT in"
"593","0.431155","1.2.1","host","USB","40","URB_INTERRUPT in"
"594","0.431177","host","1.2.1","USB","27","URB_INTERRUPT in"
"595","0.432151","1.2.1","host","USB","40","URB_INTERRUPT in"
"596","0.432168","host","1.2.1","USB","27","URB_INTERRUPT in"
"597","0.433150","1.2.1","host","USB","40","URB_INTERRUPT in"
"598","0.433165","host","1.2.1","USB","27","URB_INTERRUPT in"
"599","0.435156","1.2.1","host","USB","40","URB_INTERRUPT in"
"600","0.435184","host","1.2.1","USB","27","URB_INTERRUPT in"
"601","0.436151","1.2.1","host","USB","40","URB_INTERRUPT in"
"602","0.436175","host","1.2.1","USB","27","URB_INTERRUPT in"
"603","0.437150","1.2.1","host","USB","40","URB_INTERRUPT in"
"604","0.437165","host","1.2.1","USB","27","URB_INTERRUPT in"
"605","0.439155","1.2.1","host","USB","40","URB_INTERRUPT in"
"606","0.439177","host","1.2.1","USB","27","URB_INTERRUPT in"
"607","0.440152","1.2.1","host","USB","40","URB_INTERRUPT in"
"608","0.440170","host","1.2.1","USB","27","URB_INTERRUPT in"
"609","0.441151","1.2.1","host","USB","40","URB_INTERRUPT in"
"610","0.441169","host","1.2.1","USB","27","URB_INTERRUPT in"
"611","0.442153","1.2.1","host","USB","40","URB_INTERRUPT in"
"612","0.442172","host","1.2.1","USB","27","URB_INTERRUPT in"
"613","0.444155","1.2.1","host","USB","40","URB_INTERRUPT in"
"614","0.444181","host","1.2.1","USB","27","URB_INTERRUPT in"
"616","0.446152","1.2.1","host","USB","40","URB_INTERRUPT in"
"617","0.446169","host","1.2.1","USB","27","URB_INTERRUPT in"
"619","0.448151","1.2.1","host","USB","40","URB_INTERRUPT in"
"620","0.448170","host","1.2.1","USB","27","URB_INTERRUPT in"
"621","0.450152","1.2.1","host","USB","40","URB_INTERRUPT in"
"622","0.450169","host","1.2.1","USB","27","URB_INTERRUPT in"
"623","0.451154","1.2.1","host","USB","40","URB_INTERRUPT in"
"624","0.451174","host","1.2.1","USB","27","URB_INTERRUPT in"
"625","0.452151","1.2.1","host","USB","40","URB_INTERRUPT in"
"626","0.452169","host","1.2.1","USB","27","URB_INTERRUPT in"
"627","0.454152","1.2.1","host","USB","40","URB_INTERRUPT in"
"628","0.454169","host","1.2.1","USB","27","URB_INTERRUPT in"
"629","0.455153","1.2.1","host","USB","40","URB_INTERRUPT in"
"630","0.455172","host","1.2.1","USB","27","URB_INTERRUPT in"
"631","0.457151","1.2.1","host","USB","40","URB_INTERRUPT in"
"632","0.457169","host","1.2.1","USB","27","URB_INTERRUPT in"
"633","0.458151","1.2.1","host","USB","40","URB_INTERRUPT in"
"634","0.458167","host","1.2.1","USB","27","URB_INTERRUPT in"
"635","0.459152","1.2.1","host","USB","40","URB_INTERRUPT in"
"636","0.459171","host","1.2.1","USB","27","URB_INTERRUPT in"
"637","0.461154","1.2.1","host","USB","40","URB_INTERRUPT in"
"638","0.461176","host","1.2.1","USB","27","URB_INTERRUPT in"
"639","0.463159","1.2.1","host","USB","40","URB_INTERRUPT in"
"640","0.463192","host","1.2.1","USB","27","URB_INTERRUPT in"
"641","0.464155","1.2.1","host","USB","40","URB_INTERRUPT in"
"642","0.464177","host","1.2.1","USB","27","URB_INTERRUPT in"
"643","0.465152","1.2.1","host","USB","40","URB_INTERRUPT in"
"644","0.465169","host","1.2.1","USB","27","URB_INTERRUPT in"
"645","0.466151","1.2.1","host","USB","40","URB_INTERRUPT in"
"646","0.466167","host","1.2.1","USB","27","URB_INTERRUPT in"
"647","0.468155","1.2.1","host","USB","40","URB_INTERRUPT in"
"648","0.468178","host","1.2.1","USB","27","URB_INTERRUPT in"
"649","0.470154","1.2.1","host","USB","40","URB_INTERRUPT in"
"650","0.470176","host","1.2.1","USB","27","URB_INTERRUPT in"
"651","0.471153","1.2.1","host","USB","40","URB_INTERRUPT in"
"652","0.471172","host","1.2.1","USB","27","URB_INTERRUPT in"
"653","0.473156","1.2.1","host","USB","40","URB_INTERRUPT in"
"654","0.473180","host","1.2.1","USB","27","URB_INTERRUPT in"
"655","0.475152","1.2.1","host","USB","40","URB_INTERRUPT in"
"656","0.475171","host","1.2.1","USB","27","URB_INTERRUPT in"
"657","0.477156","1.2.1","host","USB","40","URB_INTERRUPT in"
"658","0.477179","host","1.2.1","USB","27","URB_INTERRUPT in"
"659","0.478152","1.2.1","host","USB","40","URB_INTERRUPT in"
"660","0.478170","host","1.2.1","USB","27","URB_INTERRUPT in"
"661","0.480155","1.2.1","host","USB","40","URB_INTERRUPT in"
"662","0.480180","host","1.2.1","USB","27","URB_INTERRUPT in"
"663","0.482152","1.2.1","host","USB","40","URB_INTERRUPT in"
"664","0.482172","host","1.2.1","USB","27","URB_INTERRUPT in"
"665","0.484155","1.2.1","host","USB","40","URB_INTERRUPT in"
"666","0.484189","host","1.2.1","USB","27","URB_INTERRUPT in"
"667","0.486155","1.2.1","host","USB","40","URB_INTERRUPT in"
"668","0.486179","host","1.2.1","USB","27","URB_INTERRUPT in"
"669","0.488157","1.2.1","host","USB","40","URB_INTERRUPT in"
"670","0.488186","host","1.2.1","USB","27","URB_INTERRUPT in"
"671","0.490155","1.2.1","host","USB","40","URB_INTERRUPT in"
"672","0.490176","host","1.2.1","USB","27","URB_INTERRUPT in"
"673","0.492155","1.2.1","host","USB","40","URB_INTERRUPT in"
"674","0.492180","host","1.2.1","USB","27","URB_INTERRUPT in"
"675","0.494155","1.2.1","host","USB","40","URB_INTERRUPT in"
"676","0.494179","host","1.2.1","USB","27","URB_INTERRUPT in"
"677","0.496152","1.2.1","host","USB","40","URB_INTERRUPT in"
"678","0.496170","host","1.2.1","USB","27","URB_INTERRUPT in"
"679","0.497155","1.2.1","host","USB","40","URB_INTERRUPT in"
"680","0.497177","host","1.2.1","USB","27","URB_INTERRUPT in"
"681","0.498153","1.2.1","host","USB","40","URB_INTERRUPT in"
"682","0.498170","host","1.2.1","USB","27","URB_INTERRUPT in"
"683","0.500153","1.2.1","host","USB","40","URB_INTERRUPT in"
"684","0.500174","host","1.2.1","USB","27","URB_INTERRUPT in"
"685","0.501155","1.2.1","host","USB","40","URB_INTERRUPT in"
"686","0.501176","host","1.2.1","USB","27","URB_INTERRUPT in"
"687","0.503153","1.2.1","host","USB","40","URB_INTERRUPT in"
"688","0.503170","host","1.2.1","USB","27","URB_INTERRUPT in"
"689","0.504151","1.2.1","host","USB","40","URB_INTERRUPT in"
"690","0.504167","host","1.2.1","USB","27","URB_INTERRUPT in"
"691","0.505153","1.2.1","host","USB","40","URB_INTERRUPT in"
"692","0.505171","host","1.2.1","USB","27","URB_INTERRUPT in"
"693","0.506151","1.2.1","host","USB","40","URB_INTERRUPT in"
"694","0.506167","host","1.2.1","USB","27","URB_INTERRUPT in"
"695","0.508152","1.2.1","host","USB","40","URB_INTERRUPT in"
"696","0.508169","host","1.2.1","USB","27","URB_INTERRUPT in"
"697","0.509154","1.2.1","host","USB","40","URB_INTERRUPT in"
"698","0.509179","host","1.2.1","USB","27","URB_INTERRUPT in"
"699","0.510151","1.2.1","host","USB","40","URB_INTERRUPT in"
"700","0.510167","host","1.2.1","USB","27","URB_INTERRUPT in"
"702","0.511150","1.2.1","host","USB","40","URB_INTERRUPT in"
"703","0.511166","host","1.2.1","USB","27","URB_INTERRUPT in"
"705","0.512149","1.2.1","host","USB","40","URB_INTERRUPT in"
"706","0.512165","host","1.2.1","USB","27","URB_INTERRUPT in"
"707","0.513151","1.2.1","host","USB","40","URB_INTERRUPT in"
"708","0.513168","host","1.2.1","USB","27","URB_INTERRUPT in"
"709","0.514152","1.2.1","host","USB","40","URB_INTERRUPT in"
"710","0.514170","host","1.2.1","USB","27","URB_INTERRUPT in"
"711","0.516151","1.2.1","host","USB","40","URB_INTERRUPT in"
"712","0.516167","host","1.2.1","USB","27","URB_INTERRUPT in"
"713","0.517153","1.2.1","host","USB","40","URB_INTERRUPT in"
"714","0.517171","host","1.2.1","USB","27","URB_INTERRUPT in"
"715","0.518157","1.2.1","host","USB","40","URB_INTERRUPT in"
"716","0.518185","host","1.2.1","USB","27","URB_INTERRUPT in"
"717","0.519154","1.2.1","host","USB","40","URB_INTERRUPT in"
"718","0.519173","host","1.2.1","USB","27","URB_INTERRUPT in"
"719","0.520151","1.2.1","host","USB","40","URB_INTERRUPT in"
"720","0.520168","host","1.2.1","USB","27","URB_INTERRUPT in"
"721","0.522156","1.2.1","host","USB","40","URB_INTERRUPT in"
"722","0.522179","host","1.2.1","USB","27","URB_INTERRUPT in"
"723","0.523151","1.2.1","host","USB","40","URB_INTERRUPT in"
"724","0.523169","host","1.2.1","USB","27","URB_INTERRUPT in"
"725","0.524151","1.2.1","host","USB","40","URB_INTERRUPT in"
"726","0.524167","host","1.2.1","USB","27","URB_INTERRUPT in"
"727","0.525150","1.2.1","host","USB","40","URB_INTERRUPT in"
"728","0.525165","host","1.2.1","USB","27","URB_INTERRUPT in"
"729","0.526152","1.2.1","host","USB","40","URB_INTERRUPT in"
"730","0.526171","host","1.2.1","USB","27","URB_INTERRUPT in"
"731","0.527151","1.2.1","host","USB","40","URB_INTERRUPT in"
"732","0.527168","host","1.2.1","USB","27","URB_INTERRUPT in"
"733","0.528151","1.2.1","host","USB","40","URB_INTERRUPT in"
"734","0.528166","host","1.2.1","USB","27","URB_INTERRUPT in"
"735","0.529150","1.2.1","host","USB","40","URB_INTERRUPT in"
"736","0.529165","host","1.2.1","USB","27","URB_INTERRUPT in"
"737","0.530152","1.2.1","host","USB","40","URB_INTERRUPT in"
"738","0.530169","host","1.2.1","USB","27","URB_INTERRUPT in"
"739","0.531150","1.2.1","host","USB","40","URB_INTERRUPT in"
"740","0.531165","host","1.2.1","USB","27","URB_INTERRUPT in"
"741","0.532150","1.2.1","host","USB","40","URB_INTERRUPT in"
"742","0.532165","host","1.2.1","USB","27","URB_INTERRUPT in"
"743","0.534152","1.2.1","host","USB","40","URB_INTERRUPT in"
"744","0.534174","host","1.2.1","USB","27","URB_INTERRUPT in"
"745","0.536151","1.2.1","host","USB","40","URB_INTERRUPT in"
"746","0.536169","host","1.2.1","USB","27","URB_INTERRUPT in"
"747","0.538152","1.2.1","host","USB","40","URB_INTERRUPT in"
"748","0.538169","host","1.2.1","USB","27","URB_INTERRUPT in"
"749","0.540154","1.2.1","host","USB","40","URB_INTERRUPT in"
"750","0.540173","host","1.2.1","USB","27","URB_INTERRUPT in"
"751","0.541158","1.2.1","host","USB","40","URB_INTERRUPT in"
"752","0.541183","host","1.2.1","USB","27","URB_INTERRUPT in"
"753","0.543158","1.2.1","host","USB","40","URB_INTERRUPT in"
"754","0.543181","host","1.2.1","USB","27","URB_INTERRUPT in"
"757","0.545171","1.2.1","host","USB","40","URB_INTERRUPT in"
"758","0.545187","host","1.2.1","USB","27","URB_INTERRUPT in"
"759","0.546155","1.2.1","host","USB","40","URB_INTERRUPT in"
"760","0.546181","host","1.2.1","USB","27","URB_INTERRUPT in"
"761","0.548158","1.2.1","host","USB","40","URB_INTERRUPT in"
"762","0.548186","host","1.2.1","USB","27","URB_INTERRUPT in"
"763","0.550157","1.2.1","host","USB","40","URB_INTERRUPT in"
"764","0.550179","host","1.2.1","USB","27","URB_INTERRUPT in"
"765","0.552155","1.2.1","host","USB","40","URB_INTERRUPT in"
"766","0.552176","host","1.2.1","USB","27","URB_INTERRUPT in"
"767","0.555154","1.2.1","host","USB","40","URB_INTERRUPT in"
"768","0.555174","host","1.2.1","USB","27","URB_INTERRUPT in"
"769","0.556153","1.2.1","host","USB","40","URB_INTERRUPT in"
"770","0.556172","host","1.2.1","USB","27","URB_INTERRUPT in"
"771","0.557150","1.2.1","host","USB","40","URB_INTERRUPT in"
"772","0.557166","host","1.2.1","USB","27","URB_INTERRUPT in"
"773","0.559153","1.2.1","host","USB","40","URB_INTERRUPT in"
"774","0.559174","host","1.2.1","USB","27","URB_INTERRUPT in"
"775","0.561153","1.2.1","host","USB","40","URB_INTERRUPT in"
"776","0.561173","host","1.2.1","USB","27","URB_INTERRUPT in"
"777","0.562153","1.2.1","host","USB","40","URB_INTERRUPT in"
"778","0.562171","host","1.2.1","USB","27","URB_INTERRUPT in"
"779","0.563153","1.2.1","host","USB","40","URB_INTERRUPT in"
"780","0.563172","host","1.2.1","USB","27","URB_INTERRUPT in"
"781","0.565156","1.2.1","host","USB","40","URB_INTERRUPT in"
"782","0.565179","host","1.2.1","USB","27","URB_INTERRUPT in"
"783","0.566152","1.2.1","host","USB","40","URB_INTERRUPT in"
"784","0.566170","host","1.2.1","USB","27","URB_INTERRUPT in"
"785","0.569159","1.2.1","host","USB","40","URB_INTERRUPT in"
"786","0.569188","host","1.2.1","USB","27","URB_INTERRUPT in"
"787","0.572158","1.2.1","host","USB","40","URB_INTERRUPT in"
"788","0.572185","host","1.2.1","USB","27","URB_INTERRUPT in"
"789","0.575157","1.2.1","host","USB","40","URB_INTERRUPT in"
"790","0.575183","host","1.2.1","USB","27","URB_INTERRUPT in"
"791","0.576155","1.2.1","host","USB","40","URB_INTERRUPT in"
"792","0.576177","host","1.2.1","USB","27","URB_INTERRUPT in"
"794","0.578152","1.2.1","host","USB","40","URB_INTERRUPT in"
"795","0.578170","host","1.2.1","USB","27","URB_INTERRUPT in"
"797","0.581156","1.2.1","host","USB","40","URB_INTERRUPT in"
"798","0.581180","host","1.2.1","USB","27","URB_INTERRUPT in"
"799","0.582152","1.2.1","host","USB","40","URB_INTERRUPT in"
"800","0.582169","host","1.2.1","USB","27","URB_INTERRUPT in"
"801","0.585157","1.2.1","host","USB","40","URB_INTERRUPT in"
"802","0.585179","host","1.2.1","USB","27","URB_INTERRUPT in"
"803","0.586151","1.2.1","host","USB","40","URB_INTERRUPT in"
"804","0.586168","host","1.2.1","USB","27","URB_INTERRUPT in"
"805","0.588154","1.2.1","host","USB","40","URB_INTERRUPT in"
"806","0.588179","host","1.2.1","USB","27","URB_INTERRUPT in"
"807","0.589154","1.2.1","host","USB","40","URB_INTERRUPT in"
"808","0.589175","host","1.2.1","USB","27","URB_INTERRUPT in"
"809","0.592181","1.2.1","host","USB","40","URB_INTERRUPT in"
"810","0.592205","host","1.2.1","USB","27","URB_INTERRUPT in"
"811","0.594153","1.2.1","host","USB","40","URB_INTERRUPT in"
"812","0.594173","host","1.2.1","USB","27","URB_INTERRUPT in"
"813","0.596152","1.2.1","host","USB","40","URB_INTERRUPT in"
"814","0.596170","host","1.2.1","USB","27","URB_INTERRUPT in"
"815","0.599156","1.2.1","host","USB","40","URB_INTERRUPT in"
"816","0.599182","host","1.2.1","USB","27","URB_INTERRUPT in"
"817","0.600152","1.2.1","host","USB","40","URB_INTERRUPT in"
"818","0.600170","host","1.2.1","USB","27","URB_INTERRUPT in"
"819","0.605158","1.2.1","host","USB","40","URB_INTERRUPT in"
"820","0.605189","host","1.2.1","USB","27","URB_INTERRUPT in"
"821","0.606155","1.2.1","host","USB","40","URB_INTERRUPT in"
"822","0.606177","host","1.2.1","USB","27","URB_INTERRUPT in"
"823","0.611156","1.2.1","host","USB","40","URB_INTERRUPT in"
"824","0.611181","host","1.2.1","USB","27","URB_INTERRUPT in"
"825","0.616158","1.2.1","host","USB","40","URB_INTERRUPT in"
"826","0.616186","host","1.2.1","USB","27","URB_INTERRUPT in"
"827","0.622156","1.2.1","host","USB","40","URB_INTERRUPT in"
"828","0.622181","host","1.2.1","USB","27","URB_INTERRUPT in"
"829","0.630156","1.2.1","host","USB","40","URB_INTERRUPT in"
"830","0.630182","host","1.2.1","USB","27","URB_INTERRUPT in"
"831","0.636155","1.2.1","host","USB","40","URB_INTERRUPT in"
"832","0.636179","host","1.2.1","USB","27","URB_INTERRUPT in"
"833","0.641154","1.2.1","host","USB","40","URB_INTERRUPT in"
"834","0.641179","host","1.2.1","USB","27","URB_INTERRUPT in"
"837","0.645150","1.2.1","host","USB","40","URB_INTERRUPT in"
"838","0.645172","host","1.2.1","USB","27","URB_INTERRUPT in"
"839","0.649155","1.2.1","host","USB","40","URB_INTERRUPT in"
"840","0.649180","host","1.2.1","USB","27","URB_INTERRUPT in"
"841","0.653153","1.2.1","host","USB","40","URB_INTERRUPT in"
"842","0.653175","host","1.2.1","USB","27","URB_INTERRUPT in"
"843","0.655153","1.2.1","host","USB","40","URB_INTERRUPT in"
"844","0.655173","host","1.2.1","USB","27","URB_INTERRUPT in"
"845","0.657152","1.2.1","host","USB","40","URB_INTERRUPT in"
"846","0.657170","host","1.2.1","USB","27","URB_INTERRUPT in"
"847","0.659153","1.2.1","host","USB","40","URB_INTERRUPT in"
"848","0.659173","host","1.2.1","USB","27","URB_INTERRUPT in"
"849","0.661151","1.2.1","host","USB","40","URB_INTERRUPT in"
"850","0.661169","host","1.2.1","USB","27","URB_INTERRUPT in"
"851","0.664153","1.2.1","host","USB","40","URB_INTERRUPT in"
"852","0.664174","host","1.2.1","USB","27","URB_INTERRUPT in"
"853","0.665151","1.2.1","host","USB","40","URB_INTERRUPT in"
"854","0.665167","host","1.2.1","USB","27","URB_INTERRUPT in"
"855","0.667181","1.2.1","host","USB","40","URB_INTERRUPT in"
"856","0.667203","host","1.2.1","USB","27","URB_INTERRUPT in"
"857","0.668151","1.2.1","host","USB","40","URB_INTERRUPT in"
"858","0.668169","host","1.2.1","USB","27","URB_INTERRUPT in"
"859","0.670151","1.2.1","host","USB","40","URB_INTERRUPT in"
"860","0.670169","host","1.2.1","USB","27","URB_INTERRUPT in"
"861","0.673153","1.2.1","host","USB","40","URB_INTERRUPT in"
"862","0.673174","host","1.2.1","USB","27","URB_INTERRUPT in"
"863","0.674151","1.2.1","host","USB","40","URB_INTERRUPT in"
"864","0.674167","host","1.2.1","USB","27","URB_INTERRUPT in"
"865","0.676153","1.2.1","host","USB","40","URB_INTERRUPT in"
"866","0.676174","host","1.2.1","USB","27","URB_INTERRUPT in"
"867","0.680154","1.2.1","host","USB","40","URB_INTERRUPT in"
"868","0.680178","host","1.2.1","USB","27","URB_INTERRUPT in"
"869","0.681152","1.2.1","host","USB","40","URB_INTERRUPT in"
"870","0.681170","host","1.2.1","USB","27","URB_INTERRUPT in"
"871","0.683151","1.2.1","host","USB","40","URB_INTERRUPT in"
"872","0.683169","host","1.2.1","USB","27","URB_INTERRUPT in"
"873","0.685158","1.2.1","host","USB","40","URB_INTERRUPT in"
"874","0.685185","host","1.2.1","USB","27","URB_INTERRUPT in"
"875","0.686155","1.2.1","host","USB","40","URB_INTERRUPT in"
"876","0.686177","host","1.2.1","USB","27","URB_INTERRUPT in"
"877","0.689158","1.2.1","host","USB","40","URB_INTERRUPT in"
"878","0.689186","host","1.2.1","USB","27","URB_INTERRUPT in"
"879","0.691159","1.2.1","host","USB","40","URB_INTERRUPT in"
"880","0.691185","host","1.2.1","USB","27","URB_INTERRUPT in"
"881","0.692193","1.2.1","host","USB","40","URB_INTERRUPT in"
"882","0.692217","host","1.2.1","USB","27","URB_INTERRUPT in"
"883","0.694157","1.2.1","host","USB","40","URB_INTERRUPT in"
"884","0.694185","host","1.2.1","USB","27","URB_INTERRUPT in"
"885","0.695155","1.2.1","host","USB","40","URB_INTERRUPT in"
"886","0.695179","host","1.2.1","USB","27","URB_INTERRUPT in"
"887","0.697156","1.2.1","host","USB","40","URB_INTERRUPT in"
"888","0.697182","host","1.2.1","USB","27","URB_INTERRUPT in"
"889","0.699154","1.2.1","host","USB","40","URB_INTERRUPT in"
"890","0.699175","host","1.2.1","USB","27","URB_INTERRUPT in"
"891","0.700152","1.2.1","host","USB","40","URB_INTERRUPT in"
"892","0.700171","host","1.2.1","USB","27","URB_INTERRUPT in"
"893","0.701152","1.2.1","host","USB","40","URB_INTERRUPT in"
"894","0.701175","host","1.2.1","USB","27","URB_INTERRUPT in"
"895","0.704153","1.2.1","host","USB","40","URB_INTERRUPT in"
"896","0.704175","host","1.2.1","USB","27","URB_INTERRUPT in"
"897","0.705152","1.2.1","host","USB","40","URB_INTERRUPT in"
"898","0.705171","host","1.2.1","USB","27","URB_INTERRUPT in"
"899","0.706166","1.2.1","host","USB","40","URB_INTERRUPT in"
"900","0.706182","host","1.2.1","USB","27","URB_INTERRUPT in"
"901","0.708155","1.2.1","host","USB","40","URB_INTERRUPT in"
"902","0.708181","host","1.2.1","USB","27","URB_INTERRUPT in"
"904","0.710153","1.2.1","host","USB","40","URB_INTERRUPT in"
"905","0.710176","host","1.2.1","USB","27","URB_INTERRUPT in"
"907","0.712156","1.2.1","host","USB","40","URB_INTERRUPT in"
"908","0.712188","host","1.2.1","USB","27","URB_INTERRUPT in"
"909","0.714157","1.2.1","host","USB","40","URB_INTERRUPT in"
"910","0.714191","host","1.2.1","USB","27","URB_INTERRUPT in"
"911","0.716157","1.2.1","host","USB","40","URB_INTERRUPT in"
"912","0.716186","host","1.2.1","USB","27","URB_INTERRUPT in"
"913","0.718154","1.2.1","host","USB","40","URB_INTERRUPT in"
"914","0.718178","host","1.2.1","USB","27","URB_INTERRUPT in"
"915","0.720152","1.2.1","host","USB","40","URB_INTERRUPT in"
"916","0.720172","host","1.2.1","USB","27","URB_INTERRUPT in"
"917","0.721150","1.2.1","host","USB","40","URB_INTERRUPT in"
"918","0.721167","host","1.2.1","USB","27","URB_INTERRUPT in"
"919","0.723154","1.2.1","host","USB","40","URB_INTERRUPT in"
"920","0.723178","host","1.2.1","USB","27","URB_INTERRUPT in"
"921","0.725161","1.2.1","host","USB","40","URB_INTERRUPT in"
"922","0.725205","host","1.2.1","USB","27","URB_INTERRUPT in"
"923","0.726156","1.2.1","host","USB","40","URB_INTERRUPT in"
"924","0.726178","host","1.2.1","USB","27","URB_INTERRUPT in"
"925","0.728152","1.2.1","host","USB","40","URB_INTERRUPT in"
"926","0.728171","host","1.2.1","USB","27","URB_INTERRUPT in"
"927","0.729151","1.2.1","host","USB","40","URB_INTERRUPT in"
"928","0.729168","host","1.2.1","USB","27","URB_INTERRUPT in"
"929","0.730151","1.2.1","host","USB","40","URB_INTERRUPT in"
"930","0.730169","host","1.2.1","USB","27","URB_INTERRUPT in"
"931","0.731150","1.2.1","host","USB","40","URB_INTERRUPT in"
"932","0.731169","host","1.2.1","USB","27","URB_INTERRUPT in"
"933","0.732150","1.2.1","host","USB","40","URB_INTERRUPT in"
"934","0.732166","host","1.2.1","USB","27","URB_INTERRUPT in"
"935","0.734152","1.2.1","host","USB","40","URB_INTERRUPT in"
"936","0.734174","host","1.2.1","USB","27","URB_INTERRUPT in"
"937","0.736153","1.2.1","host","USB","40","URB_INTERRUPT in"
"938","0.736174","host","1.2.1","USB","27","URB_INTERRUPT in"
"939","0.738152","1.2.1","host","USB","40","URB_INTERRUPT in"
"940","0.738173","host","1.2.1","USB","27","URB_INTERRUPT in"
"941","0.740154","1.2.1","host","USB","40","URB_INTERRUPT in"
"942","0.740174","host","1.2.1","USB","27","URB_INTERRUPT in"
"943","0.741152","1.2.1","host","USB","40","URB_INTERRUPT in"
"944","0.741170","host","1.2.1","USB","27","URB_INTERRUPT in"
"945","0.742167","1.2.1","host","USB","40","URB_INTERRUPT in"
"946","0.742191","host","1.2.1","USB","27","URB_INTERRUPT in"
"947","0.743169","1.2.1","host","USB","40","URB_INTERRUPT in"
"948","0.743188","host","1.2.1","USB","27","URB_INTERRUPT in"
"949","0.745150","1.2.1","host","USB","40","URB_INTERRUPT in"
"950","0.745171","host","1.2.1","USB","27","URB_INTERRUPT in"
"951","0.746151","1.2.1","host","USB","40","URB_INTERRUPT in"
"952","0.746169","host","1.2.1","USB","27","URB_INTERRUPT in"
"953","0.748152","1.2.1","host","USB","40","URB_INTERRUPT in"
"954","0.748173","host","1.2.1","USB","27","URB_INTERRUPT in"
"955","0.749151","1.2.1","host","USB","40","URB_INTERRUPT in"
"956","0.749168","host","1.2.1","USB","27","URB_INTERRUPT in"
"957","0.750151","1.2.1","host","USB","40","URB_INTERRUPT in"
"958","0.750168","host","1.2.1","USB","27","URB_INTERRUPT in"
"959","0.751150","1.2.1","host","USB","40","URB_INTERRUPT in"
"960","0.751168","host","1.2.1","USB","27","URB_INTERRUPT in"
"961","0.752150","1.2.1","host","USB","40","URB_INTERRUPT in"
"962","0.752167","host","1.2.1","USB","27","URB_INTERRUPT in"
"963","0.754151","1.2.1","host","USB","40","URB_INTERRUPT in"
"964","0.754169","host","1.2.1","USB","27","URB_INTERRUPT in"
"965","0.755150","1.2.1","host","USB","40","URB_INTERRUPT in"
"966","0.755166","host","1.2.1","USB","27","URB_INTERRUPT in"
"967","0.756161","1.2.1","host","USB","40","URB_INTERRUPT in"
"968","0.756177","host","1.2.1","USB","27","URB_INTERRUPT in"
"969","0.757150","1.2.1","host","USB","40","URB_INTERRUPT in"
"970","0.757168","host","1.2.1","USB","27","URB_INTERRUPT in"
"971","0.758150","1.2.1","host","USB","40","URB_INTERRUPT in"
"972","0.758167","host","1.2.1","USB","27","URB_INTERRUPT in"
"973","0.760152","1.2.1","host","USB","40","URB_INTERRUPT in"
"974","0.760173","host","1.2.1","USB","27","URB_INTERRUPT in"
"975","0.761149","1.2.1","host","USB","40","URB_INTERRUPT in"
"976","0.761166","host","1.2.1","USB","27","URB_INTERRUPT in"
"977","0.763152","1.2.1","host","USB","40","URB_INTERRUPT in"
"978","0.763172","host","1.2.1","USB","27","URB_INTERRUPT in"
"979","0.764151","1.2.1","host","USB","40","URB_INTERRUPT in"
"980","0.764171","host","1.2.1","USB","27","URB_INTERRUPT in"
"981","0.766150","1.2.1","host","USB","40","URB_INTERRUPT in"
"982","0.766167","host","1.2.1","USB","27","URB_INTERRUPT in"
"983","0.767161","1.2.1","host","USB","40","URB_INTERRUPT in"
"984","0.767179","host","1.2.1","USB","27","URB_INTERRUPT in"
"985","0.769152","1.2.1","host","USB","40","URB_INTERRUPT in"
"986","0.769173","host","1.2.1","USB","27","URB_INTERRUPT in"
"987","0.770152","1.2.1","host","USB","40","URB_INTERRUPT in"
"988","0.770170","host","1.2.1","USB","27","URB_INTERRUPT in"
"989","0.771150","1.2.1","host","USB","40","URB_INTERRUPT in"
"990","0.771168","host","1.2.1","USB","27","URB_INTERRUPT in"
"991","0.772155","1.2.1","host","USB","40","URB_INTERRUPT in"
"992","0.772180","host","1.2.1","USB","27","URB_INTERRUPT in"
"993","0.774154","1.2.1","host","USB","40","URB_INTERRUPT in"
"994","0.774178","host","1.2.1","USB","27","URB_INTERRUPT in"
"996","0.775151","1.2.1","host","USB","40","URB_INTERRUPT in"
"997","0.775170","host","1.2.1","USB","27","URB_INTERRUPT in"
"999","0.776150","1.2.1","host","USB","40","URB_INTERRUPT in"
"1000","0.776169","host","1.2.1","USB","27","URB_INTERRUPT in"
"1001","0.778152","1.2.1","host","USB","40","URB_INTERRUPT in"
"1002","0.778171","host","1.2.1","USB","27","URB_INTERRUPT in"
"1003","0.779150","1.2.1","host","USB","40","URB_INTERRUPT in"
"1004","0.779166","host","1.2.1","USB","27","URB_INTERRUPT in"
"1005","0.780150","1.2.1","host","USB","40","URB_INTERRUPT in"
"1006","0.780168","host","1.2.1","USB","27","URB_INTERRUPT in"
"1007","0.781150","1.2.1","host","USB","40","URB_INTERRUPT in"
"1008","0.781168","host","1.2.1","USB","27","URB_INTERRUPT in"
"1009","0.783151","1.2.1","host","USB","40","URB_INTERRUPT in"
"1010","0.783169","host","1.2.1","USB","27","URB_INTERRUPT in"
"1011","0.784150","1.2.1","host","USB","40","URB_INTERRUPT in"
"1012","0.784168","host","1.2.1","USB","27","URB_INTERRUPT in"
"1013","0.786151","1.2.1","host","USB","40","URB_INTERRUPT in"
"1014","0.786169","host","1.2.1","USB","27","URB_INTERRUPT in"
"1015","0.787149","1.2.1","host","USB","40","URB_INTERRUPT in"
"1016","0.787166","host","1.2.1","USB","27","URB_INTERRUPT in"
"1017","0.789152","1.2.1","host","USB","40","URB_INTERRUPT in"
"1018","0.789173","host","1.2.1","USB","27","URB_INTERRUPT in"
"1019","0.790150","1.2.1","host","USB","40","URB_INTERRUPT in"
"1020","0.790167","host","1.2.1","USB","27","URB_INTERRUPT in"
"1021","0.791150","1.2.1","host","USB","40","URB_INTERRUPT in"
"1022","0.791166","host","1.2.1","USB","27","URB_INTERRUPT in"
"1023","0.793151","1.2.1","host","USB","40","URB_INTERRUPT in"
"1024","0.793171","host","1.2.1","USB","27","URB_INTERRUPT in"
"1025","0.794150","1.2.1","host","USB","40","URB_INTERRUPT in"
"1026","0.794168","host","1.2.1","USB","27","URB_INTERRUPT in"
"1027","0.796150","1.2.1","host","USB","40","URB_INTERRUPT in"
"1028","0.796167","host","1.2.1","USB","27","URB_INTERRUPT in"
"1029","0.797152","1.2.1","host","USB","40","URB_INTERRUPT in"
"1030","0.797169","host","1.2.1","USB","27","URB_INTERRUPT in"
"1031","0.798151","1.2.1","host","USB","40","URB_INTERRUPT in"
"1032","0.798171","host","1.2.1","USB","27","URB_INTERRUPT in"
"1033","0.799152","1.2.1","host","USB","40","URB_INTERRUPT in"
"1034","0.799171","host","1.2.1","USB","27","URB_INTERRUPT in"
"1035","0.800151","1.2.1","host","USB","40","URB_INTERRUPT in"
"1036","0.800169","host","1.2.1","USB","27","URB_INTERRUPT in"
"1037","0.801150","1.2.1","host","USB","40","URB_INTERRUPT in"
"1038","0.801170","host","1.2.1","USB","27","URB_INTERRUPT in"
"1039","0.802151","1.2.1","host","USB","40","URB_INTERRUPT in"
"1040","0.802168","host","1.2.1","USB","27","URB_INTERRUPT in"
"1041","0.804151","1.2.1","host","USB","40","URB_INTERRUPT in"
"1042","0.804170","host","1.2.1","USB","27","URB_INTERRUPT in"
"1043","0.806155","1.2.1","host","USB","40","URB_INTERRUPT in"
"1044","0.806181","host","1.2.1","USB","27","URB_INTERRUPT in"
"1045","0.807152","1.2.1","host","USB","40","URB_INTERRUPT in"
"1046","0.807172","host","1.2.1","USB","27","URB_INTERRUPT in"
"1049","0.809161","1.2.1","host","USB","40","URB_INTERRUPT in"
"1050","0.809172","host","1.2.1","USB","27","URB_INTERRUPT in"
"1051","0.810151","1.2.1","host","USB","40","URB_INTERRUPT in"
"1052","0.810170","host","1.2.1","USB","27","URB_INTERRUPT in"
"1053","0.811150","1.2.1","host","USB","40","URB_INTERRUPT in"
"1054","0.811166","host","1.2.1","USB","27","URB_INTERRUPT in"
"1055","0.813151","1.2.1","host","USB","40","URB_INTERRUPT in"
"1056","0.813191","host","1.2.1","USB","27","URB_INTERRUPT in"
"1057","0.815152","1.2.1","host","USB","40","URB_INTERRUPT in"
"1058","0.815174","host","1.2.1","USB","27","URB_INTERRUPT in"
"1059","0.817162","1.2.1","host","USB","40","URB_INTERRUPT in"
"1060","0.817182","host","1.2.1","USB","27","URB_INTERRUPT in"
"1061","0.819152","1.2.1","host","USB","40","URB_INTERRUPT in"
"1062","0.819172","host","1.2.1","USB","27","URB_INTERRUPT in"
"1063","0.820149","1.2.1","host","USB","40","URB_INTERRUPT in"
"1064","0.820166","host","1.2.1","USB","27","URB_INTERRUPT in"
"1065","0.821149","1.2.1","host","USB","40","URB_INTERRUPT in"
"1066","0.821164","host","1.2.1","USB","27","URB_INTERRUPT in"
"1067","0.824154","1.2.1","host","USB","40","URB_INTERRUPT in"
"1068","0.824180","host","1.2.1","USB","27","URB_INTERRUPT in"
"1069","0.827154","1.2.1","host","USB","40","URB_INTERRUPT in"
"1070","0.827177","host","1.2.1","USB","27","URB_INTERRUPT in"
"1071","0.829152","1.2.1","host","USB","40","URB_INTERRUPT in"
"1072","0.829172","host","1.2.1","USB","27","URB_INTERRUPT in"
"1073","0.832153","1.2.1","host","USB","40","URB_INTERRUPT in"
"1074","0.832175","host","1.2.1","USB","27","URB_INTERRUPT in"
"1075","0.837154","1.2.1","host","USB","40","URB_INTERRUPT in"
"1076","0.837178","host","1.2.1","USB","27","URB_INTERRUPT in"
"1077","0.840155","1.2.1","host","USB","40","URB_INTERRUPT in"
"1078","0.840187","host","1.2.1","USB","27","URB_INTERRUPT in"
"1079","0.842173","1.2.1","host","USB","40","URB_INTERRUPT in"
"1080","0.842196","host","1.2.1","USB","27","URB_INTERRUPT in"
"1081","0.847153","1.2.1","host","USB","40","URB_INTERRUPT in"
"1082","0.847181","host","1.2.1","USB","27","URB_INTERRUPT in"
"1083","0.854160","1.2.1","host","USB","40","URB_INTERRUPT in"
"1084","0.854197","host","1.2.1","USB","27","URB_INTERRUPT in"
"1085","0.860154","1.2.1","host","USB","40","URB_INTERRUPT in"
"1086","0.860192","host","1.2.1","USB","27","URB_INTERRUPT in"
"1087","0.873155","1.2.1","host","USB","40","URB_INTERRUPT in"
"1088","0.873195","host","1.2.1","USB","27","URB_INTERRUPT in"
"1091","0.882155","1.2.1","host","USB","40","URB_INTERRUPT in"
"1092","0.882181","host","1.2.1","USB","27","URB_INTERRUPT in"
"1093","0.898154","1.2.1","host","USB","40","URB_INTERRUPT in"
"1094","0.898179","host","1.2.1","USB","27","URB_INTERRUPT in"
"1095","0.910154","1.2.1","host","USB","40","URB_INTERRUPT in"
"1096","0.910179","host","1.2.1","USB","27","URB_INTERRUPT in"
"1097","0.924179","1.2.1","host","USB","40","URB_INTERRUPT in"
"1098","0.924205","host","1.2.1","USB","27","URB_INTERRUPT in"
"1099","0.929155","1.2.1","host","USB","40","URB_INTERRUPT in"
"1100","0.929180","host","1.2.1","USB","27","URB_INTERRUPT in"
"1101","0.932154","1.2.1","host","USB","40","URB_INTERRUPT in"
"1102","0.932179","host","1.2.1","USB","27","URB_INTERRUPT in"
"1103","0.937155","1.2.1","host","USB","40","URB_INTERRUPT in"
"1104","0.937179","host","1.2.1","USB","27","URB_INTERRUPT in"
"1107","0.941149","1.2.1","host","USB","40","URB_INTERRUPT in"
"1108","0.941172","host","1.2.1","USB","27","URB_INTERRUPT in"
"1109","0.943151","1.2.1","host","USB","40","URB_INTERRUPT in"
"1110","0.943172","host","1.2.1","USB","27","URB_INTERRUPT in"
"1111","0.945149","1.2.1","host","USB","40","URB_INTERRUPT in"
"1112","0.945166","host","1.2.1","USB","27","URB_INTERRUPT in"
"1113","0.947152","1.2.1","host","USB","40","URB_INTERRUPT in"
"1114","0.947174","host","1.2.1","USB","27","URB_INTERRUPT in"
"1115","0.949151","1.2.1","host","USB","40","URB_INTERRUPT in"
"1116","0.949168","host","1.2.1","USB","27","URB_INTERRUPT in"
"1117","0.950150","1.2.1","host","USB","40","URB_INTERRUPT in"
"1118","0.950165","host","1.2.1","USB","27","URB_INTERRUPT in"
"1119","0.951152","1.2.1","host","USB","40","URB_INTERRUPT in"
"1120","0.951175","host","1.2.1","USB","27","URB_INTERRUPT in"
"1121","0.953153","1.2.1","host","USB","40","URB_INTERRUPT in"
"1122","0.953175","host","1.2.1","USB","27","URB_INTERRUPT in"
"1123","0.955154","1.2.1","host","USB","40","URB_INTERRUPT in"
"1124","0.955177","host","1.2.1","USB","27","URB_INTERRUPT in"
"1125","0.957154","1.2.1","host","USB","40","URB_INTERRUPT in"
"1126","0.957176","host","1.2.1","USB","27","URB_INTERRUPT in"
"1127","0.958152","1.2.1","host","USB","40","URB_INTERRUPT in"
"1128","0.958172","host","1.2.1","USB","27","URB_INTERRUPT in"
"1129","0.959152","1.2.1","host","USB","40","URB_INTERRUPT in"
"1130","0.959174","host","1.2.1","USB","27","URB_INTERRUPT in"
"1131","0.961153","1.2.1","host","USB","40","URB_INTERRUPT in"
"1132","0.961173","host","1.2.1","USB","27","URB_INTERRUPT in"
"1133","0.962152","1.2.1","host","USB","40","URB_INTERRUPT in"
"1134","0.962172","host","1.2.1","USB","27","URB_INTERRUPT in"
"1135","0.963153","1.2.1","host","USB","40","URB_INTERRUPT in"
"1136","0.963174","host","1.2.1","USB","27","URB_INTERRUPT in"
"1137","0.964149","1.2.1","host","USB","40","URB_INTERRUPT in"
"1138","0.964166","host","1.2.1","USB","27","URB_INTERRUPT in"
"1139","0.965150","1.2.1","host","USB","40","URB_INTERRUPT in"
"1140","0.965168","host","1.2.1","USB","27","URB_INTERRUPT in"
"1141","0.967149","1.2.1","host","USB","40","URB_INTERRUPT in"
"1142","0.967168","host","1.2.1","USB","27","URB_INTERRUPT in"
"1143","0.968155","1.2.1","host","USB","40","URB_INTERRUPT in"
"1144","0.968177","host","1.2.1","USB","27","URB_INTERRUPT in"
"1145","0.969153","1.2.1","host","USB","40","URB_INTERRUPT in"
"1146","0.969174","host","1.2.1","USB","27","URB_INTERRUPT in"
"1147","0.971154","1.2.1","host","USB","40","URB_INTERRUPT in"
"1148","0.971178","host","1.2.1","USB","27","URB_INTERRUPT in"
"1149","0.972155","1.2.1","host","USB","40","URB_INTERRUPT in"
"1150","0.972178","host","1.2.1","USB","27","URB_INTERRUPT in"
"1151","0.973152","1.2.1","host","USB","40","URB_INTERRUPT in"
"1152","0.973173","host","1.2.1","USB","27","URB_INTERRUPT in"
"1153","0.974152","1.2.1","host","USB","40","URB_INTERRUPT in"
"1154","0.974171","host","1.2.1","USB","27","URB_INTERRUPT in"
"1155","0.975153","1.2.1","host","USB","40","URB_INTERRUPT in"
"1156","0.975175","host","1.2.1","USB","27","URB_INTERRUPT in"
"1157","0.976154","1.2.1","host","USB","40","URB_INTERRUPT in"
"1158","0.976175","host","1.2.1","USB","27","URB_INTERRUPT in"
"1159","0.977152","1.2.1","host","USB","40","URB_INTERRUPT in"
"1160","0.977173","host","1.2.1","USB","27","URB_INTERRUPT in"
"1161","0.978152","1.2.1","host","USB","40","URB_INTERRUPT in"
"1162","0.978172","host","1.2.1","USB","27","URB_INTERRUPT in"
"1163","0.979153","1.2.1","host","USB","40","URB_INTERRUPT in"
"1164","0.979174","host","1.2.1","USB","27","URB_INTERRUPT in"
"1165","0.980155","1.2.1","host","USB","40","URB_INTERRUPT in"
"1166","0.980178","host","1.2.1","USB","27","URB_INTERRUPT in"
"1167","0.981175","1.2.1","host","USB","40","URB_INTERRUPT in"
"1168","0.981194","host","1.2.1","USB","27","URB_INTERRUPT in"
"1169","0.982175","1.2.1","host","USB","40","URB_INTERRUPT in"
"1170","0.982192","host","1.2.1","USB","27","URB_INTERRUPT in"
"1171","0.983149","1.2.1","host","USB","40","URB_INTERRUPT in"
"1172","0.983164","host","1.2.1","USB","27","URB_INTERRUPT in"
"1173","0.984149","1.2.1","host","USB","40","URB_INTERRUPT in"
"1174","0.984166","host","1.2.1","USB","27","URB_INTERRUPT in"
"1175","0.985148","1.2.1","host","USB","40","URB_INTERRUPT in"
"1176","0.985164","host","1.2.1","USB","27","URB_INTERRUPT in"
"1177","0.986149","1.2.1","host","USB","40","URB_INTERRUPT in"
"1178","0.986165","host","1.2.1","USB","27","URB_INTERRUPT in"
"1179","0.987148","1.2.1","host","USB","40","URB_INTERRUPT in"
"1180","0.987164","host","1.2.1","USB","27","URB_INTERRUPT in"
"1181","0.988149","1.2.1","host","USB","40","URB_INTERRUPT in"
"1182","0.988165","host","1.2.1","USB","27","URB_INTERRUPT in"
"1183","0.989150","1.2.1","host","USB","40","URB_INTERRUPT in"
"1184","0.989168","host","1.2.1","USB","27","URB_INTERRUPT in"
"1185","0.990149","1.2.1","host","USB","40","URB_INTERRUPT in"
"1186","0.990165","host","1.2.1","USB","27","URB_INTERRUPT in"
"1187","0.991150","1.2.1","host","USB","40","URB_INTERRUPT in"
"1188","0.991166","host","1.2.1","USB","27","URB_INTERRUPT in"
"1189","0.992149","1.2.1","host","USB","40","URB_INTERRUPT in"
"1190","0.992168","host","1.2.1","USB","27","URB_INTERRUPT in"
"1191","0.993150","1.2.1","host","USB","40","URB_INTERRUPT in"
"1192","0.993168","host","1.2.1","USB","27","URB_INTERRUPT in"
"1193","0.994150","1.2.1","host","USB","40","URB_INTERRUPT in"
"1194","0.994167","host","1.2.1","USB","27","URB_INTERRUPT in"
"1195","0.995149","1.2.1","host","USB","40","URB_INTERRUPT in"
"1196","0.995166","host","1.2.1","USB","27","URB_INTERRUPT in"
"1197","0.996150","1.2.1","host","USB","40","URB_INTERRUPT in"
"1198","0.996166","host","1.2.1","USB","27","URB_INTERRUPT in"
"1199","0.997151","1.2.1","host","USB","40","URB_INTERRUPT in"
"1200","0.997170","host","1.2.1","USB","27","URB_INTERRUPT in"
"1201","0.998176","1.2.1","host","USB","40","URB_INTERRUPT in"
"1202","0.998194","host","1.2.1","USB","27","URB_INTERRUPT in"
"1203","0.999152","1.2.1","host","USB","40","URB_INTERRUPT in"
"1204","0.999168","host","1.2.1","USB","27","URB_INTERRUPT in"
"1205","1.000148","1.2.1","host","USB","40","URB_INTERRUPT in"
"1206","1.000163","host","1.2.1","USB","27","URB_INTERRUPT in"
"1207","1.001149","1.2.1","host","USB","40","URB_INTERRUPT in"
"1208","1.001166","host","1.2.1","USB","27","URB_INTERRUPT in"
"1209","1.002148","1.2.1","host","USB","40","URB_INTERRUPT in"
"1210","1.002163","host","1.2.1","USB","27","URB_INTERRUPT in"
"1211","1.003148","1.2.1","host","USB","40","URB_INTERRUPT in"
"1212","1.003162","host","1.2.1","USB","27","URB_INTERRUPT in"
"1213","1.004149","1.2.1","host","USB","40","URB_INTERRUPT in"
"1214","1.004165","host","1.2.1","USB","27","URB_INTERRUPT in"
"1215","1.005152","1.2.1","host","USB","40","URB_INTERRUPT in"
"1216","1.005174","host","1.2.1","USB","27","URB_INTERRUPT in"
"1217","1.006151","1.2.1","host","USB","40","URB_INTERRUPT in"
"1219","1.006170","host","1.2.1","USB","27","URB_INTERRUPT in"
"1220","1.007150","1.2.1","host","USB","40","URB_INTERRUPT in"
"1221","1.007169","host","1.2.1","USB","27","URB_INTERRUPT in"
"1223","1.008148","1.2.1","host","USB","40","URB_INTERRUPT in"
"1224","1.008165","host","1.2.1","USB","27","URB_INTERRUPT in"
"1225","1.009149","1.2.1","host","USB","40","URB_INTERRUPT in"
"1226","1.009168","host","1.2.1","USB","27","URB_INTERRUPT in"
"1227","1.010148","1.2.1","host","USB","40","URB_INTERRUPT in"
"1228","1.010162","host","1.2.1","USB","27","URB_INTERRUPT in"
"1229","1.011148","1.2.1","host","USB","40","URB_INTERRUPT in"
"1230","1.011163","host","1.2.1","USB","27","URB_INTERRUPT in"
"1231","1.012148","1.2.1","host","USB","40","URB_INTERRUPT in"
"1232","1.012163","host","1.2.1","USB","27","URB_INTERRUPT in"
"1233","1.013149","1.2.1","host","USB","40","URB_INTERRUPT in"
"1234","1.013165","host","1.2.1","USB","27","URB_INTERRUPT in"
"1235","1.014151","1.2.1","host","USB","40","URB_INTERRUPT in"
"1236","1.014168","host","1.2.1","USB","27","URB_INTERRUPT in"
"1237","1.015149","1.2.1","host","USB","40","URB_INTERRUPT in"
"1238","1.015165","host","1.2.1","USB","27","URB_INTERRUPT in"
"1239","1.016152","1.2.1","host","USB","40","URB_INTERRUPT in"
"1240","1.016175","host","1.2.1","USB","27","URB_INTERRUPT in"
"1241","1.017149","1.2.1","host","USB","40","URB_INTERRUPT in"
"1242","1.017172","host","1.2.1","USB","27","URB_INTERRUPT in"
"1243","1.018154","1.2.1","host","USB","40","URB_INTERRUPT in"
"1244","1.018181","host","1.2.1","USB","27","URB_INTERRUPT in"
"1245","1.019149","1.2.1","host","USB","40","URB_INTERRUPT in"
"1246","1.019170","host","1.2.1","USB","27","URB_INTERRUPT in"
"1247","1.020152","1.2.1","host","USB","40","URB_INTERRUPT in"
"1248","1.020178","host","1.2.1","USB","27","URB_INTERRUPT in"
"1249","1.021151","1.2.1","host","USB","40","URB_INTERRUPT in"
"1250","1.021171","host","1.2.1","USB","27","URB_INTERRUPT in"
"1251","1.022150","1.2.1","host","USB","40","URB_INTERRUPT in"
"1252","1.022168","host","1.2.1","USB","27","URB_INTERRUPT in"
"1253","1.023149","1.2.1","host","USB","40","URB_INTERRUPT in"
"1254","1.023165","host","1.2.1","USB","27","URB_INTERRUPT in"
"1255","1.024148","1.2.1","host","USB","40","URB_INTERRUPT in"
"1256","1.024164","host","1.2.1","USB","27","URB_INTERRUPT in"
"1257","1.025148","1.2.1","host","USB","40","URB_INTERRUPT in"
"1258","1.025164","host","1.2.1","USB","27","URB_INTERRUPT in"
"1259","1.026150","1.2.1","host","USB","40","URB_INTERRUPT in"
"1260","1.026168","host","1.2.1","USB","27","URB_INTERRUPT in"
"1261","1.027149","1.2.1","host","USB","40","URB_INTERRUPT in"
"1262","1.027165","host","1.2.1","USB","27","URB_INTERRUPT in"
"1263","1.028149","1.2.1","host","USB","40","URB_INTERRUPT in"
"1264","1.028164","host","1.2.1","USB","27","URB_INTERRUPT in"
"1265","1.029148","1.2.1","host","USB","40","URB_INTERRUPT in"
"1266","1.029164","host","1.2.1","USB","27","URB_INTERRUPT in"
"1267","1.030151","1.2.1","host","USB","40","URB_INTERRUPT in"
"1268","1.030169","host","1.2.1","USB","27","URB_INTERRUPT in"
"1269","1.031149","1.2.1","host","USB","40","URB_INTERRUPT in"
"1270","1.031164","host","1.2.1","USB","27","URB_INTERRUPT in"
"1271","1.032148","1.2.1","host","USB","40","URB_INTERRUPT in"
"1272","1.032163","host","1.2.1","USB","27","URB_INTERRUPT in"
"1273","1.034155","1.2.1","host","USB","40","URB_INTERRUPT in"
"1274","1.034185","host","1.2.1","USB","27","URB_INTERRUPT in"
"1275","1.035153","1.2.1","host","USB","40","URB_INTERRUPT in"
"1276","1.035181","host","1.2.1","USB","27","URB_INTERRUPT in"
"1277","1.036157","1.2.1","host","USB","40","URB_INTERRUPT in"
"1278","1.036186","host","1.2.1","USB","27","URB_INTERRUPT in"
"1279","1.037154","1.2.1","host","USB","40","URB_INTERRUPT in"
"1280","1.037178","host","1.2.1","USB","27","URB_INTERRUPT in"
"1281","1.038154","1.2.1","host","USB","40","URB_INTERRUPT in"
"1282","1.038181","host","1.2.1","USB","27","URB_INTERRUPT in"
"1283","1.039151","1.2.1","host","USB","40","URB_INTERRUPT in"
"1284","1.039175","host","1.2.1","USB","27","URB_INTERRUPT in"
"1287","1.041149","1.2.1","host","USB","40","URB_INTERRUPT in"
"1288","1.041159","host","1.2.1","USB","27","URB_INTERRUPT in"
"1289","1.042151","1.2.1","host","USB","40","URB_INTERRUPT in"
"1290","1.042171","host","1.2.1","USB","27","URB_INTERRUPT in"
"1291","1.043153","1.2.1","host","USB","40","URB_INTERRUPT in"
"1292","1.043173","host","1.2.1","USB","27","URB_INTERRUPT in"
"1293","1.044150","1.2.1","host","USB","40","URB_INTERRUPT in"
"1294","1.044169","host","1.2.1","USB","27","URB_INTERRUPT in"
"1295","1.045152","1.2.1","host","USB","40","URB_INTERRUPT in"
"1296","1.045174","host","1.2.1","USB","27","URB_INTERRUPT in"
"1297","1.047154","1.2.1","host","USB","40","URB_INTERRUPT in"
"1298","1.047178","host","1.2.1","USB","27","URB_INTERRUPT in"
"1299","1.048158","1.2.1","host","USB","40","URB_INTERRUPT in"
"1300","1.048186","host","1.2.1","USB","27","URB_INTERRUPT in"
"1301","1.049154","1.2.1","host","USB","40","URB_INTERRUPT in"
"1302","1.049178","host","1.2.1","USB","27","URB_INTERRUPT in"
"1303","1.050154","1.2.1","host","USB","40","URB_INTERRUPT in"
"1304","1.050177","host","1.2.1","USB","27","URB_INTERRUPT in"
"1305","1.051152","1.2.1","host","USB","40","URB_INTERRUPT in"
"1306","1.051173","host","1.2.1","USB","27","URB_INTERRUPT in"
"1307","1.052150","1.2.1","host","USB","40","URB_INTERRUPT in"
"1308","1.052168","host","1.2.1","USB","27","URB_INTERRUPT in"
"1309","1.054153","1.2.1","host","USB","40","URB_INTERRUPT in"
"1310","1.054174","host","1.2.1","USB","27","URB_INTERRUPT in"
"1311","1.055150","1.2.1","host","USB","40","URB_INTERRUPT in"
"1312","1.055168","host","1.2.1","USB","27","URB_INTERRUPT in"
"1313","1.056150","1.2.1","host","USB","40","URB_INTERRUPT in"
"1314","1.056166","host","1.2.1","USB","27","URB_INTERRUPT in"
"1315","1.058151","1.2.1","host","USB","40","URB_INTERRUPT in"
"1316","1.058168","host","1.2.1","USB","27","URB_INTERRUPT in"
"1317","1.060178","1.2.1","host","USB","40","URB_INTERRUPT in"
"1318","1.060201","host","1.2.1","USB","27","URB_INTERRUPT in"
"1319","1.063174","1.2.1","host","USB","40","URB_INTERRUPT in"
"1320","1.063196","host","1.2.1","USB","27","URB_INTERRUPT in"
"1321","1.064150","1.2.1","host","USB","40","URB_INTERRUPT in"
"1322","1.064167","host","1.2.1","USB","27","URB_INTERRUPT in"
"1323","1.066150","1.2.1","host","USB","40","URB_INTERRUPT in"
"1324","1.066169","host","1.2.1","USB","27","URB_INTERRUPT in"
"1325","1.072154","1.2.1","host","USB","40","URB_INTERRUPT in"
"1326","1.072179","host","1.2.1","USB","27","URB_INTERRUPT in"
"1331","1.158156","1.2.1","host","USB","40","URB_INTERRUPT in"
"1332","1.158188","host","1.2.1","USB","27","URB_INTERRUPT in"
"1333","1.169179","1.2.1","host","USB","40","URB_INTERRUPT in"
"1334","1.169205","host","1.2.1","USB","27","URB_INTERRUPT in"
"1337","1.175149","1.2.1","host","USB","40","URB_INTERRUPT in"
"1338","1.175170","host","1.2.1","USB","27","URB_INTERRUPT in"
"1340","1.237283","1.2.3","host","USB","47","URB_INTERRUPT in"
"1341","1.237310","host","1.2.3","USB","27","URB_INTERRUPT in"
"1343","1.237403","1.2.1","host","USB","40","URB_INTERRUPT in"
"1344","1.237417","host","1.2.1","USB","27","URB_INTERRUPT in"
"1345","1.242163","1.2.3","host","USB","47","URB_INTERRUPT in"
"1346","1.242258","host","1.2.3","USB","27","URB_INTERRUPT in"
"1347","1.259161","1.2.3","host","USB","47","URB_INTERRUPT in"
"1348","1.259189","host","1.2.3","USB","27","URB_INTERRUPT in"
"1351","1.276158","1.2.3","host","USB","47","URB_INTERRUPT in"
"1352","1.276183","host","1.2.3","USB","27","URB_INTERRUPT in"
"1353","1.294182","1.2.1","host","USB","40","URB_INTERRUPT in"
"1354","1.294210","host","1.2.1","USB","27","URB_INTERRUPT in"
"1355","1.294282","1.2.3","host","USB","47","URB_INTERRUPT in"
"1356","1.294289","host","1.2.3","USB","27","URB_INTERRUPT in"
"1357","1.309158","1.2.3","host","USB","47","URB_INTERRUPT in"
"1358","1.309180","host","1.2.3","USB","27","URB_INTERRUPT in"
"1359","1.326157","1.2.3","host","USB","47","URB_INTERRUPT in"
"1360","1.326180","host","1.2.3","USB","27","URB_INTERRUPT in"
"1365","1.427152","1.2.1","host","USB","40","URB_INTERRUPT in"
"1366","1.427178","host","1.2.1","USB","27","URB_INTERRUPT in"
"1367","1.438155","1.2.1","host","USB","40","URB_INTERRUPT in"
"1368","1.438194","host","1.2.1","USB","27","URB_INTERRUPT in"
"1369","1.440151","1.2.1","host","USB","40","URB_INTERRUPT in"
"1370","1.440172","host","1.2.1","USB","27","URB_INTERRUPT in"
"1371","1.446151","1.2.1","host","USB","40","URB_INTERRUPT in"
"1372","1.446176","host","1.2.1","USB","27","URB_INTERRUPT in"
"1373","1.447149","1.2.1","host","USB","40","URB_INTERRUPT in"
"1374","1.447167","host","1.2.1","USB","27","URB_INTERRUPT in"
"1375","1.451150","1.2.1","host","USB","40","URB_INTERRUPT in"
"1376","1.451173","host","1.2.1","USB","27","URB_INTERRUPT in"
"1377","1.452148","1.2.1","host","USB","40","URB_INTERRUPT in"
"1378","1.452164","host","1.2.1","USB","27","URB_INTERRUPT in"
"1379","1.454147","1.2.1","host","USB","40","URB_INTERRUPT in"
"1380","1.454164","host","1.2.1","USB","27","URB_INTERRUPT in"
"1381","1.455148","1.2.1","host","USB","40","URB_INTERRUPT in"
"1382","1.455165","host","1.2.1","USB","27","URB_INTERRUPT in"
"1383","1.457155","1.2.1","host","USB","40","URB_INTERRUPT in"
"1384","1.457183","host","1.2.1","USB","27","URB_INTERRUPT in"
"1385","1.458152","1.2.1","host","USB","40","URB_INTERRUPT in"
"1386","1.458179","host","1.2.1","USB","27","URB_INTERRUPT in"
"1387","1.460151","1.2.1","host","USB","40","URB_INTERRUPT in"
"1388","1.460174","host","1.2.1","USB","27","URB_INTERRUPT in"
"1389","1.461149","1.2.1","host","USB","40","URB_INTERRUPT in"
"1390","1.461169","host","1.2.1","USB","27","URB_INTERRUPT in"
"1391","1.462148","1.2.1","host","USB","40","URB_INTERRUPT in"
"1392","1.462164","host","1.2.1","USB","27","URB_INTERRUPT in"
"1393","1.463149","1.2.1","host","USB","40","URB_INTERRUPT in"
"1394","1.463164","host","1.2.1","USB","27","URB_INTERRUPT in"
"1395","1.464147","1.2.1","host","USB","40","URB_INTERRUPT in"
"1396","1.464163","host","1.2.1","USB","27","URB_INTERRUPT in"
"1397","1.465147","1.2.1","host","USB","40","URB_INTERRUPT in"
"1398","1.465163","host","1.2.1","USB","27","URB_INTERRUPT in"
"1399","1.467150","1.2.1","host","USB","40","URB_INTERRUPT in"
"1400","1.467170","host","1.2.1","USB","27","URB_INTERRUPT in"
"1402","1.468149","1.2.1","host","USB","40","URB_INTERRUPT in"
"1403","1.468168","host","1.2.1","USB","27","URB_INTERRUPT in"
"1405","1.469148","1.2.1","host","USB","40","URB_INTERRUPT in"
"1406","1.469170","host","1.2.1","USB","27","URB_INTERRUPT in"
"1407","1.470151","1.2.1","host","USB","40","URB_INTERRUPT in"
"1408","1.470176","host","1.2.1","USB","27","URB_INTERRUPT in"
"1409","1.471151","1.2.1","host","USB","40","URB_INTERRUPT in"
"1410","1.471175","host","1.2.1","USB","27","URB_INTERRUPT in"
"1411","1.472148","1.2.1","host","USB","40","URB_INTERRUPT in"
"1412","1.472167","host","1.2.1","USB","27","URB_INTERRUPT in"
"1413","1.473147","1.2.1","host","USB","40","URB_INTERRUPT in"
"1414","1.473162","host","1.2.1","USB","27","URB_INTERRUPT in"
"1415","1.474147","1.2.1","host","USB","40","URB_INTERRUPT in"
"1416","1.474162","host","1.2.1","USB","27","URB_INTERRUPT in"
"1417","1.475146","1.2.1","host","USB","40","URB_INTERRUPT in"
"1418","1.475161","host","1.2.1","USB","27","URB_INTERRUPT in"
"1419","1.476149","1.2.1","host","USB","40","URB_INTERRUPT in"
"1420","1.476166","host","1.2.1","USB","27","URB_INTERRUPT in"
"1421","1.477148","1.2.1","host","USB","40","URB_INTERRUPT in"
"1422","1.477165","host","1.2.1","USB","27","URB_INTERRUPT in"
"1423","1.478148","1.2.1","host","USB","40","URB_INTERRUPT in"
"1424","1.478165","host","1.2.1","USB","27","URB_INTERRUPT in"
"1425","1.479146","1.2.1","host","USB","40","URB_INTERRUPT in"
"1426","1.479161","host","1.2.1","USB","27","URB_INTERRUPT in"
"1427","1.480149","1.2.1","host","USB","40","URB_INTERRUPT in"
"1428","1.480166","host","1.2.1","USB","27","URB_INTERRUPT in"
"1429","1.481147","1.2.1","host","USB","40","URB_INTERRUPT in"
"1430","1.481162","host","1.2.1","USB","27","URB_INTERRUPT in"
"1431","1.482147","1.2.1","host","USB","40","URB_INTERRUPT in"
"1432","1.482163","host","1.2.1","USB","27","URB_INTERRUPT in"
"1433","1.483151","1.2.1","host","USB","40","URB_INTERRUPT in"
"1434","1.483166","host","1.2.1","USB","27","URB_INTERRUPT in"
"1435","1.484148","1.2.1","host","USB","40","URB_INTERRUPT in"
"1436","1.484166","host","1.2.1","USB","27","URB_INTERRUPT in"
"1437","1.485147","1.2.1","host","USB","40","URB_INTERRUPT in"
"1438","1.485163","host","1.2.1","USB","27","URB_INTERRUPT in"
"1439","1.486147","1.2.1","host","USB","40","URB_INTERRUPT in"
"1440","1.486162","host","1.2.1","USB","27","URB_INTERRUPT in"
"1441","1.487146","1.2.1","host","USB","40","URB_INTERRUPT in"
"1442","1.487160","host","1.2.1","USB","27","URB_INTERRUPT in"
"1443","1.488147","1.2.1","host","USB","40","URB_INTERRUPT in"
"1444","1.488163","host","1.2.1","USB","27","URB_INTERRUPT in"
"1445","1.489149","1.2.1","host","USB","40","URB_INTERRUPT in"
"1446","1.489166","host","1.2.1","USB","27","URB_INTERRUPT in"
"1447","1.490147","1.2.1","host","USB","40","URB_INTERRUPT in"
"1448","1.490161","host","1.2.1","USB","27","URB_INTERRUPT in"
"1449","1.491147","1.2.1","host","USB","40","URB_INTERRUPT in"
"1450","1.491162","host","1.2.1","USB","27","URB_INTERRUPT in"
"1451","1.492147","1.2.1","host","USB","40","URB_INTERRUPT in"
"1452","1.492161","host","1.2.1","USB","27","URB_INTERRUPT in"
"1453","1.493148","1.2.1","host","USB","40","URB_INTERRUPT in"
"1454","1.493165","host","1.2.1","USB","27","URB_INTERRUPT in"
"1455","1.494147","1.2.1","host","USB","40","URB_INTERRUPT in"
"1456","1.494161","host","1.2.1","USB","27","URB_INTERRUPT in"
"1457","1.495146","1.2.1","host","USB","40","URB_INTERRUPT in"
"1458","1.495161","host","1.2.1","USB","27","URB_INTERRUPT in"
"1459","1.496147","1.2.1","host","USB","40","URB_INTERRUPT in"
"1460","1.496164","host","1.2.1","USB","27","URB_INTERRUPT in"
"1461","1.497152","1.2.1","host","USB","40","URB_INTERRUPT in"
"1462","1.497177","host","1.2.1","USB","27","URB_INTERRUPT in"
"1463","1.498150","1.2.1","host","USB","40","URB_INTERRUPT in"
"1464","1.498171","host","1.2.1","USB","27","URB_INTERRUPT in"
"1465","1.499149","1.2.1","host","USB","40","URB_INTERRUPT in"
"1466","1.499168","host","1.2.1","USB","27","URB_INTERRUPT in"
"1467","1.500149","1.2.1","host","USB","40","URB_INTERRUPT in"
"1468","1.500168","host","1.2.1","USB","27","URB_INTERRUPT in"
"1469","1.501150","1.2.1","host","USB","40","URB_INTERRUPT in"
"1470","1.501171","host","1.2.1","USB","27","URB_INTERRUPT in"
"1471","1.502149","1.2.1","host","USB","40","URB_INTERRUPT in"
"1472","1.502166","host","1.2.1","USB","27","URB_INTERRUPT in"
"1473","1.503147","1.2.1","host","USB","40","URB_INTERRUPT in"
"1474","1.503164","host","1.2.1","USB","27","URB_INTERRUPT in"
"1475","1.504146","1.2.1","host","USB","40","URB_INTERRUPT in"
"1476","1.504161","host","1.2.1","USB","27","URB_INTERRUPT in"
"1477","1.505149","1.2.1","host","USB","40","URB_INTERRUPT in"
"1478","1.505168","host","1.2.1","USB","27","URB_INTERRUPT in"
"1479","1.506147","1.2.1","host","USB","40","URB_INTERRUPT in"
"1480","1.506166","host","1.2.1","USB","27","URB_INTERRUPT in"
"1481","1.507146","1.2.1","host","USB","40","URB_INTERRUPT in"
"1482","1.507161","host","1.2.1","USB","27","URB_INTERRUPT in"
"1483","1.508147","1.2.1","host","USB","40","URB_INTERRUPT in"
"1484","1.508162","host","1.2.1","USB","27","URB_INTERRUPT in"
"1485","1.509149","1.2.1","host","USB","40","URB_INTERRUPT in"
"1486","1.509168","host","1.2.1","USB","27","URB_INTERRUPT in"
"1487","1.510149","1.2.1","host","USB","40","URB_INTERRUPT in"
"1488","1.510167","host","1.2.1","USB","27","URB_INTERRUPT in"
"1489","1.511147","1.2.1","host","USB","40","URB_INTERRUPT in"
"1490","1.511162","host","1.2.1","USB","27","URB_INTERRUPT in"
"1491","1.512146","1.2.1","host","USB","40","URB_INTERRUPT in"
"1492","1.512161","host","1.2.1","USB","27","URB_INTERRUPT in"
"1493","1.513147","1.2.1","host","USB","40","URB_INTERRUPT in"
"1494","1.513166","host","1.2.1","USB","27","URB_INTERRUPT in"
"1495","1.514148","1.2.1","host","USB","40","URB_INTERRUPT in"
"1496","1.514166","host","1.2.1","USB","27","URB_INTERRUPT in"
"1497","1.515147","1.2.1","host","USB","40","URB_INTERRUPT in"
"1498","1.515163","host","1.2.1","USB","27","URB_INTERRUPT in"
"1499","1.516146","1.2.1","host","USB","40","URB_INTERRUPT in"
"1500","1.516161","host","1.2.1","USB","27","URB_INTERRUPT in"
"1501","1.517146","1.2.1","host","USB","40","URB_INTERRUPT in"
"1502","1.517160","host","1.2.1","USB","27","URB_INTERRUPT in"
"1503","1.519150","1.2.1","host","USB","40","URB_INTERRUPT in"
"1504","1.519173","host","1.2.1","USB","27","URB_INTERRUPT in"
"1505","1.520147","1.2.1","host","USB","40","URB_INTERRUPT in"
"1506","1.520164","host","1.2.1","USB","27","URB_INTERRUPT in"
"1507","1.521148","1.2.1","host","USB","40","URB_INTERRUPT in"
"1508","1.521163","host","1.2.1","USB","27","URB_INTERRUPT in"
"1509","1.522150","1.2.1","host","USB","40","URB_INTERRUPT in"
"1510","1.522169","host","1.2.1","USB","27","URB_INTERRUPT in"
"1511","1.523147","1.2.1","host","USB","40","URB_INTERRUPT in"
"1512","1.523162","host","1.2.1","USB","27","URB_INTERRUPT in"
"1513","1.524146","1.2.1","host","USB","40","URB_INTERRUPT in"
"1514","1.524161","host","1.2.1","USB","27","URB_INTERRUPT in"
"1515","1.525146","1.2.1","host","USB","40","URB_INTERRUPT in"
"1516","1.525161","host","1.2.1","USB","27","URB_INTERRUPT in"
"1517","1.526149","1.2.1","host","USB","40","URB_INTERRUPT in"
"1518","1.526166","host","1.2.1","USB","27","URB_INTERRUPT in"
"1519","1.527146","1.2.1","host","USB","40","URB_INTERRUPT in"
"1520","1.527161","host","1.2.1","USB","27","URB_INTERRUPT in"
"1521","1.528146","1.2.1","host","USB","40","URB_INTERRUPT in"
"1522","1.528160","host","1.2.1","USB","27","URB_INTERRUPT in"
"1523","1.529146","1.2.1","host","USB","40","URB_INTERRUPT in"
"1524","1.529160","host","1.2.1","USB","27","URB_INTERRUPT in"
"1525","1.530149","1.2.1","host","USB","40","URB_INTERRUPT in"
"1526","1.530167","host","1.2.1","USB","27","URB_INTERRUPT in"
"1527","1.531147","1.2.1","host","USB","40","URB_INTERRUPT in"
"1528","1.531162","host","1.2.1","USB","27","URB_INTERRUPT in"
"1529","1.532146","1.2.1","host","USB","40","URB_INTERRUPT in"
"1530","1.532161","host","1.2.1","USB","27","URB_INTERRUPT in"
"1531","1.533149","1.2.1","host","USB","40","URB_INTERRUPT in"
"1532","1.533167","host","1.2.1","USB","27","URB_INTERRUPT in"
"1533","1.534150","1.2.1","host","USB","40","URB_INTERRUPT in"
"1534","1.534169","host","1.2.1","USB","27","URB_INTERRUPT in"
"1536","1.535148","1.2.1","host","USB","40","URB_INTERRUPT in"
"1537","1.535163","host","1.2.1","USB","27","URB_INTERRUPT in"
"1539","1.536145","1.2.1","host","USB","40","URB_INTERRUPT in"
"1540","1.536160","host","1.2.1","USB","27","URB_INTERRUPT in"
"1541","1.537152","1.2.1","host","USB","40","URB_INTERRUPT in"
"1542","1.537168","host","1.2.1","USB","27","URB_INTERRUPT in"
"1543","1.538147","1.2.1","host","USB","40","URB_INTERRUPT in"
"1544","1.538164","host","1.2.1","USB","27","URB_INTERRUPT in"
"1545","1.539148","1.2.1","host","USB","40","URB_INTERRUPT in"
"1546","1.539165","host","1.2.1","USB","27","URB_INTERRUPT in"
"1547","1.540147","1.2.1","host","USB","40","URB_INTERRUPT in"
"1548","1.540162","host","1.2.1","USB","27","URB_INTERRUPT in"
"1549","1.541146","1.2.1","host","USB","40","URB_INTERRUPT in"
"1550","1.541160","host","1.2.1","USB","27","URB_INTERRUPT in"
"1551","1.542146","1.2.1","host","USB","40","URB_INTERRUPT in"
"1552","1.542159","host","1.2.1","USB","27","URB_INTERRUPT in"
"1553","1.543150","1.2.1","host","USB","40","URB_INTERRUPT in"
"1554","1.543170","host","1.2.1","USB","27","URB_INTERRUPT in"
"1555","1.544147","1.2.1","host","USB","40","URB_INTERRUPT in"
"1556","1.544163","host","1.2.1","USB","27","URB_INTERRUPT in"
"1557","1.545147","1.2.1","host","USB","40","URB_INTERRUPT in"
"1558","1.545161","host","1.2.1","USB","27","URB_INTERRUPT in"
"1559","1.546147","1.2.1","host","USB","40","URB_INTERRUPT in"
"1560","1.546164","host","1.2.1","USB","27","URB_INTERRUPT in"
"1561","1.547153","1.2.1","host","USB","40","URB_INTERRUPT in"
"1562","1.547177","host","1.2.1","USB","27","URB_INTERRUPT in"
"1563","1.548148","1.2.1","host","USB","40","URB_INTERRUPT in"
"1564","1.548165","host","1.2.1","USB","27","URB_INTERRUPT in"
"1565","1.549149","1.2.1","host","USB","40","URB_INTERRUPT in"
"1566","1.549168","host","1.2.1","USB","27","URB_INTERRUPT in"
"1567","1.550149","1.2.1","host","USB","40","URB_INTERRUPT in"
"1568","1.550167","host","1.2.1","USB","27","URB_INTERRUPT in"
"1569","1.552155","1.2.1","host","USB","40","URB_INTERRUPT in"
"1570","1.552182","host","1.2.1","USB","27","URB_INTERRUPT in"
"1571","1.553149","1.2.1","host","USB","40","URB_INTERRUPT in"
"1572","1.553168","host","1.2.1","USB","27","URB_INTERRUPT in"
"1573","1.554149","1.2.1","host","USB","40","URB_INTERRUPT in"
"1574","1.554169","host","1.2.1","USB","27","URB_INTERRUPT in"
"1575","1.555151","1.2.1","host","USB","40","URB_INTERRUPT in"
"1576","1.555174","host","1.2.1","USB","27","URB_INTERRUPT in"
"1577","1.556150","1.2.1","host","USB","40","URB_INTERRUPT in"
"1578","1.556171","host","1.2.1","USB","27","URB_INTERRUPT in"
"1579","1.557149","1.2.1","host","USB","40","URB_INTERRUPT in"
"1580","1.557167","host","1.2.1","USB","27","URB_INTERRUPT in"
"1581","1.558147","1.2.1","host","USB","40","URB_INTERRUPT in"
"1582","1.558164","host","1.2.1","USB","27","URB_INTERRUPT in"
"1583","1.559148","1.2.1","host","USB","40","URB_INTERRUPT in"
"1584","1.559168","host","1.2.1","USB","27","URB_INTERRUPT in"
"1585","1.560149","1.2.1","host","USB","40","URB_INTERRUPT in"
"1586","1.560170","host","1.2.1","USB","27","URB_INTERRUPT in"
"1587","1.561148","1.2.1","host","USB","40","URB_INTERRUPT in"
"1588","1.561167","host","1.2.1","USB","27","URB_INTERRUPT in"
"1589","1.562147","1.2.1","host","USB","40","URB_INTERRUPT in"
"1590","1.562163","host","1.2.1","USB","27","URB_INTERRUPT in"
"1591","1.563149","1.2.1","host","USB","40","URB_INTERRUPT in"
"1592","1.563167","host","1.2.1","USB","27","URB_INTERRUPT in"
"1593","1.564150","1.2.1","host","USB","40","URB_INTERRUPT in"
"1594","1.564172","host","1.2.1","USB","27","URB_INTERRUPT in"
"1595","1.565148","1.2.1","host","USB","40","URB_INTERRUPT in"
"1596","1.565168","host","1.2.1","USB","27","URB_INTERRUPT in"
"1597","1.566151","1.2.1","host","USB","40","URB_INTERRUPT in"
"1598","1.566172","host","1.2.1","USB","27","URB_INTERRUPT in"
"1599","1.567149","1.2.1","host","USB","40","URB_INTERRUPT in"
"1600","1.567169","host","1.2.1","USB","27","URB_INTERRUPT in"
"1602","1.568149","1.2.1","host","USB","40","URB_INTERRUPT in"
"1603","1.568168","host","1.2.1","USB","27","URB_INTERRUPT in"
"1605","1.569148","1.2.1","host","USB","40","URB_INTERRUPT in"
"1606","1.569154","host","1.2.1","USB","27","URB_INTERRUPT in"
"1607","1.570147","1.2.1","host","USB","40","URB_INTERRUPT in"
"1608","1.570161","host","1.2.1","USB","27","URB_INTERRUPT in"
"1609","1.571145","1.2.1","host","USB","40","URB_INTERRUPT in"
"1610","1.571160","host","1.2.1","USB","27","URB_INTERRUPT in"
"1611","1.572149","1.2.1","host","USB","40","URB_INTERRUPT in"
"1612","1.572167","host","1.2.1","USB","27","URB_INTERRUPT in"
"1613","1.573146","1.2.1","host","USB","40","URB_INTERRUPT in"
"1614","1.573162","host","1.2.1","USB","27","URB_INTERRUPT in"
"1615","1.574146","1.2.1","host","USB","40","URB_INTERRUPT in"
"1616","1.574160","host","1.2.1","USB","27","URB_INTERRUPT in"
"1617","1.575166","1.2.1","host","USB","40","URB_INTERRUPT in"
"1618","1.575180","host","1.2.1","USB","27","URB_INTERRUPT in"
"1619","1.576148","1.2.1","host","USB","40","URB_INTERRUPT in"
"1620","1.576165","host","1.2.1","USB","27","URB_INTERRUPT in"
"1621","1.577146","1.2.1","host","USB","40","URB_INTERRUPT in"
"1622","1.577161","host","1.2.1","USB","27","URB_INTERRUPT in"
"1623","1.578146","1.2.1","host","USB","40","URB_INTERRUPT in"
"1624","1.578159","host","1.2.1","USB","27","URB_INTERRUPT in"
"1625","1.579148","1.2.1","host","USB","40","URB_INTERRUPT in"
"1626","1.579161","host","1.2.1","USB","27","URB_INTERRUPT in"
"1627","1.580147","1.2.1","host","USB","40","URB_INTERRUPT in"
"1628","1.580163","host","1.2.1","USB","27","URB_INTERRUPT in"
"1629","1.581147","1.2.1","host","USB","40","URB_INTERRUPT in"
"1630","1.581161","host","1.2.1","USB","27","URB_INTERRUPT in"
"1631","1.582146","1.2.1","host","USB","40","URB_INTERRUPT in"
"1632","1.582160","host","1.2.1","USB","27","URB_INTERRUPT in"
"1633","1.583146","1.2.1","host","USB","40","URB_INTERRUPT in"
"1634","1.583160","host","1.2.1","USB","27","URB_INTERRUPT in"
"1635","1.584147","1.2.1","host","USB","40","URB_INTERRUPT in"
"1636","1.584163","host","1.2.1","USB","27","URB_INTERRUPT in"
"1637","1.585148","1.2.1","host","USB","40","URB_INTERRUPT in"
"1638","1.585164","host","1.2.1","USB","27","URB_INTERRUPT in"
"1639","1.586147","1.2.1","host","USB","40","URB_INTERRUPT in"
"1640","1.586163","host","1.2.1","USB","27","URB_INTERRUPT in"
"1641","1.587147","1.2.1","host","USB","40","URB_INTERRUPT in"
"1642","1.587162","host","1.2.1","USB","27","URB_INTERRUPT in"
"1643","1.588146","1.2.1","host","USB","40","URB_INTERRUPT in"
"1644","1.588162","host","1.2.1","USB","27","URB_INTERRUPT in"
"1645","1.589148","1.2.1","host","USB","40","URB_INTERRUPT in"
"1646","1.589168","host","1.2.1","USB","27","URB_INTERRUPT in"
"1647","1.590149","1.2.1","host","USB","40","URB_INTERRUPT in"
"1648","1.590169","host","1.2.1","USB","27","URB_INTERRUPT in"
"1649","1.591150","1.2.1","host","USB","40","URB_INTERRUPT in"
"1650","1.591171","host","1.2.1","USB","27","URB_INTERRUPT in"
"1651","1.592147","1.2.1","host","USB","40","URB_INTERRUPT in"
"1652","1.592162","host","1.2.1","USB","27","URB_INTERRUPT in"
"1653","1.593151","1.2.1","host","USB","40","URB_INTERRUPT in"
"1654","1.593176","host","1.2.1","USB","27","URB_INTERRUPT in"
"1655","1.594150","1.2.1","host","USB","40","URB_INTERRUPT in"
"1656","1.594170","host","1.2.1","USB","27","URB_INTERRUPT in"
"1657","1.595150","1.2.1","host","USB","40","URB_INTERRUPT in"
"1658","1.595169","host","1.2.1","USB","27","URB_INTERRUPT in"
"1659","1.596150","1.2.1","host","USB","40","URB_INTERRUPT in"
"1660","1.596169","host","1.2.1","USB","27","URB_INTERRUPT in"
"1661","1.598151","1.2.1","host","USB","40","URB_INTERRUPT in"
"1662","1.598174","host","1.2.1","USB","27","URB_INTERRUPT in"
"1663","1.599150","1.2.1","host","USB","40","URB_INTERRUPT in"
"1664","1.599171","host","1.2.1","USB","27","URB_INTERRUPT in"
"1665","1.600149","1.2.1","host","USB","40","URB_INTERRUPT in"
"1666","1.600169","host","1.2.1","USB","27","URB_INTERRUPT in"
"1667","1.601150","1.2.1","host","USB","40","URB_INTERRUPT in"
"1668","1.601173","host","1.2.1","USB","27","URB_INTERRUPT in"
"1669","1.602149","1.2.1","host","USB","40","URB_INTERRUPT in"
"1670","1.602169","host","1.2.1","USB","27","URB_INTERRUPT in"
"1671","1.603149","1.2.1","host","USB","40","URB_INTERRUPT in"
"1672","1.603167","host","1.2.1","USB","27","URB_INTERRUPT in"
"1673","1.604147","1.2.1","host","USB","40","URB_INTERRUPT in"
"1674","1.604164","host","1.2.1","USB","27","URB_INTERRUPT in"
"1675","1.605149","1.2.1","host","USB","40","URB_INTERRUPT in"
"1676","1.605168","host","1.2.1","USB","27","URB_INTERRUPT in"
"1677","1.606147","1.2.1","host","USB","40","URB_INTERRUPT in"
"1678","1.606163","host","1.2.1","USB","27","URB_INTERRUPT in"
"1679","1.607146","1.2.1","host","USB","40","URB_INTERRUPT in"
"1680","1.607160","host","1.2.1","USB","27","URB_INTERRUPT in"
"1681","1.608147","1.2.1","host","USB","40","URB_INTERRUPT in"
"1682","1.608161","host","1.2.1","USB","27","URB_INTERRUPT in"
"1683","1.609148","1.2.1","host","USB","40","URB_INTERRUPT in"
"1684","1.609166","host","1.2.1","USB","27","URB_INTERRUPT in"
"1685","1.610147","1.2.1","host","USB","40","URB_INTERRUPT in"
"1686","1.610165","host","1.2.1","USB","27","URB_INTERRUPT in"
"1687","1.611148","1.2.1","host","USB","40","URB_INTERRUPT in"
"1688","1.611165","host","1.2.1","USB","27","URB_INTERRUPT in"
"1689","1.612147","1.2.1","host","USB","40","URB_INTERRUPT in"
"1690","1.612163","host","1.2.1","USB","27","URB_INTERRUPT in"
"1691","1.613147","1.2.1","host","USB","40","URB_INTERRUPT in"
"1692","1.613163","host","1.2.1","USB","27","URB_INTERRUPT in"
"1693","1.614152","1.2.1","host","USB","40","URB_INTERRUPT in"
"1694","1.614177","host","1.2.1","USB","27","URB_INTERRUPT in"
"1695","1.615151","1.2.1","host","USB","40","URB_INTERRUPT in"
"1696","1.615172","host","1.2.1","USB","27","URB_INTERRUPT in"
"1697","1.616149","1.2.1","host","USB","40","URB_INTERRUPT in"
"1698","1.616168","host","1.2.1","USB","27","URB_INTERRUPT in"
"1699","1.617149","1.2.1","host","USB","40","URB_INTERRUPT in"
"1700","1.617169","host","1.2.1","USB","27","URB_INTERRUPT in"
"1701","1.618151","1.2.1","host","USB","40","URB_INTERRUPT in"
"1702","1.618173","host","1.2.1","USB","27","URB_INTERRUPT in"
"1703","1.619147","1.2.1","host","USB","40","URB_INTERRUPT in"
"1704","1.619163","host","1.2.1","USB","27","URB_INTERRUPT in"
"1705","1.620146","1.2.1","host","USB","40","URB_INTERRUPT in"
"1706","1.620161","host","1.2.1","USB","27","URB_INTERRUPT in"
"1707","1.621146","1.2.1","host","USB","40","URB_INTERRUPT in"
"1708","1.621162","host","1.2.1","USB","27","URB_INTERRUPT in"
"1709","1.622150","1.2.1","host","USB","40","URB_INTERRUPT in"
"1710","1.622170","host","1.2.1","USB","27","URB_INTERRUPT in"
"1711","1.623147","1.2.1","host","USB","40","URB_INTERRUPT in"
"1712","1.623164","host","1.2.1","USB","27","URB_INTERRUPT in"
"1713","1.624147","1.2.1","host","USB","40","URB_INTERRUPT in"
"1714","1.624161","host","1.2.1","USB","27","URB_INTERRUPT in"
"1715","1.625147","1.2.1","host","USB","40","URB_INTERRUPT in"
"1716","1.625161","host","1.2.1","USB","27","URB_INTERRUPT in"
"1717","1.627150","1.2.1","host","USB","40","URB_INTERRUPT in"
"1718","1.627172","host","1.2.1","USB","27","URB_INTERRUPT in"
"1719","1.628147","1.2.1","host","USB","40","URB_INTERRUPT in"
"1720","1.628164","host","1.2.1","USB","27","URB_INTERRUPT in"
"1721","1.629146","1.2.1","host","USB","40","URB_INTERRUPT in"
"1722","1.629161","host","1.2.1","USB","27","URB_INTERRUPT in"
"1723","1.630146","1.2.1","host","USB","40","URB_INTERRUPT in"
"1724","1.630162","host","1.2.1","USB","27","URB_INTERRUPT in"
"1725","1.632149","1.2.1","host","USB","40","URB_INTERRUPT in"
"1726","1.632169","host","1.2.1","USB","27","URB_INTERRUPT in"
"1728","1.633146","1.2.1","host","USB","40","URB_INTERRUPT in"
"1729","1.633161","host","1.2.1","USB","27","URB_INTERRUPT in"
"1731","1.634151","1.2.1","host","USB","40","URB_INTERRUPT in"
"1732","1.634159","host","1.2.1","USB","27","URB_INTERRUPT in"
"1733","1.635149","1.2.1","host","USB","40","URB_INTERRUPT in"
"1734","1.635167","host","1.2.1","USB","27","URB_INTERRUPT in"
"1735","1.636146","1.2.1","host","USB","40","URB_INTERRUPT in"
"1736","1.636161","host","1.2.1","USB","27","URB_INTERRUPT in"
"1737","1.637146","1.2.1","host","USB","40","URB_INTERRUPT in"
"1738","1.637160","host","1.2.1","USB","27","URB_INTERRUPT in"
"1739","1.639148","1.2.1","host","USB","40","URB_INTERRUPT in"
"1740","1.639167","host","1.2.1","USB","27","URB_INTERRUPT in"
"1741","1.641146","1.2.1","host","USB","40","URB_INTERRUPT in"
"1742","1.641163","host","1.2.1","USB","27","URB_INTERRUPT in"
"1743","1.643149","1.2.1","host","USB","40","URB_INTERRUPT in"
"1744","1.643169","host","1.2.1","USB","27","URB_INTERRUPT in"
"1745","1.645148","1.2.1","host","USB","40","URB_INTERRUPT in"
"1746","1.645165","host","1.2.1","USB","27","URB_INTERRUPT in"
"1747","1.646146","1.2.1","host","USB","40","URB_INTERRUPT in"
"1748","1.646161","host","1.2.1","USB","27","URB_INTERRUPT in"
"1749","1.649149","1.2.1","host","USB","40","URB_INTERRUPT in"
"1750","1.649171","host","1.2.1","USB","27","URB_INTERRUPT in"
"1751","1.651149","1.2.1","host","USB","40","URB_INTERRUPT in"
"1752","1.651169","host","1.2.1","USB","27","URB_INTERRUPT in"
"1753","1.652148","1.2.1","host","USB","40","URB_INTERRUPT in"
"1754","1.652164","host","1.2.1","USB","27","URB_INTERRUPT in"
"1755","1.654147","1.2.1","host","USB","40","URB_INTERRUPT in"
"1756","1.654162","host","1.2.1","USB","27","URB_INTERRUPT in"
"1757","1.656148","1.2.1","host","USB","40","URB_INTERRUPT in"
"1758","1.656169","host","1.2.1","USB","27","URB_INTERRUPT in"
"1759","1.659149","1.2.1","host","USB","40","URB_INTERRUPT in"
"1760","1.659169","host","1.2.1","USB","27","URB_INTERRUPT in"
"1761","1.660149","1.2.1","host","USB","40","URB_INTERRUPT in"
"1762","1.660166","host","1.2.1","USB","27","URB_INTERRUPT in"
"1763","1.661146","1.2.1","host","USB","40","URB_INTERRUPT in"
"1764","1.661162","host","1.2.1","USB","27","URB_INTERRUPT in"
"1765","1.664154","1.2.1","host","USB","40","URB_INTERRUPT in"
"1766","1.664182","host","1.2.1","USB","27","URB_INTERRUPT in"
"1767","1.665147","1.2.1","host","USB","40","URB_INTERRUPT in"
"1768","1.665164","host","1.2.1","USB","27","URB_INTERRUPT in"
"1769","1.667146","1.2.1","host","USB","40","URB_INTERRUPT in"
"1770","1.667161","host","1.2.1","USB","27","URB_INTERRUPT in"
"1771","1.669150","1.2.1","host","USB","40","URB_INTERRUPT in"
"1772","1.669170","host","1.2.1","USB","27","URB_INTERRUPT in"
"1773","1.670146","1.2.1","host","USB","40","URB_INTERRUPT in"
"1774","1.670161","host","1.2.1","USB","27","URB_INTERRUPT in"
"1775","1.672148","1.2.1","host","USB","40","URB_INTERRUPT in"
"1776","1.672165","host","1.2.1","USB","27","URB_INTERRUPT in"
"1777","1.673147","1.2.1","host","USB","40","URB_INTERRUPT in"
"1778","1.673162","host","1.2.1","USB","27","URB_INTERRUPT in"
"1779","1.675146","1.2.1","host","USB","40","URB_INTERRUPT in"
"1780","1.675161","host","1.2.1","USB","27","URB_INTERRUPT in"
"1781","1.678149","1.2.1","host","USB","40","URB_INTERRUPT in"
"1782","1.678169","host","1.2.1","USB","27","URB_INTERRUPT in"
"1783","1.680148","1.2.1","host","USB","40","URB_INTERRUPT in"
"1784","1.680170","host","1.2.1","USB","27","URB_INTERRUPT in"
"1785","1.684150","1.2.1","host","USB","40","URB_INTERRUPT in"
"1786","1.684175","host","1.2.1","USB","27","URB_INTERRUPT in"
"1787","1.687149","1.2.1","host","USB","40","URB_INTERRUPT in"
"1788","1.687169","host","1.2.1","USB","27","URB_INTERRUPT in"
"1789","1.688147","1.2.1","host","USB","40","URB_INTERRUPT in"
"1790","1.688162","host","1.2.1","USB","27","URB_INTERRUPT in"
"1791","1.692150","1.2.1","host","USB","40","URB_INTERRUPT in"
"1792","1.692171","host","1.2.1","USB","27","URB_INTERRUPT in"
"1793","1.693151","1.2.1","host","USB","40","URB_INTERRUPT in"
"1794","1.693173","host","1.2.1","USB","27","URB_INTERRUPT in"
"1795","1.698151","1.2.1","host","USB","40","URB_INTERRUPT in"
"1796","1.698175","host","1.2.1","USB","27","URB_INTERRUPT in"
"1799","1.700146","1.2.1","host","USB","40","URB_INTERRUPT in"
"1800","1.700167","host","1.2.1","USB","27","URB_INTERRUPT in"
"1801","1.706151","1.2.1","host","USB","40","URB_INTERRUPT in"
"1802","1.706174","host","1.2.1","USB","27","URB_INTERRUPT in"
"1803","1.710151","1.2.1","host","USB","40","URB_INTERRUPT in"
"1804","1.710175","host","1.2.1","USB","27","URB_INTERRUPT in"
"1805","1.715150","1.2.1","host","USB","40","URB_INTERRUPT in"
"1806","1.715172","host","1.2.1","USB","27","URB_INTERRUPT in"
"1807","1.722150","1.2.1","host","USB","40","URB_INTERRUPT in"
"1808","1.722174","host","1.2.1","USB","27","URB_INTERRUPT in"
"1809","1.723146","1.2.1","host","USB","40","URB_INTERRUPT in"
"1810","1.723162","host","1.2.1","USB","27","URB_INTERRUPT in"
"1811","1.725148","1.2.1","host","USB","40","URB_INTERRUPT in"
"1812","1.725168","host","1.2.1","USB","27","URB_INTERRUPT in"
"1813","1.728152","1.2.1","host","USB","40","URB_INTERRUPT in"
"1814","1.728180","host","1.2.1","USB","27","URB_INTERRUPT in"
"1815","1.729149","1.2.1","host","USB","40","URB_INTERRUPT in"
"1816","1.729167","host","1.2.1","USB","27","URB_INTERRUPT in"
"1817","1.730148","1.2.1","host","USB","40","URB_INTERRUPT in"
"1818","1.730170","host","1.2.1","USB","27","URB_INTERRUPT in"
"1819","1.732148","1.2.1","host","USB","40","URB_INTERRUPT in"
"1820","1.732166","host","1.2.1","USB","27","URB_INTERRUPT in"
"1821","1.733146","1.2.1","host","USB","40","URB_INTERRUPT in"
"1822","1.733162","host","1.2.1","USB","27","URB_INTERRUPT in"
"1823","1.734149","1.2.1","host","USB","40","URB_INTERRUPT in"
"1824","1.734169","host","1.2.1","USB","27","URB_INTERRUPT in"
"1825","1.736149","1.2.1","host","USB","40","URB_INTERRUPT in"
"1826","1.736168","host","1.2.1","USB","27","URB_INTERRUPT in"
"1827","1.737146","1.2.1","host","USB","40","URB_INTERRUPT in"
"1828","1.737161","host","1.2.1","USB","27","URB_INTERRUPT in"
"1829","1.738154","1.2.1","host","USB","40","URB_INTERRUPT in"
"1830","1.738170","host","1.2.1","USB","27","URB_INTERRUPT in"
"1831","1.739151","1.2.1","host","USB","40","URB_INTERRUPT in"
"1832","1.739175","host","1.2.1","USB","27","URB_INTERRUPT in"
"1833","1.740150","1.2.1","host","USB","40","URB_INTERRUPT in"
"1834","1.740171","host","1.2.1","USB","27","URB_INTERRUPT in"
"1835","1.741149","1.2.1","host","USB","40","URB_INTERRUPT in"
"1836","1.741168","host","1.2.1","USB","27","URB_INTERRUPT in"
"1837","1.743153","1.2.1","host","USB","40","URB_INTERRUPT in"
"1838","1.743182","host","1.2.1","USB","27","URB_INTERRUPT in"
"1839","1.744150","1.2.1","host","USB","40","URB_INTERRUPT in"
"1840","1.744170","host","1.2.1","USB","27","URB_INTERRUPT in"
"1841","1.745150","1.2.1","host","USB","40","URB_INTERRUPT in"
"1842","1.745170","host","1.2.1","USB","27","URB_INTERRUPT in"
"1843","1.746148","1.2.1","host","USB","40","URB_INTERRUPT in"
"1844","1.746164","host","1.2.1","USB","27","URB_INTERRUPT in"
"1845","1.747152","1.2.1","host","USB","40","URB_INTERRUPT in"
"1846","1.747175","host","1.2.1","USB","27","URB_INTERRUPT in"
"1847","1.748149","1.2.1","host","USB","40","URB_INTERRUPT in"
"1848","1.748169","host","1.2.1","USB","27","URB_INTERRUPT in"
"1849","1.749145","1.2.1","host","USB","40","URB_INTERRUPT in"
"1850","1.749159","host","1.2.1","USB","27","URB_INTERRUPT in"
"1851","1.750145","1.2.1","host","USB","40","URB_INTERRUPT in"
"1852","1.750159","host","1.2.1","USB","27","URB_INTERRUPT in"
"1853","1.751148","1.2.1","host","USB","40","URB_INTERRUPT in"
"1854","1.751166","host","1.2.1","USB","27","URB_INTERRUPT in"
"1855","1.752147","1.2.1","host","USB","40","URB_INTERRUPT in"
"1856","1.752163","host","1.2.1","USB","27","URB_INTERRUPT in"
"1857","1.753146","1.2.1","host","USB","40","URB_INTERRUPT in"
"1858","1.753163","host","1.2.1","USB","27","URB_INTERRUPT in"
"1859","1.754146","1.2.1","host","USB","40","URB_INTERRUPT in"
"1860","1.754161","host","1.2.1","USB","27","URB_INTERRUPT in"
"1861","1.756149","1.2.1","host","USB","40","URB_INTERRUPT in"
"1862","1.756171","host","1.2.1","USB","27","URB_INTERRUPT in"
"1863","1.757148","1.2.1","host","USB","40","URB_INTERRUPT in"
"1864","1.757164","host","1.2.1","USB","27","URB_INTERRUPT in"
"1865","1.758145","1.2.1","host","USB","40","URB_INTERRUPT in"
"1866","1.758160","host","1.2.1","USB","27","URB_INTERRUPT in"
"1867","1.760150","1.2.1","host","USB","40","URB_INTERRUPT in"
"1868","1.760172","host","1.2.1","USB","27","URB_INTERRUPT in"
"1869","1.761146","1.2.1","host","USB","40","URB_INTERRUPT in"
"1870","1.761163","host","1.2.1","USB","27","URB_INTERRUPT in"
"1871","1.762146","1.2.1","host","USB","40","URB_INTERRUPT in"
"1872","1.762159","host","1.2.1","USB","27","URB_INTERRUPT in"
"1873","1.763160","1.2.1","host","USB","40","URB_INTERRUPT in"
"1874","1.763174","host","1.2.1","USB","27","URB_INTERRUPT in"
"1875","1.764149","1.2.1","host","USB","40","URB_INTERRUPT in"
"1876","1.764170","host","1.2.1","USB","27","URB_INTERRUPT in"
"1878","1.765146","1.2.1","host","USB","40","URB_INTERRUPT in"
"1879","1.765161","host","1.2.1","USB","27","URB_INTERRUPT in"
"1880","1.766144","1.2.1","host","USB","40","URB_INTERRUPT in"
"1881","1.766159","host","1.2.1","USB","27","URB_INTERRUPT in"
"1883","1.767145","1.2.1","host","USB","40","URB_INTERRUPT in"
"1884","1.767160","host","1.2.1","USB","27","URB_INTERRUPT in"
"1885","1.768147","1.2.1","host","USB","40","URB_INTERRUPT in"
"1886","1.768166","host","1.2.1","USB","27","URB_INTERRUPT in"
"1887","1.769146","1.2.1","host","USB","40","URB_INTERRUPT in"
"1888","1.769160","host","1.2.1","USB","27","URB_INTERRUPT in"
"1889","1.770146","1.2.1","host","USB","40","URB_INTERRUPT in"
"1890","1.770160","host","1.2.1","USB","27","URB_INTERRUPT in"
"1891","1.772147","1.2.1","host","USB","40","URB_INTERRUPT in"
"1892","1.772165","host","1.2.1","USB","27","URB_INTERRUPT in"
"1893","1.774147","1.2.1","host","USB","40","URB_INTERRUPT in"
"1894","1.774163","host","1.2.1","USB","27","URB_INTERRUPT in"
"1895","1.776149","1.2.1","host","USB","40","URB_INTERRUPT in"
"1896","1.776169","host","1.2.1","USB","27","URB_INTERRUPT in"
"1897","1.777147","1.2.1","host","USB","40","URB_INTERRUPT in"
"1898","1.777161","host","1.2.1","USB","27","URB_INTERRUPT in"
"1899","1.779146","1.2.1","host","USB","40","URB_INTERRUPT in"
"1900","1.779162","host","1.2.1","USB","27","URB_INTERRUPT in"
"1901","1.781148","1.2.1","host","USB","40","URB_INTERRUPT in"
"1902","1.781167","host","1.2.1","USB","27","URB_INTERRUPT in"
"1903","1.783147","1.2.1","host","USB","40","URB_INTERRUPT in"
"1904","1.783165","host","1.2.1","USB","27","URB_INTERRUPT in"
"1905","1.785148","1.2.1","host","USB","40","URB_INTERRUPT in"
"1906","1.785166","host","1.2.1","USB","27","URB_INTERRUPT in"
"1907","1.786146","1.2.1","host","USB","40","URB_INTERRUPT in"
"1908","1.786160","host","1.2.1","USB","27","URB_INTERRUPT in"
"1909","1.787146","1.2.1","host","USB","40","URB_INTERRUPT in"
"1910","1.787161","host","1.2.1","USB","27","URB_INTERRUPT in"
"1911","1.788164","1.2.1","host","USB","40","URB_INTERRUPT in"
"1912","1.788182","host","1.2.1","USB","27","URB_INTERRUPT in"
"1913","1.789149","1.2.1","host","USB","40","URB_INTERRUPT in"
"1914","1.789168","host","1.2.1","USB","27","URB_INTERRUPT in"
"1915","1.791148","1.2.1","host","USB","40","URB_INTERRUPT in"
"1916","1.791166","host","1.2.1","USB","27","URB_INTERRUPT in"
"1917","1.792146","1.2.1","host","USB","40","URB_INTERRUPT in"
"1918","1.792161","host","1.2.1","USB","27","URB_INTERRUPT in"
"1919","1.793149","1.2.1","host","USB","40","URB_INTERRUPT in"
"1920","1.793170","host","1.2.1","USB","27","URB_INTERRUPT in"
"1921","1.794146","1.2.1","host","USB","40","URB_INTERRUPT in"
"1922","1.794161","host","1.2.1","USB","27","URB_INTERRUPT in"
"1923","1.795145","1.2.1","host","USB","40","URB_INTERRUPT in"
"1924","1.795160","host","1.2.1","USB","27","URB_INTERRUPT in"
"1925","1.797150","1.2.1","host","USB","40","URB_INTERRUPT in"
"1926","1.797172","host","1.2.1","USB","27","URB_INTERRUPT in"
"1928","1.799146","1.2.1","host","USB","40","URB_INTERRUPT in"
"1929","1.799162","host","1.2.1","USB","27","URB_INTERRUPT in"
"1931","1.800144","1.2.1","host","USB","40","URB_INTERRUPT in"
"1932","1.800162","host","1.2.1","USB","27","URB_INTERRUPT in"
"1933","1.802149","1.2.1","host","USB","40","URB_INTERRUPT in"
"1934","1.802169","host","1.2.1","USB","27","URB_INTERRUPT in"
"1935","1.804146","1.2.1","host","USB","40","URB_INTERRUPT in"
"1936","1.804161","host","1.2.1","USB","27","URB_INTERRUPT in"
"1937","1.805147","1.2.1","host","USB","40","URB_INTERRUPT in"
"1938","1.805166","host","1.2.1","USB","27","URB_INTERRUPT in"
"1939","1.806146","1.2.1","host","USB","40","URB_INTERRUPT in"
"1940","1.806163","host","1.2.1","USB","27","URB_INTERRUPT in"
"1941","1.808146","1.2.1","host","USB","40","URB_INTERRUPT in"
"1942","1.808162","host","1.2.1","USB","27","URB_INTERRUPT in"
"1943","1.809147","1.2.1","host","USB","40","URB_INTERRUPT in"
"1944","1.809164","host","1.2.1","USB","27","URB_INTERRUPT in"
"1945","1.811147","1.2.1","host","USB","40","URB_INTERRUPT in"
"1946","1.811164","host","1.2.1","USB","27","URB_INTERRUPT in"
"1947","1.812146","1.2.1","host","USB","40","URB_INTERRUPT in"
"1948","1.812161","host","1.2.1","USB","27","URB_INTERRUPT in"
"1949","1.814149","1.2.1","host","USB","40","URB_INTERRUPT in"
"1950","1.814169","host","1.2.1","USB","27","URB_INTERRUPT in"
"1951","1.815146","1.2.1","host","USB","40","URB_INTERRUPT in"
"1952","1.815162","host","1.2.1","USB","27","URB_INTERRUPT in"
"1953","1.817146","1.2.1","host","USB","40","URB_INTERRUPT in"
"1954","1.817161","host","1.2.1","USB","27","URB_INTERRUPT in"
"1955","1.819148","1.2.1","host","USB","40","URB_INTERRUPT in"
"1956","1.819168","host","1.2.1","USB","27","URB_INTERRUPT in"
"1957","1.822148","1.2.1","host","USB","40","URB_INTERRUPT in"
"1958","1.822169","host","1.2.1","USB","27","URB_INTERRUPT in"
"1959","1.825147","1.2.1","host","USB","40","URB_INTERRUPT in"
"1960","1.825164","host","1.2.1","USB","27","URB_INTERRUPT in"
"1961","1.828150","1.2.1","host","USB","40","URB_INTERRUPT in"
"1962","1.828173","host","1.2.1","USB","27","URB_INTERRUPT in"
"1963","1.829147","1.2.1","host","USB","40","URB_INTERRUPT in"
"1964","1.829164","host","1.2.1","USB","27","URB_INTERRUPT in"
"1967","1.833147","1.2.1","host","USB","40","URB_INTERRUPT in"
"1968","1.833168","host","1.2.1","USB","27","URB_INTERRUPT in"
"1969","1.836153","1.2.1","host","USB","40","URB_INTERRUPT in"
"1970","1.836175","host","1.2.1","USB","27","URB_INTERRUPT in"
"1971","1.841150","1.2.1","host","USB","40","URB_INTERRUPT in"
"1972","1.841173","host","1.2.1","USB","27","URB_INTERRUPT in"
"1973","1.847150","1.2.1","host","USB","40","URB_INTERRUPT in"
"1974","1.847176","host","1.2.1","USB","27","URB_INTERRUPT in"
"1975","1.853149","1.2.1","host","USB","40","URB_INTERRUPT in"
"1976","1.853172","host","1.2.1","USB","27","URB_INTERRUPT in"
"1977","1.860150","1.2.1","host","USB","40","URB_INTERRUPT in"
"1978","1.860174","host","1.2.1","USB","27","URB_INTERRUPT in"
"1979","1.868150","1.2.1","host","USB","40","URB_INTERRUPT in"
"1980","1.868175","host","1.2.1","USB","27","URB_INTERRUPT in"
"1981","1.875150","1.2.1","host","USB","40","URB_INTERRUPT in"
"1982","1.875174","host","1.2.1","USB","27","URB_INTERRUPT in"
"1983","1.880150","1.2.1","host","USB","40","URB_INTERRUPT in"
"1984","1.880174","host","1.2.1","USB","27","URB_INTERRUPT in"
"1985","1.884149","1.2.1","host","USB","40","URB_INTERRUPT in"
"1986","1.884173","host","1.2.1","USB","27","URB_INTERRUPT in"
"1987","1.886150","1.2.1","host","USB","40","URB_INTERRUPT in"
"1988","1.886170","host","1.2.1","USB","27","URB_INTERRUPT in"
"1989","1.890150","1.2.1","host","USB","40","URB_INTERRUPT in"
"1990","1.890171","host","1.2.1","USB","27","URB_INTERRUPT in"
"1991","1.895149","1.2.1","host","USB","40","URB_INTERRUPT in"
"1992","1.895170","host","1.2.1","USB","27","URB_INTERRUPT in"
"1993","1.896147","1.2.1","host","USB","40","URB_INTERRUPT in"
"1994","1.896165","host","1.2.1","USB","27","URB_INTERRUPT in"
"1997","1.901149","1.2.1","host","USB","40","URB_INTERRUPT in"
"1998","1.901172","host","1.2.1","USB","27","URB_INTERRUPT in"
"1999","1.907151","1.2.1","host","USB","40","URB_INTERRUPT in"
"2000","1.907177","host","1.2.1","USB","27","URB_INTERRUPT in"
"2001","1.913180","1.2.1","host","USB","40","URB_INTERRUPT in"
"2002","1.913207","host","1.2.1","USB","27","URB_INTERRUPT in"
"2003","1.920149","1.2.1","host","USB","40","URB_INTERRUPT in"
"2004","1.920173","host","1.2.1","USB","27","URB_INTERRUPT in"
"2007","1.990312","1.2.3","host","USB","47","URB_INTERRUPT in"
"2008","1.990333","host","1.2.3","USB","27","URB_INTERRUPT in"
"2009","1.990418","1.2.1","host","USB","40","URB_INTERRUPT in"
"2010","1.990431","host","1.2.1","USB","27","URB_INTERRUPT in"
"2011","1.995154","1.2.3","host","USB","47","URB_INTERRUPT in"
"2012","1.995175","host","1.2.3","USB","27","URB_INTERRUPT in"
"2019","2.096173","1.2.3","host","USB","47","URB_INTERRUPT in"
"2020","2.096181","host","1.2.3","USB","27","URB_INTERRUPT in"
"2021","2.130154","1.2.3","host","USB","47","URB_INTERRUPT in"
"2022","2.130177","host","1.2.3","USB","27","URB_INTERRUPT in"
"2023","2.146153","1.2.3","host","USB","47","URB_INTERRUPT in"
"2024","2.146173","host","1.2.3","USB","27","URB_INTERRUPT in"
"2027","2.163180","1.2.3","host","USB","47","URB_INTERRUPT in"
"2028","2.163197","host","1.2.3","USB","27","URB_INTERRUPT in"
"2029","2.180153","1.2.3","host","USB","47","URB_INTERRUPT in"
"2030","2.180174","host","1.2.3","USB","27","URB_INTERRUPT in"
"2033","2.230151","1.2.3","host","USB","47","URB_INTERRUPT in"
"2034","2.230170","host","1.2.3","USB","27","URB_INTERRUPT in"
"2101","3.899144","1.2.1","host","USB","40","URB_INTERRUPT in"
"2102","3.899170","host","1.2.1","USB","27","URB_INTERRUPT in"
"2103","3.899269","1.2.3","host","USB","47","URB_INTERRUPT in"
"2104","3.899274","host","1.2.3","USB","27","URB_INTERRUPT in"
"2105","3.905168","1.2.3","host","USB","47","URB_INTERRUPT in"
"2106","3.905192","host","1.2.3","USB","27","URB_INTERRUPT in"
"2109","3.922151","1.2.3","host","USB","47","URB_INTERRUPT in"
"2110","3.922178","host","1.2.3","USB","27","URB_INTERRUPT in"
"2111","3.939174","1.2.3","host","USB","47","URB_INTERRUPT in"
"2112","3.939195","host","1.2.3","USB","27","URB_INTERRUPT in"
"2115","3.956148","1.2.3","host","USB","47","URB_INTERRUPT in"
"2116","3.956170","host","1.2.3","USB","27","URB_INTERRUPT in"
"2123","4.124161","1.2.3","host","USB","47","URB_INTERRUPT in"
"2124","4.124182","host","1.2.3","USB","27","URB_INTERRUPT in"
"2157","4.880293","1.2.1","host","USB","40","URB_INTERRUPT in"
"2158","4.880315","host","1.2.1","USB","27","URB_INTERRUPT in"
"2159","4.880395","1.2.3","host","USB","47","URB_INTERRUPT in"
"2160","4.880402","host","1.2.3","USB","27","URB_INTERRUPT in"
"2161","4.894143","1.2.3","host","USB","47","URB_INTERRUPT in"
"2162","4.894162","host","1.2.3","USB","27","URB_INTERRUPT in"
"2165","4.994143","1.2.3","host","USB","47","URB_INTERRUPT in"
"2166","4.994163","host","1.2.3","USB","27","URB_INTERRUPT in"
"2169","5.028143","1.2.3","host","USB","47","URB_INTERRUPT in"
"2170","5.028164","host","1.2.3","USB","27","URB_INTERRUPT in"
"2171","5.045142","1.2.3","host","USB","47","URB_INTERRUPT in"
"2172","5.045162","host","1.2.3","USB","27","URB_INTERRUPT in"
"2175","5.078141","1.2.3","host","USB","47","URB_INTERRUPT in"
"2176","5.078160","host","1.2.3","USB","27","URB_INTERRUPT in"
"2181","5.179142","1.2.3","host","USB","47","URB_INTERRUPT in"
"2182","5.179161","host","1.2.3","USB","27","URB_INTERRUPT in"
"2197","5.560162","1.2.1","host","USB","40","URB_INTERRUPT in"
"2198","5.560187","host","1.2.1","USB","27","URB_INTERRUPT in"
"2199","5.560278","1.2.3","host","USB","47","URB_INTERRUPT in"
"2200","5.560283","host","1.2.3","USB","27","URB_INTERRUPT in"
"2201","5.564145","1.2.3","host","USB","47","URB_INTERRUPT in"
"2202","5.564171","host","1.2.3","USB","27","URB_INTERRUPT in"
"2207","5.686286","1.2.1","host","USB","40","URB_INTERRUPT in"
"2208","5.686314","host","1.2.1","USB","27","URB_INTERRUPT in"
"2209","5.686414","1.2.3","host","USB","47","URB_INTERRUPT in"
"2210","5.686421","host","1.2.3","USB","27","URB_INTERRUPT in"
"2213","5.698137","1.2.3","host","USB","47","URB_INTERRUPT in"
"2214","5.698154","host","1.2.3","USB","27","URB_INTERRUPT in"
"2215","5.732139","1.2.3","host","USB","47","URB_INTERRUPT in"
"2216","5.732159","host","1.2.3","USB","27","URB_INTERRUPT in"
"2221","5.831139","1.2.3","host","USB","47","URB_INTERRUPT in"
"2222","5.831160","host","1.2.3","USB","27","URB_INTERRUPT in"
"2235","6.194135","1.2.1","host","USB","40","URB_INTERRUPT in"
"2236","6.194160","host","1.2.1","USB","27","URB_INTERRUPT in"
"2237","6.194260","1.2.3","host","USB","47","URB_INTERRUPT in"
"2238","6.194267","host","1.2.3","USB","27","URB_INTERRUPT in"
"2239","6.201137","1.2.3","host","USB","47","URB_INTERRUPT in"
"2240","6.201156","host","1.2.3","USB","27","URB_INTERRUPT in"
"2249","6.480798","host","1.2.0","USBHID","43","SET_REPORT Request"
"2250","6.480883","1.2.0","host","USBHID","28","SET_REPORT Response"
"2253","6.490144","1.2.3","host","USB","47","URB_INTERRUPT in"
"2254","6.490160","host","1.2.3","USB","27","URB_INTERRUPT in"
"2255","6.522300","1.2.1","host","USB","40","URB_INTERRUPT in"
"2256","6.522327","host","1.2.1","USB","27","URB_INTERRUPT in"
"2257","6.522384","1.2.3","host","USB","47","URB_INTERRUPT in"
"2258","6.522391","host","1.2.3","USB","27","URB_INTERRUPT in"
"2259","6.524136","1.2.3","host","USB","47","URB_INTERRUPT in"
"2260","6.524153","host","1.2.3","USB","27","URB_INTERRUPT in"
"2283","7.129155","1.2.1","host","USB","40","URB_INTERRUPT in"
"2284","7.129178","host","1.2.1","USB","27","URB_INTERRUPT in"
"2285","7.129275","1.2.3","host","USB","47","URB_INTERRUPT in"
"2286","7.129281","host","1.2.3","USB","27","URB_INTERRUPT in"
"2287","7.139134","1.2.3","host","USB","47","URB_INTERRUPT in"
"2288","7.139152","host","1.2.3","USB","27","URB_INTERRUPT in"
"2291","7.205162","1.2.3","host","USB","47","URB_INTERRUPT in"
"2292","7.205182","host","1.2.3","USB","27","URB_INTERRUPT in"
"2297","7.274280","1.2.1","host","USB","40","URB_INTERRUPT in"
"2298","7.274302","host","1.2.1","USB","27","URB_INTERRUPT in"
"2299","7.274405","1.2.3","host","USB","47","URB_INTERRUPT in"
"2300","7.274412","host","1.2.3","USB","27","URB_INTERRUPT in"
"2303","7.289134","1.2.3","host","USB","47","URB_INTERRUPT in"
"2304","7.289154","host","1.2.3","USB","27","URB_INTERRUPT in"
"2307","7.356199","1.2.3","host","USB","47","URB_INTERRUPT in"
"2308","7.356278","host","1.2.3","USB","27","URB_INTERRUPT in"
"2319","7.630154","1.2.1","host","USB","40","URB_INTERRUPT in"
"2320","7.630175","host","1.2.1","USB","27","URB_INTERRUPT in"
"2321","7.630262","1.2.3","host","USB","47","URB_INTERRUPT in"
"2322","7.630267","host","1.2.3","USB","27","URB_INTERRUPT in"
"2323","7.641199","1.2.3","host","USB","47","URB_INTERRUPT in"
"2324","7.641219","host","1.2.3","USB","27","URB_INTERRUPT in"
"2327","7.674129","1.2.3","host","USB","47","URB_INTERRUPT in"
"2328","7.674137","host","1.2.3","USB","27","URB_INTERRUPT in"
"2343","8.110155","1.2.3","host","USB","47","URB_INTERRUPT in"
"2344","8.110171","host","1.2.3","USB","27","URB_INTERRUPT in"
"2347","8.193230","1.2.3","host","USB","47","URB_INTERRUPT in"
"2348","8.193248","host","1.2.3","USB","27","URB_INTERRUPT in"
"2361","8.461179","1.2.3","host","USB","47","URB_INTERRUPT in"
"2362","8.461260","host","1.2.3","USB","27","URB_INTERRUPT in"
"2377","8.779152","1.2.3","host","USB","47","URB_INTERRUPT in"
"2378","8.779168","host","1.2.3","USB","27","URB_INTERRUPT in"
"2391","9.029171","1.2.3","host","USB","47","URB_INTERRUPT in"
"2392","9.029254","host","1.2.3","USB","27","URB_INTERRUPT in"
"2405","9.364133","1.2.3","host","USB","47","URB_INTERRUPT in"
"2406","9.364151","host","1.2.3","USB","27","URB_INTERRUPT in"
"2409","9.447152","1.2.3","host","USB","47","URB_INTERRUPT in"
"2410","9.447171","host","1.2.3","USB","27","URB_INTERRUPT in"
"2429","9.897310","1.2.1","host","USB","40","URB_INTERRUPT in"
"2430","9.897393","host","1.2.1","USB","27","URB_INTERRUPT in"
"2431","9.897404","1.2.3","host","USB","47","URB_INTERRUPT in"
"2432","9.897409","host","1.2.3","USB","27","URB_INTERRUPT in"
"2433","9.899142","1.2.3","host","USB","47","URB_INTERRUPT in"
"2434","9.899157","host","1.2.3","USB","27","URB_INTERRUPT in"
"2436","9.916210","1.2.3","host","USB","47","URB_INTERRUPT in"
"2437","9.916289","host","1.2.3","USB","27","URB_INTERRUPT in"
"2439","9.932151","1.2.3","host","USB","47","URB_INTERRUPT in"
"2440","9.932172","host","1.2.3","USB","27","URB_INTERRUPT in"
"2441","9.949145","1.2.3","host","USB","47","URB_INTERRUPT in"
"2442","9.949167","host","1.2.3","USB","27","URB_INTERRUPT in"
"2443","9.965125","1.2.3","host","USB","47","URB_INTERRUPT in"
"2444","9.965145","host","1.2.3","USB","27","URB_INTERRUPT in"
"2447","9.999121","1.2.3","host","USB","47","URB_INTERRUPT in"
"2448","9.999135","host","1.2.3","USB","27","URB_INTERRUPT in"
"2449","10.032124","1.2.3","host","USB","47","URB_INTERRUPT in"
"2450","10.032145","host","1.2.3","USB","27","URB_INTERRUPT in"
"2453","10.066147","1.2.3","host","USB","47","URB_INTERRUPT in"
"2454","10.066230","host","1.2.3","USB","27","URB_INTERRUPT in"
"2457","10.083138","1.2.3","host","USB","47","URB_INTERRUPT in"
"2458","10.083231","host","1.2.3","USB","27","URB_INTERRUPT in"
"2459","10.133177","1.2.3","host","USB","47","URB_INTERRUPT in"
"2460","10.133251","host","1.2.3","USB","27","URB_INTERRUPT in"
"2511","11.457116","1.2.1","host","USB","40","URB_INTERRUPT in"
"2512","11.457141","host","1.2.1","USB","27","URB_INTERRUPT in"
"2513","11.457242","1.2.3","host","USB","47","URB_INTERRUPT in"
"2514","11.457247","host","1.2.3","USB","27","URB_INTERRUPT in"
"2517","11.472141","1.2.3","host","USB","47","URB_INTERRUPT in"
"2518","11.472228","host","1.2.3","USB","27","URB_INTERRUPT in"
"2519","11.489143","1.2.3","host","USB","47","URB_INTERRUPT in"
"2520","11.489226","host","1.2.3","USB","27","URB_INTERRUPT in"
"2521","11.506119","1.2.3","host","USB","47","URB_INTERRUPT in"
"2522","11.506140","host","1.2.3","USB","27","URB_INTERRUPT in"
"2523","11.522144","1.2.3","host","USB","47","URB_INTERRUPT in"
"2524","11.522228","host","1.2.3","USB","27","URB_INTERRUPT in"
"2527","11.539116","1.2.3","host","USB","47","URB_INTERRUPT in"
"2528","11.539131","host","1.2.3","USB","27","URB_INTERRUPT in"
"2531","11.600238","1.2.1","host","USB","40","URB_INTERRUPT in"
"2532","11.600259","host","1.2.1","USB","27","URB_INTERRUPT in"
"2533","11.600364","1.2.3","host","USB","47","URB_INTERRUPT in"
"2534","11.600370","host","1.2.3","USB","27","URB_INTERRUPT in"
"2535","11.606118","1.2.3","host","USB","47","URB_INTERRUPT in"
"2536","11.606141","host","1.2.3","USB","27","URB_INTERRUPT in"
"2539","11.657117","1.2.3","host","USB","47","URB_INTERRUPT in"
"2540","11.657138","host","1.2.3","USB","27","URB_INTERRUPT in"
"2545","11.742112","1.2.1","host","USB","40","URB_INTERRUPT in"
"2546","11.742133","host","1.2.1","USB","27","URB_INTERRUPT in"
"2547","11.742240","1.2.3","host","USB","47","URB_INTERRUPT in"
"2548","11.742246","host","1.2.3","USB","27","URB_INTERRUPT in"
"2549","11.757136","1.2.3","host","USB","47","URB_INTERRUPT in"
"2550","11.757156","host","1.2.3","USB","27","URB_INTERRUPT in"
"2553","11.773115","1.2.3","host","USB","47","URB_INTERRUPT in"
"2554","11.773131","host","1.2.3","USB","27","URB_INTERRUPT in"
"2559","11.901267","1.2.1","host","USB","40","URB_INTERRUPT in"
"2560","11.901350","host","1.2.1","USB","27","URB_INTERRUPT in"
"2561","11.901362","1.2.3","host","USB","47","URB_INTERRUPT in"
"2562","11.901366","host","1.2.3","USB","27","URB_INTERRUPT in"
"2563","11.907116","1.2.3","host","USB","47","URB_INTERRUPT in"
"2564","11.907133","host","1.2.3","USB","27","URB_INTERRUPT in"
"2567","11.940141","1.2.3","host","USB","47","URB_INTERRUPT in"
"2568","11.940157","host","1.2.3","USB","27","URB_INTERRUPT in"
"2571","11.991144","1.2.3","host","USB","47","URB_INTERRUPT in"
"2572","11.991161","host","1.2.3","USB","27","URB_INTERRUPT in"
"2573","12.024218","1.2.3","host","USB","47","URB_INTERRUPT in"
"2574","12.024239","host","1.2.3","USB","27","URB_INTERRUPT in"
"2577","12.074117","1.2.3","host","USB","47","URB_INTERRUPT in"
"2578","12.074138","host","1.2.3","USB","27","URB_INTERRUPT in"
"2583","12.158145","1.2.3","host","USB","47","URB_INTERRUPT in"
"2584","12.158161","host","1.2.3","USB","27","URB_INTERRUPT in"
"2611","12.823259","1.2.1","host","USB","40","URB_INTERRUPT in"
"2612","12.823281","host","1.2.1","USB","27","URB_INTERRUPT in"
"2613","12.823290","1.2.3","host","USB","47","URB_INTERRUPT in"
"2614","12.823295","host","1.2.3","USB","27","URB_INTERRUPT in"
"2615","12.827114","1.2.3","host","USB","47","URB_INTERRUPT in"
"2616","12.827133","host","1.2.3","USB","27","URB_INTERRUPT in"
"2617","12.844114","1.2.3","host","USB","47","URB_INTERRUPT in"
"2618","12.844135","host","1.2.3","USB","27","URB_INTERRUPT in"
"2631","13.212140","1.2.3","host","USB","47","URB_INTERRUPT in"
"2632","13.212158","host","1.2.3","USB","27","URB_INTERRUPT in"
"2637","13.295179","1.2.3","host","USB","47","URB_INTERRUPT in"
"2638","13.295194","host","1.2.3","USB","27","URB_INTERRUPT in"
"2641","13.329134","1.2.3","host","USB","47","URB_INTERRUPT in"
"2642","13.329218","host","1.2.3","USB","27","URB_INTERRUPT in"
"2643","13.346113","1.2.3","host","USB","47","URB_INTERRUPT in"
"2644","13.346134","host","1.2.3","USB","27","URB_INTERRUPT in"
"2659","13.698113","1.2.3","host","USB","47","URB_INTERRUPT in"
"2660","13.698129","host","1.2.3","USB","27","URB_INTERRUPT in"
"2665","13.849110","1.2.3","host","USB","47","URB_INTERRUPT in"
"2666","13.849130","host","1.2.3","USB","27","URB_INTERRUPT in"
"2683","14.251269","1.2.1","host","USB","40","URB_INTERRUPT in"
"2684","14.251340","host","1.2.1","USB","27","URB_INTERRUPT in"
"2685","14.251356","1.2.3","host","USB","47","URB_INTERRUPT in"
"2686","14.251362","host","1.2.3","USB","27","URB_INTERRUPT in"
"2687","14.252104","1.2.3","host","USB","47","URB_INTERRUPT in"
"2688","14.252118","host","1.2.3","USB","27","URB_INTERRUPT in"
"2693","14.368126","1.2.3","host","USB","47","URB_INTERRUPT in"
"2694","14.368142","host","1.2.3","USB","27","URB_INTERRUPT in"
"2697","14.419140","1.2.3","host","USB","47","URB_INTERRUPT in"
"2698","14.419162","host","1.2.3","USB","27","URB_INTERRUPT in"
"2699","14.452167","1.2.3","host","USB","47","URB_INTERRUPT in"
"2700","14.452271","host","1.2.3","USB","27","URB_INTERRUPT in"
"2702","14.469109","1.2.3","host","USB","47","URB_INTERRUPT in"
"2703","14.469116","host","1.2.3","USB","27","URB_INTERRUPT in"
"2705","14.486107","1.2.3","host","USB","47","URB_INTERRUPT in"
"2706","14.486128","host","1.2.3","USB","27","URB_INTERRUPT in"
"2708","14.503108","1.2.3","host","USB","47","URB_INTERRUPT in"
"2709","14.503122","host","1.2.3","USB","27","URB_INTERRUPT in"
"2711","14.553140","1.2.3","host","USB","47","URB_INTERRUPT in"
"2712","14.553184","host","1.2.3","USB","27","URB_INTERRUPT in"
"2769","15.967124","1.2.1","host","USB","40","URB_INTERRUPT in"
"2770","15.967146","host","1.2.1","USB","27","URB_INTERRUPT in"
"2771","15.967259","1.2.3","host","USB","47","URB_INTERRUPT in"
"2772","15.967264","host","1.2.3","USB","27","URB_INTERRUPT in"
"2773","15.976126","1.2.3","host","USB","47","URB_INTERRUPT in"
"2774","15.976210","host","1.2.3","USB","27","URB_INTERRUPT in"
"2777","15.993124","1.2.3","host","USB","47","URB_INTERRUPT in"
"2778","15.993209","host","1.2.3","USB","27","URB_INTERRUPT in"
"2791","16.294125","1.2.3","host","USB","47","URB_INTERRUPT in"
"2792","16.294142","host","1.2.3","USB","27","URB_INTERRUPT in"
"2797","16.378127","1.2.3","host","USB","47","URB_INTERRUPT in"
"2798","16.378148","host","1.2.3","USB","27","URB_INTERRUPT in"
"2803","16.462122","1.2.3","host","USB","47","URB_INTERRUPT in"
"2804","16.462140","host","1.2.3","USB","27","URB_INTERRUPT in"
"2805","16.496130","1.2.3","host","USB","47","URB_INTERRUPT in"
"2806","16.496212","host","1.2.3","USB","27","URB_INTERRUPT in"
"2815","16.697123","1.2.3","host","USB","47","URB_INTERRUPT in"
"2816","16.697205","host","1.2.3","USB","27","URB_INTERRUPT in"
"2819","16.730167","1.2.3","host","USB","47","URB_INTERRUPT in"
"2820","16.730245","host","1.2.3","USB","27","URB_INTERRUPT in"
"2825","16.864154","1.2.3","host","USB","47","URB_INTERRUPT in"
"2826","16.864234","host","1.2.3","USB","27","URB_INTERRUPT in"
"2835","17.106247","1.2.1","host","USB","40","URB_INTERRUPT in"
"2836","17.106273","host","1.2.1","USB","27","URB_INTERRUPT in"
"2837","17.106284","1.2.3","host","USB","47","URB_INTERRUPT in"
"2838","17.106288","host","1.2.3","USB","27","URB_INTERRUPT in"
"2841","17.116095","1.2.3","host","USB","47","URB_INTERRUPT in"
"2842","17.116112","host","1.2.3","USB","27","URB_INTERRUPT in"
"2843","17.149160","1.2.3","host","USB","47","URB_INTERRUPT in"
"2844","17.149240","host","1.2.3","USB","27","URB_INTERRUPT in"
"2847","17.216128","1.2.3","host","USB","47","URB_INTERRUPT in"
"2848","17.216193","host","1.2.3","USB","27","URB_INTERRUPT in"
"2851","17.249119","1.2.3","host","USB","47","URB_INTERRUPT in"
"2852","17.249199","host","1.2.3","USB","27","URB_INTERRUPT in"
"2853","17.283124","1.2.3","host","USB","47","URB_INTERRUPT in"
"2854","17.283145","host","1.2.3","USB","27","URB_INTERRUPT in"
"2855","17.299102","1.2.3","host","USB","47","URB_INTERRUPT in"
"2856","17.299129","host","1.2.3","USB","27","URB_INTERRUPT in"
"2859","17.316118","1.2.3","host","USB","47","URB_INTERRUPT in"
"2860","17.316210","host","1.2.3","USB","27","URB_INTERRUPT in"
"2861","17.333124","1.2.3","host","USB","47","URB_INTERRUPT in"
"2862","17.333145","host","1.2.3","USB","27","URB_INTERRUPT in"
"2865","17.383130","1.2.3","host","USB","47","URB_INTERRUPT in"
"2866","17.383217","host","1.2.3","USB","27","URB_INTERRUPT in"
"2913","18.648134","1.2.1","host","USB","40","URB_INTERRUPT in"
"2914","18.648218","host","1.2.1","USB","27","URB_INTERRUPT in"
"2915","18.648229","1.2.3","host","USB","47","URB_INTERRUPT in"
"2916","18.648234","host","1.2.3","USB","27","URB_INTERRUPT in"
"2917","18.656148","1.2.3","host","USB","47","URB_INTERRUPT in"
"2918","18.656226","host","1.2.3","USB","27","URB_INTERRUPT in"
"2921","18.673091","1.2.3","host","USB","47","URB_INTERRUPT in"
"2922","18.673111","host","1.2.3","USB","27","URB_INTERRUPT in"
"2923","18.707100","1.2.3","host","USB","47","URB_INTERRUPT in"
"2924","18.707121","host","1.2.3","USB","27","URB_INTERRUPT in"
"2925","18.723150","1.2.3","host","USB","47","URB_INTERRUPT in"
"2926","18.723227","host","1.2.3","USB","27","URB_INTERRUPT in"
"2939","19.025114","1.2.3","host","USB","47","URB_INTERRUPT in"
"2940","19.025130","host","1.2.3","USB","27","URB_INTERRUPT in"
"2943","19.091137","1.2.3","host","USB","47","URB_INTERRUPT in"
"2944","19.091188","host","1.2.3","USB","27","URB_INTERRUPT in"
"2947","19.125128","1.2.3","host","USB","47","URB_INTERRUPT in"
"2948","19.125222","host","1.2.3","USB","27","URB_INTERRUPT in"
"2949","19.175098","1.2.3","host","USB","47","URB_INTERRUPT in"
"2950","19.175118","host","1.2.3","USB","27","URB_INTERRUPT in"
"2959","19.377197","1.2.3","host","USB","47","URB_INTERRUPT in"
"2960","19.377217","host","1.2.3","USB","27","URB_INTERRUPT in"
"2969","19.580213","1.2.1","host","USB","40","URB_INTERRUPT in"
"2970","19.580234","host","1.2.1","USB","27","URB_INTERRUPT in"
"2971","19.580244","1.2.3","host","USB","47","URB_INTERRUPT in"
"2972","19.580248","host","1.2.3","USB","27","URB_INTERRUPT in"
"2975","19.594086","1.2.3","host","USB","47","URB_INTERRUPT in"
"2976","19.594102","host","1.2.3","USB","27","URB_INTERRUPT in"
"2977","19.611115","1.2.3","host","USB","47","URB_INTERRUPT in"
"2978","19.611136","host","1.2.3","USB","27","URB_INTERRUPT in"
"2979","19.628091","1.2.3","host","USB","47","URB_INTERRUPT in"
"2980","19.628112","host","1.2.3","USB","27","URB_INTERRUPT in"
"2981","19.644148","1.2.3","host","USB","47","URB_INTERRUPT in"
"2982","19.644228","host","1.2.3","USB","27","URB_INTERRUPT in"
"2985","19.695115","1.2.3","host","USB","47","URB_INTERRUPT in"
"2986","19.695134","host","1.2.3","USB","27","URB_INTERRUPT in"
"2987","19.712118","1.2.3","host","USB","47","URB_INTERRUPT in"
"2988","19.712140","host","1.2.3","USB","27","URB_INTERRUPT in"
"2991","19.745122","1.2.3","host","USB","47","URB_INTERRUPT in"
"2992","19.745140","host","1.2.3","USB","27","URB_INTERRUPT in"
"3033","20.889128","1.2.1","host","USB","40","URB_INTERRUPT in"
"3034","20.889211","host","1.2.1","USB","27","URB_INTERRUPT in"
"3035","20.889222","1.2.3","host","USB","47","URB_INTERRUPT in"
"3036","20.889227","host","1.2.3","USB","27","URB_INTERRUPT in"
"3037","20.898123","1.2.3","host","USB","47","URB_INTERRUPT in"
"3038","20.898141","host","1.2.3","USB","27","URB_INTERRUPT in"
"3041","20.931108","1.2.3","host","USB","47","URB_INTERRUPT in"
"3042","20.931190","host","1.2.3","USB","27","URB_INTERRUPT in"
"3045","20.948086","1.2.3","host","USB","47","URB_INTERRUPT in"
"3046","20.948104","host","1.2.3","USB","27","URB_INTERRUPT in"
"3047","20.998134","1.2.3","host","USB","47","URB_INTERRUPT in"
"3048","20.998211","host","1.2.3","USB","27","URB_INTERRUPT in"
"3061","21.266097","1.2.3","host","USB","47","URB_INTERRUPT in"
"3062","21.266114","host","1.2.3","USB","27","URB_INTERRUPT in"
"3065","21.316103","1.2.3","host","USB","47","URB_INTERRUPT in"
"3066","21.316123","host","1.2.3","USB","27","URB_INTERRUPT in"
"3069","21.384185","1.2.3","host","USB","47","URB_INTERRUPT in"
"3070","21.384266","host","1.2.3","USB","27","URB_INTERRUPT in"
"3077","21.518087","1.2.3","host","USB","47","URB_INTERRUPT in"
"3078","21.518115","host","1.2.3","USB","27","URB_INTERRUPT in"
"3087","21.781233","1.2.1","host","USB","40","URB_INTERRUPT in"
"3088","21.781318","host","1.2.1","USB","27","URB_INTERRUPT in"
"3089","21.781329","1.2.3","host","USB","47","URB_INTERRUPT in"
"3090","21.781334","host","1.2.3","USB","27","URB_INTERRUPT in"
"3091","21.786080","1.2.3","host","USB","47","URB_INTERRUPT in"
"3092","21.786096","host","1.2.3","USB","27","URB_INTERRUPT in"
"3095","21.803120","1.2.3","host","USB","47","URB_INTERRUPT in"
"3096","21.803136","host","1.2.3","USB","27","URB_INTERRUPT in"
"3097","21.819177","1.2.3","host","USB","47","URB_INTERRUPT in"
"3098","21.819198","host","1.2.3","USB","27","URB_INTERRUPT in"
"3101","21.836079","1.2.3","host","USB","47","URB_INTERRUPT in"
"3102","21.836095","host","1.2.3","USB","27","URB_INTERRUPT in"
"3103","21.852110","1.2.3","host","USB","47","URB_INTERRUPT in"
"3104","21.852194","host","1.2.3","USB","27","URB_INTERRUPT in"
"3105","21.869099","1.2.3","host","USB","47","URB_INTERRUPT in"
"3106","21.869119","host","1.2.3","USB","27","URB_INTERRUPT in"
"3177","23.655072","1.2.1","host","USB","40","URB_INTERRUPT in"
"3178","23.655097","host","1.2.1","USB","27","URB_INTERRUPT in"
"3179","23.655197","1.2.3","host","USB","47","URB_INTERRUPT in"
"3180","23.655202","host","1.2.3","USB","27","URB_INTERRUPT in"
"3181","23.660073","1.2.3","host","USB","47","URB_INTERRUPT in"
"3182","23.660092","host","1.2.3","USB","27","URB_INTERRUPT in"
"3184","23.677098","1.2.3","host","USB","47","URB_INTERRUPT in"
"3185","23.677117","host","1.2.3","USB","27","URB_INTERRUPT in"
"3189","23.760132","1.2.3","host","USB","47","URB_INTERRUPT in"
"3190","23.760206","host","1.2.3","USB","27","URB_INTERRUPT in"
"3193","23.793128","1.2.3","host","USB","47","URB_INTERRUPT in"
"3194","23.793208","host","1.2.3","USB","27","URB_INTERRUPT in"
"3196","23.810094","1.2.3","host","USB","47","URB_INTERRUPT in"
"3197","23.810102","host","1.2.3","USB","27","URB_INTERRUPT in"
"3199","23.860132","1.2.3","host","USB","47","URB_INTERRUPT in"
"3200","23.860206","host","1.2.3","USB","27","URB_INTERRUPT in"
"3203","23.927098","1.2.3","host","USB","47","URB_INTERRUPT in"
"3204","23.927118","host","1.2.3","USB","27","URB_INTERRUPT in"
"3209","24.027094","1.2.3","host","USB","47","URB_INTERRUPT in"
"3210","24.027114","host","1.2.3","USB","27","URB_INTERRUPT in"
"3213","24.094073","1.2.3","host","USB","47","URB_INTERRUPT in"
"3214","24.094090","host","1.2.3","USB","27","URB_INTERRUPT in"
"3219","24.161085","1.2.3","host","USB","47","URB_INTERRUPT in"
"3220","24.161102","host","1.2.3","USB","27","URB_INTERRUPT in"
"3225","24.237071","1.2.1","host","USB","40","URB_INTERRUPT in"
"3226","24.237095","host","1.2.1","USB","27","URB_INTERRUPT in"
"3233","24.455151","1.2.1","host","USB","40","URB_INTERRUPT in"
"3234","24.455176","host","1.2.1","USB","27","URB_INTERRUPT in"
"3235","24.457068","1.2.1","host","USB","40","URB_INTERRUPT in"
"3236","24.457087","host","1.2.1","USB","27","URB_INTERRUPT in"
"3237","24.460088","1.2.1","host","USB","40","URB_INTERRUPT in"
"3238","24.460183","host","1.2.1","USB","27","URB_INTERRUPT in"
"3239","24.462065","1.2.1","host","USB","40","URB_INTERRUPT in"
"3240","24.462082","host","1.2.1","USB","27","URB_INTERRUPT in"
"3241","24.463090","1.2.1","host","USB","40","URB_INTERRUPT in"
"3242","24.463163","host","1.2.1","USB","27","URB_INTERRUPT in"
"3243","24.464085","1.2.1","host","USB","40","URB_INTERRUPT in"
"3244","24.464164","host","1.2.1","USB","27","URB_INTERRUPT in"
"3245","24.466170","1.2.1","host","USB","40","URB_INTERRUPT in"
"3246","24.466184","host","1.2.1","USB","27","URB_INTERRUPT in"
"3247","24.467094","1.2.1","host","USB","40","URB_INTERRUPT in"
"3248","24.467188","host","1.2.1","USB","27","URB_INTERRUPT in"
"3249","24.468086","1.2.1","host","USB","40","URB_INTERRUPT in"
"3250","24.468164","host","1.2.1","USB","27","URB_INTERRUPT in"
"3251","24.469107","1.2.1","host","USB","40","URB_INTERRUPT in"
"3252","24.469121","host","1.2.1","USB","27","URB_INTERRUPT in"
"3254","24.470063","1.2.1","host","USB","40","URB_INTERRUPT in"
"3255","24.470079","host","1.2.1","USB","27","URB_INTERRUPT in"
"3256","24.471064","1.2.1","host","USB","40","URB_INTERRUPT in"
"3257","24.471080","host","1.2.1","USB","27","URB_INTERRUPT in"
"3259","24.472084","1.2.1","host","USB","40","URB_INTERRUPT in"
"3260","24.472130","host","1.2.1","USB","27","URB_INTERRUPT in"
"3261","24.473085","1.2.1","host","USB","40","URB_INTERRUPT in"
"3262","24.473161","host","1.2.1","USB","27","URB_INTERRUPT in"
"3263","24.474085","1.2.1","host","USB","40","URB_INTERRUPT in"
"3264","24.474175","host","1.2.1","USB","27","URB_INTERRUPT in"
"3265","24.476094","1.2.1","host","USB","40","URB_INTERRUPT in"
"3266","24.476172","host","1.2.1","USB","27","URB_INTERRUPT in"
"3267","24.477087","1.2.1","host","USB","40","URB_INTERRUPT in"
"3268","24.477182","host","1.2.1","USB","27","URB_INTERRUPT in"
"3269","24.478086","1.2.1","host","USB","40","URB_INTERRUPT in"
"3270","24.478184","host","1.2.1","USB","27","URB_INTERRUPT in"
"3271","24.479065","1.2.1","host","USB","40","URB_INTERRUPT in"
"3272","24.479081","host","1.2.1","USB","27","URB_INTERRUPT in"
"3273","24.480090","1.2.1","host","USB","40","URB_INTERRUPT in"
"3274","24.480168","host","1.2.1","USB","27","URB_INTERRUPT in"
"3275","24.481086","1.2.1","host","USB","40","URB_INTERRUPT in"
"3276","24.481163","host","1.2.1","USB","27","URB_INTERRUPT in"
"3277","24.482087","1.2.1","host","USB","40","URB_INTERRUPT in"
"3278","24.482164","host","1.2.1","USB","27","URB_INTERRUPT in"
"3279","24.483065","1.2.1","host","USB","40","URB_INTERRUPT in"
"3280","24.483080","host","1.2.1","USB","27","URB_INTERRUPT in"
"3281","24.484093","1.2.1","host","USB","40","URB_INTERRUPT in"
"3282","24.484107","host","1.2.1","USB","27","URB_INTERRUPT in"
"3283","24.485091","1.2.1","host","USB","40","URB_INTERRUPT in"
"3284","24.485105","host","1.2.1","USB","27","URB_INTERRUPT in"
"3285","24.486091","1.2.1","host","USB","40","URB_INTERRUPT in"
"3286","24.486105","host","1.2.1","USB","27","URB_INTERRUPT in"
"3287","24.487065","1.2.1","host","USB","40","URB_INTERRUPT in"
"3288","24.487079","host","1.2.1","USB","27","URB_INTERRUPT in"
"3289","24.488085","1.2.1","host","USB","40","URB_INTERRUPT in"
"3290","24.488184","host","1.2.1","USB","27","URB_INTERRUPT in"
"3291","24.489085","1.2.1","host","USB","40","URB_INTERRUPT in"
"3292","24.489165","host","1.2.1","USB","27","URB_INTERRUPT in"
"3293","24.490085","1.2.1","host","USB","40","URB_INTERRUPT in"
"3294","24.490184","host","1.2.1","USB","27","URB_INTERRUPT in"
"3295","24.491180","1.2.1","host","USB","40","URB_INTERRUPT in"
"3296","24.491193","host","1.2.1","USB","27","URB_INTERRUPT in"
"3297","24.492087","1.2.1","host","USB","40","URB_INTERRUPT in"
"3298","24.492184","host","1.2.1","USB","27","URB_INTERRUPT in"
"3299","24.493087","1.2.1","host","USB","40","URB_INTERRUPT in"
"3300","24.493164","host","1.2.1","USB","27","URB_INTERRUPT in"
"3301","24.494084","1.2.1","host","USB","40","URB_INTERRUPT in"
"3302","24.494161","host","1.2.1","USB","27","URB_INTERRUPT in"
"3303","24.495085","1.2.1","host","USB","40","URB_INTERRUPT in"
"3304","24.495142","host","1.2.1","USB","27","URB_INTERRUPT in"
"3305","24.496063","1.2.1","host","USB","40","URB_INTERRUPT in"
"3306","24.496078","host","1.2.1","USB","27","URB_INTERRUPT in"
"3307","24.497086","1.2.1","host","USB","40","URB_INTERRUPT in"
"3308","24.497160","host","1.2.1","USB","27","URB_INTERRUPT in"
"3309","24.498063","1.2.1","host","USB","40","URB_INTERRUPT in"
"3310","24.498077","host","1.2.1","USB","27","URB_INTERRUPT in"
"3311","24.499064","1.2.1","host","USB","40","URB_INTERRUPT in"
"3312","24.499079","host","1.2.1","USB","27","URB_INTERRUPT in"
"3313","24.500064","1.2.1","host","USB","40","URB_INTERRUPT in"
"3314","24.500080","host","1.2.1","USB","27","URB_INTERRUPT in"
"3315","24.501064","1.2.1","host","USB","40","URB_INTERRUPT in"
"3316","24.501080","host","1.2.1","USB","27","URB_INTERRUPT in"
"3317","24.502063","1.2.1","host","USB","40","URB_INTERRUPT in"
"3318","24.502077","host","1.2.1","USB","27","URB_INTERRUPT in"
"3319","24.503087","1.2.1","host","USB","40","URB_INTERRUPT in"
"3320","24.503164","host","1.2.1","USB","27","URB_INTERRUPT in"
"3321","24.504063","1.2.1","host","USB","40","URB_INTERRUPT in"
"3322","24.504078","host","1.2.1","USB","27","URB_INTERRUPT in"
"3323","24.505085","1.2.1","host","USB","40","URB_INTERRUPT in"
"3324","24.505160","host","1.2.1","USB","27","URB_INTERRUPT in"
"3325","24.506086","1.2.1","host","USB","40","URB_INTERRUPT in"
"3326","24.506184","host","1.2.1","USB","27","URB_INTERRUPT in"
"3327","24.507086","1.2.1","host","USB","40","URB_INTERRUPT in"
"3328","24.507161","host","1.2.1","USB","27","URB_INTERRUPT in"
"3329","24.508063","1.2.1","host","USB","40","URB_INTERRUPT in"
"3330","24.508077","host","1.2.1","USB","27","URB_INTERRUPT in"
"3331","24.509063","1.2.1","host","USB","40","URB_INTERRUPT in"
"3332","24.509077","host","1.2.1","USB","27","URB_INTERRUPT in"
"3333","24.510063","1.2.1","host","USB","40","URB_INTERRUPT in"
"3334","24.510077","host","1.2.1","USB","27","URB_INTERRUPT in"
"3335","24.511063","1.2.1","host","USB","40","URB_INTERRUPT in"
"3336","24.511076","host","1.2.1","USB","27","URB_INTERRUPT in"
"3337","24.512063","1.2.1","host","USB","40","URB_INTERRUPT in"
"3338","24.512077","host","1.2.1","USB","27","URB_INTERRUPT in"
"3339","24.513091","1.2.1","host","USB","40","URB_INTERRUPT in"
"3340","24.513173","host","1.2.1","USB","27","URB_INTERRUPT in"
"3341","24.514083","1.2.1","host","USB","40","URB_INTERRUPT in"
"3342","24.514171","host","1.2.1","USB","27","URB_INTERRUPT in"
"3343","24.515085","1.2.1","host","USB","40","URB_INTERRUPT in"
"3344","24.515175","host","1.2.1","USB","27","URB_INTERRUPT in"
"3345","24.516182","1.2.1","host","USB","40","URB_INTERRUPT in"
"3346","24.516196","host","1.2.1","USB","27","URB_INTERRUPT in"
"3347","24.517109","1.2.1","host","USB","40","URB_INTERRUPT in"
"3348","24.517127","host","1.2.1","USB","27","URB_INTERRUPT in"
"3349","24.518086","1.2.1","host","USB","40","URB_INTERRUPT in"
"3350","24.518164","host","1.2.1","USB","27","URB_INTERRUPT in"
"3351","24.519087","1.2.1","host","USB","40","URB_INTERRUPT in"
"3352","24.519182","host","1.2.1","USB","27","URB_INTERRUPT in"
"3353","24.520084","1.2.1","host","USB","40","URB_INTERRUPT in"
"3354","24.520160","host","1.2.1","USB","27","URB_INTERRUPT in"
"3355","24.521063","1.2.1","host","USB","40","URB_INTERRUPT in"
"3356","24.521078","host","1.2.1","USB","27","URB_INTERRUPT in"
"3357","24.522088","1.2.1","host","USB","40","URB_INTERRUPT in"
"3358","24.522184","host","1.2.1","USB","27","URB_INTERRUPT in"
"3359","24.523085","1.2.1","host","USB","40","URB_INTERRUPT in"
"3360","24.523160","host","1.2.1","USB","27","URB_INTERRUPT in"
"3361","24.524085","1.2.1","host","USB","40","URB_INTERRUPT in"
"3362","24.524161","host","1.2.1","USB","27","URB_INTERRUPT in"
"3363","24.525063","1.2.1","host","USB","40","URB_INTERRUPT in"
"3364","24.525078","host","1.2.1","USB","27","URB_INTERRUPT in"
"3365","24.526085","1.2.1","host","USB","40","URB_INTERRUPT in"
"3366","24.526160","host","1.2.1","USB","27","URB_INTERRUPT in"
"3367","24.527084","1.2.1","host","USB","40","URB_INTERRUPT in"
"3368","24.527160","host","1.2.1","USB","27","URB_INTERRUPT in"
"3369","24.528087","1.2.1","host","USB","40","URB_INTERRUPT in"
"3370","24.528181","host","1.2.1","USB","27","URB_INTERRUPT in"
"3371","24.529064","1.2.1","host","USB","40","URB_INTERRUPT in"
"3372","24.529080","host","1.2.1","USB","27","URB_INTERRUPT in"
"3373","24.530063","1.2.1","host","USB","40","URB_INTERRUPT in"
"3374","24.530077","host","1.2.1","USB","27","URB_INTERRUPT in"
"3375","24.531063","1.2.1","host","USB","40","URB_INTERRUPT in"
"3376","24.531077","host","1.2.1","USB","27","URB_INTERRUPT in"
"3377","24.532084","1.2.1","host","USB","40","URB_INTERRUPT in"
"3378","24.532160","host","1.2.1","USB","27","URB_INTERRUPT in"
"3379","24.533065","1.2.1","host","USB","40","URB_INTERRUPT in"
"3380","24.533083","host","1.2.1","USB","27","URB_INTERRUPT in"
"3381","24.534085","1.2.1","host","USB","40","URB_INTERRUPT in"
"3382","24.534187","host","1.2.1","USB","27","URB_INTERRUPT in"
"3384","24.535086","1.2.1","host","USB","40","URB_INTERRUPT in"
"3385","24.535164","host","1.2.1","USB","27","URB_INTERRUPT in"
"3387","24.536081","1.2.1","host","USB","40","URB_INTERRUPT in"
"3388","24.536151","host","1.2.1","USB","27","URB_INTERRUPT in"
"3389","24.537063","1.2.1","host","USB","40","URB_INTERRUPT in"
"3390","24.537078","host","1.2.1","USB","27","URB_INTERRUPT in"
"3391","24.538087","1.2.1","host","USB","40","URB_INTERRUPT in"
"3392","24.538160","host","1.2.1","USB","27","URB_INTERRUPT in"
"3393","24.539087","1.2.1","host","USB","40","URB_INTERRUPT in"
"3394","24.539175","host","1.2.1","USB","27","URB_INTERRUPT in"
"3395","24.540085","1.2.1","host","USB","40","URB_INTERRUPT in"
"3396","24.540158","host","1.2.1","USB","27","URB_INTERRUPT in"
"3397","24.541185","1.2.1","host","USB","40","URB_INTERRUPT in"
"3398","24.541200","host","1.2.1","USB","27","URB_INTERRUPT in"
"3399","24.542087","1.2.1","host","USB","40","URB_INTERRUPT in"
"3400","24.542165","host","1.2.1","USB","27","URB_INTERRUPT in"
"3401","24.543085","1.2.1","host","USB","40","URB_INTERRUPT in"
"3402","24.543163","host","1.2.1","USB","27","URB_INTERRUPT in"
"3403","24.544085","1.2.1","host","USB","40","URB_INTERRUPT in"
"3404","24.544161","host","1.2.1","USB","27","URB_INTERRUPT in"
"3405","24.545084","1.2.1","host","USB","40","URB_INTERRUPT in"
"3406","24.545159","host","1.2.1","USB","27","URB_INTERRUPT in"
"3407","24.546063","1.2.1","host","USB","40","URB_INTERRUPT in"
"3408","24.546077","host","1.2.1","USB","27","URB_INTERRUPT in"
"3409","24.547089","1.2.1","host","USB","40","URB_INTERRUPT in"
"3410","24.547165","host","1.2.1","USB","27","URB_INTERRUPT in"
"3411","24.548085","1.2.1","host","USB","40","URB_INTERRUPT in"
"3412","24.548161","host","1.2.1","USB","27","URB_INTERRUPT in"
"3413","24.549063","1.2.1","host","USB","40","URB_INTERRUPT in"
"3414","24.549076","host","1.2.1","USB","27","URB_INTERRUPT in"
"3415","24.550088","1.2.1","host","USB","40","URB_INTERRUPT in"
"3416","24.550148","host","1.2.1","USB","27","URB_INTERRUPT in"
"3417","24.551086","1.2.1","host","USB","40","URB_INTERRUPT in"
"3418","24.551163","host","1.2.1","USB","27","URB_INTERRUPT in"
"3419","24.552085","1.2.1","host","USB","40","URB_INTERRUPT in"
"3420","24.552163","host","1.2.1","USB","27","URB_INTERRUPT in"
"3421","24.553063","1.2.1","host","USB","40","URB_INTERRUPT in"
"3422","24.553077","host","1.2.1","USB","27","URB_INTERRUPT in"
"3423","24.554064","1.2.1","host","USB","40","URB_INTERRUPT in"
"3424","24.554078","host","1.2.1","USB","27","URB_INTERRUPT in"
"3425","24.555086","1.2.1","host","USB","40","URB_INTERRUPT in"
"3426","24.555164","host","1.2.1","USB","27","URB_INTERRUPT in"
"3427","24.556085","1.2.1","host","USB","40","URB_INTERRUPT in"
"3428","24.556182","host","1.2.1","USB","27","URB_INTERRUPT in"
"3429","24.557086","1.2.1","host","USB","40","URB_INTERRUPT in"
"3430","24.557160","host","1.2.1","USB","27","URB_INTERRUPT in"
"3431","24.558064","1.2.1","host","USB","40","URB_INTERRUPT in"
"3432","24.558078","host","1.2.1","USB","27","URB_INTERRUPT in"
"3433","24.559084","1.2.1","host","USB","40","URB_INTERRUPT in"
"3434","24.559159","host","1.2.1","USB","27","URB_INTERRUPT in"
"3435","24.560084","1.2.1","host","USB","40","URB_INTERRUPT in"
"3436","24.560168","host","1.2.1","USB","27","URB_INTERRUPT in"
"3437","24.561086","1.2.1","host","USB","40","URB_INTERRUPT in"
"3438","24.561162","host","1.2.1","USB","27","URB_INTERRUPT in"
"3439","24.562063","1.2.1","host","USB","40","URB_INTERRUPT in"
"3440","24.562079","host","1.2.1","USB","27","URB_INTERRUPT in"
"3441","24.563065","1.2.1","host","USB","40","URB_INTERRUPT in"
"3442","24.563080","host","1.2.1","USB","27","URB_INTERRUPT in"
"3443","24.564064","1.2.1","host","USB","40","URB_INTERRUPT in"
"3444","24.564079","host","1.2.1","USB","27","URB_INTERRUPT in"
"3445","24.565065","1.2.1","host","USB","40","URB_INTERRUPT in"
"3446","24.565081","host","1.2.1","USB","27","URB_INTERRUPT in"
"3447","24.566099","1.2.1","host","USB","40","URB_INTERRUPT in"
"3448","24.566114","host","1.2.1","USB","27","URB_INTERRUPT in"
"3449","24.567065","1.2.1","host","USB","40","URB_INTERRUPT in"
"3450","24.567084","host","1.2.1","USB","27","URB_INTERRUPT in"
"3451","24.568064","1.2.1","host","USB","40","URB_INTERRUPT in"
"3452","24.568079","host","1.2.1","USB","27","URB_INTERRUPT in"
"3454","24.569064","1.2.1","host","USB","40","URB_INTERRUPT in"
"3455","24.569080","host","1.2.1","USB","27","URB_INTERRUPT in"
"3457","24.570076","1.2.1","host","USB","40","URB_INTERRUPT in"
"3458","24.570083","host","1.2.1","USB","27","URB_INTERRUPT in"
"3459","24.571066","1.2.1","host","USB","40","URB_INTERRUPT in"
"3460","24.571083","host","1.2.1","USB","27","URB_INTERRUPT in"
"3461","24.572063","1.2.1","host","USB","40","URB_INTERRUPT in"
"3462","24.572078","host","1.2.1","USB","27","URB_INTERRUPT in"
"3463","24.573062","1.2.1","host","USB","40","URB_INTERRUPT in"
"3464","24.573076","host","1.2.1","USB","27","URB_INTERRUPT in"
"3465","24.574062","1.2.1","host","USB","40","URB_INTERRUPT in"
"3466","24.574076","host","1.2.1","USB","27","URB_INTERRUPT in"
"3467","24.575066","1.2.1","host","USB","40","URB_INTERRUPT in"
"3468","24.575086","host","1.2.1","USB","27","URB_INTERRUPT in"
"3469","24.576063","1.2.1","host","USB","40","URB_INTERRUPT in"
"3470","24.576077","host","1.2.1","USB","27","URB_INTERRUPT in"
"3471","24.577087","1.2.1","host","USB","40","URB_INTERRUPT in"
"3472","24.577184","host","1.2.1","USB","27","URB_INTERRUPT in"
"3473","24.578085","1.2.1","host","USB","40","URB_INTERRUPT in"
"3474","24.578174","host","1.2.1","USB","27","URB_INTERRUPT in"
"3475","24.579064","1.2.1","host","USB","40","URB_INTERRUPT in"
"3476","24.579080","host","1.2.1","USB","27","URB_INTERRUPT in"
"3477","24.580063","1.2.1","host","USB","40","URB_INTERRUPT in"
"3478","24.580077","host","1.2.1","USB","27","URB_INTERRUPT in"
"3479","24.581085","1.2.1","host","USB","40","URB_INTERRUPT in"
"3480","24.581172","host","1.2.1","USB","27","URB_INTERRUPT in"
"3481","24.582091","1.2.1","host","USB","40","URB_INTERRUPT in"
"3482","24.582182","host","1.2.1","USB","27","URB_INTERRUPT in"
"3483","24.583063","1.2.1","host","USB","40","URB_INTERRUPT in"
"3484","24.583078","host","1.2.1","USB","27","URB_INTERRUPT in"
"3485","24.584085","1.2.1","host","USB","40","URB_INTERRUPT in"
"3486","24.584154","host","1.2.1","USB","27","URB_INTERRUPT in"
"3487","24.585087","1.2.1","host","USB","40","URB_INTERRUPT in"
"3488","24.585154","host","1.2.1","USB","27","URB_INTERRUPT in"
"3489","24.586080","1.2.1","host","USB","40","URB_INTERRUPT in"
"3490","24.586151","host","1.2.1","USB","27","URB_INTERRUPT in"
"3491","24.587063","1.2.1","host","USB","40","URB_INTERRUPT in"
"3492","24.587077","host","1.2.1","USB","27","URB_INTERRUPT in"
"3493","24.588086","1.2.1","host","USB","40","URB_INTERRUPT in"
"3494","24.588165","host","1.2.1","USB","27","URB_INTERRUPT in"
"3495","24.589084","1.2.1","host","USB","40","URB_INTERRUPT in"
"3496","24.589160","host","1.2.1","USB","27","URB_INTERRUPT in"
"3497","24.590085","1.2.1","host","USB","40","URB_INTERRUPT in"
"3498","24.590159","host","1.2.1","USB","27","URB_INTERRUPT in"
"3499","24.591063","1.2.1","host","USB","40","URB_INTERRUPT in"
"3500","24.591105","host","1.2.1","USB","27","URB_INTERRUPT in"
"3501","24.592087","1.2.1","host","USB","40","URB_INTERRUPT in"
"3502","24.592135","host","1.2.1","USB","27","URB_INTERRUPT in"
"3503","24.593063","1.2.1","host","USB","40","URB_INTERRUPT in"
"3504","24.593077","host","1.2.1","USB","27","URB_INTERRUPT in"
"3505","24.594083","1.2.1","host","USB","40","URB_INTERRUPT in"
"3506","24.594172","host","1.2.1","USB","27","URB_INTERRUPT in"
"3507","24.595086","1.2.1","host","USB","40","URB_INTERRUPT in"
"3508","24.595166","host","1.2.1","USB","27","URB_INTERRUPT in"
"3509","24.596065","1.2.1","host","USB","40","URB_INTERRUPT in"
"3510","24.596082","host","1.2.1","USB","27","URB_INTERRUPT in"
"3511","24.597085","1.2.1","host","USB","40","URB_INTERRUPT in"
"3512","24.597160","host","1.2.1","USB","27","URB_INTERRUPT in"
"3513","24.598086","1.2.1","host","USB","40","URB_INTERRUPT in"
"3514","24.598161","host","1.2.1","USB","27","URB_INTERRUPT in"
"3515","24.599084","1.2.1","host","USB","40","URB_INTERRUPT in"
"3516","24.599159","host","1.2.1","USB","27","URB_INTERRUPT in"
"3517","24.600064","1.2.1","host","USB","40","URB_INTERRUPT in"
"3518","24.600081","host","1.2.1","USB","27","URB_INTERRUPT in"
"3519","24.601085","1.2.1","host","USB","40","URB_INTERRUPT in"
"3520","24.601135","host","1.2.1","USB","27","URB_INTERRUPT in"
"3521","24.602086","1.2.1","host","USB","40","URB_INTERRUPT in"
"3522","24.602163","host","1.2.1","USB","27","URB_INTERRUPT in"
"3523","24.603062","1.2.1","host","USB","40","URB_INTERRUPT in"
"3524","24.603076","host","1.2.1","USB","27","URB_INTERRUPT in"
"3525","24.604064","1.2.1","host","USB","40","URB_INTERRUPT in"
"3526","24.604080","host","1.2.1","USB","27","URB_INTERRUPT in"
"3527","24.605063","1.2.1","host","USB","40","URB_INTERRUPT in"
"3528","24.605076","host","1.2.1","USB","27","URB_INTERRUPT in"
"3529","24.606083","1.2.1","host","USB","40","URB_INTERRUPT in"
"3530","24.606176","host","1.2.1","USB","27","URB_INTERRUPT in"
"3531","24.607062","1.2.1","host","USB","40","URB_INTERRUPT in"
"3532","24.607075","host","1.2.1","USB","27","URB_INTERRUPT in"
"3533","24.609089","1.2.1","host","USB","40","URB_INTERRUPT in"
"3534","24.609163","host","1.2.1","USB","27","URB_INTERRUPT in"
"3535","24.610084","1.2.1","host","USB","40","URB_INTERRUPT in"
"3536","24.610155","host","1.2.1","USB","27","URB_INTERRUPT in"
"3537","24.611085","1.2.1","host","USB","40","URB_INTERRUPT in"
"3538","24.611161","host","1.2.1","USB","27","URB_INTERRUPT in"
"3539","24.612063","1.2.1","host","USB","40","URB_INTERRUPT in"
"3540","24.612077","host","1.2.1","USB","27","URB_INTERRUPT in"
"3541","24.613087","1.2.1","host","USB","40","URB_INTERRUPT in"
"3542","24.613122","host","1.2.1","USB","27","URB_INTERRUPT in"
"3543","24.614081","1.2.1","host","USB","40","URB_INTERRUPT in"
"3544","24.614157","host","1.2.1","USB","27","URB_INTERRUPT in"
"3545","24.615063","1.2.1","host","USB","40","URB_INTERRUPT in"
"3546","24.615076","host","1.2.1","USB","27","URB_INTERRUPT in"
"3547","24.616166","1.2.1","host","USB","40","URB_INTERRUPT in"
"3548","24.616179","host","1.2.1","USB","27","URB_INTERRUPT in"
"3549","24.617087","1.2.1","host","USB","40","URB_INTERRUPT in"
"3550","24.617184","host","1.2.1","USB","27","URB_INTERRUPT in"
"3551","24.618086","1.2.1","host","USB","40","URB_INTERRUPT in"
"3552","24.618180","host","1.2.1","USB","27","URB_INTERRUPT in"
"3553","24.619088","1.2.1","host","USB","40","URB_INTERRUPT in"
"3554","24.619180","host","1.2.1","USB","27","URB_INTERRUPT in"
"3555","24.620087","1.2.1","host","USB","40","URB_INTERRUPT in"
"3556","24.620160","host","1.2.1","USB","27","URB_INTERRUPT in"
"3557","24.621084","1.2.1","host","USB","40","URB_INTERRUPT in"
"3558","24.621158","host","1.2.1","USB","27","URB_INTERRUPT in"
"3559","24.622063","1.2.1","host","USB","40","URB_INTERRUPT in"
"3560","24.622076","host","1.2.1","USB","27","URB_INTERRUPT in"
"3561","24.623086","1.2.1","host","USB","40","URB_INTERRUPT in"
"3562","24.623179","host","1.2.1","USB","27","URB_INTERRUPT in"
"3563","24.624084","1.2.1","host","USB","40","URB_INTERRUPT in"
"3564","24.624176","host","1.2.1","USB","27","URB_INTERRUPT in"
"3565","24.625086","1.2.1","host","USB","40","URB_INTERRUPT in"
"3566","24.625182","host","1.2.1","USB","27","URB_INTERRUPT in"
"3567","24.626086","1.2.1","host","USB","40","URB_INTERRUPT in"
"3568","24.626183","host","1.2.1","USB","27","URB_INTERRUPT in"
"3569","24.627081","1.2.1","host","USB","40","URB_INTERRUPT in"
"3570","24.627147","host","1.2.1","USB","27","URB_INTERRUPT in"
"3571","24.629063","1.2.1","host","USB","40","URB_INTERRUPT in"
"3572","24.629077","host","1.2.1","USB","27","URB_INTERRUPT in"
"3573","24.630063","1.2.1","host","USB","40","URB_INTERRUPT in"
"3574","24.630076","host","1.2.1","USB","27","URB_INTERRUPT in"
"3575","24.631062","1.2.1","host","USB","40","URB_INTERRUPT in"
"3576","24.631076","host","1.2.1","USB","27","URB_INTERRUPT in"
"3577","24.632062","1.2.1","host","USB","40","URB_INTERRUPT in"
"3578","24.632075","host","1.2.1","USB","27","URB_INTERRUPT in"
"3580","24.633062","1.2.1","host","USB","40","URB_INTERRUPT in"
"3581","24.633078","host","1.2.1","USB","27","URB_INTERRUPT in"
"3582","24.634079","1.2.1","host","USB","40","URB_INTERRUPT in"
"3583","24.634170","host","1.2.1","USB","27","URB_INTERRUPT in"
"3585","24.635085","1.2.1","host","USB","40","URB_INTERRUPT in"
"3586","24.635160","host","1.2.1","USB","27","URB_INTERRUPT in"
"3587","24.636086","1.2.1","host","USB","40","URB_INTERRUPT in"
"3588","24.636160","host","1.2.1","USB","27","URB_INTERRUPT in"
"3589","24.637062","1.2.1","host","USB","40","URB_INTERRUPT in"
"3590","24.637078","host","1.2.1","USB","27","URB_INTERRUPT in"
"3591","24.638091","1.2.1","host","USB","40","URB_INTERRUPT in"
"3592","24.638178","host","1.2.1","USB","27","URB_INTERRUPT in"
"3593","24.639078","1.2.1","host","USB","40","URB_INTERRUPT in"
"3594","24.639176","host","1.2.1","USB","27","URB_INTERRUPT in"
"3595","24.640090","1.2.1","host","USB","40","URB_INTERRUPT in"
"3596","24.640180","host","1.2.1","USB","27","URB_INTERRUPT in"
"3597","24.641094","1.2.1","host","USB","40","URB_INTERRUPT in"
"3598","24.641182","host","1.2.1","USB","27","URB_INTERRUPT in"
"3599","24.642084","1.2.1","host","USB","40","URB_INTERRUPT in"
"3600","24.642160","host","1.2.1","USB","27","URB_INTERRUPT in"
"3601","24.643062","1.2.1","host","USB","40","URB_INTERRUPT in"
"3602","24.643076","host","1.2.1","USB","27","URB_INTERRUPT in"
"3603","24.644088","1.2.1","host","USB","40","URB_INTERRUPT in"
"3604","24.644176","host","1.2.1","USB","27","URB_INTERRUPT in"
"3605","24.645089","1.2.1","host","USB","40","URB_INTERRUPT in"
"3606","24.645179","host","1.2.1","USB","27","URB_INTERRUPT in"
"3607","24.646091","1.2.1","host","USB","40","URB_INTERRUPT in"
"3608","24.646181","host","1.2.1","USB","27","URB_INTERRUPT in"
"3609","24.647062","1.2.1","host","USB","40","URB_INTERRUPT in"
"3610","24.647075","host","1.2.1","USB","27","URB_INTERRUPT in"
"3611","24.648087","1.2.1","host","USB","40","URB_INTERRUPT in"
"3612","24.648174","host","1.2.1","USB","27","URB_INTERRUPT in"
"3613","24.649086","1.2.1","host","USB","40","URB_INTERRUPT in"
"3614","24.649124","host","1.2.1","USB","27","URB_INTERRUPT in"
"3615","24.650086","1.2.1","host","USB","40","URB_INTERRUPT in"
"3616","24.650183","host","1.2.1","USB","27","URB_INTERRUPT in"
"3617","24.651084","1.2.1","host","USB","40","URB_INTERRUPT in"
"3618","24.651164","host","1.2.1","USB","27","URB_INTERRUPT in"
"3619","24.652063","1.2.1","host","USB","40","URB_INTERRUPT in"
"3620","24.652076","host","1.2.1","USB","27","URB_INTERRUPT in"
"3621","24.653062","1.2.1","host","USB","40","URB_INTERRUPT in"
"3622","24.653076","host","1.2.1","USB","27","URB_INTERRUPT in"
"3623","24.654100","1.2.1","host","USB","40","URB_INTERRUPT in"
"3624","24.654131","host","1.2.1","USB","27","URB_INTERRUPT in"
"3625","24.655062","1.2.1","host","USB","40","URB_INTERRUPT in"
"3626","24.655075","host","1.2.1","USB","27","URB_INTERRUPT in"
"3627","24.656084","1.2.1","host","USB","40","URB_INTERRUPT in"
"3628","24.656176","host","1.2.1","USB","27","URB_INTERRUPT in"
"3629","24.657063","1.2.1","host","USB","40","URB_INTERRUPT in"
"3630","24.657078","host","1.2.1","USB","27","URB_INTERRUPT in"
"3631","24.658062","1.2.1","host","USB","40","URB_INTERRUPT in"
"3632","24.658076","host","1.2.1","USB","27","URB_INTERRUPT in"
"3633","24.660081","1.2.1","host","USB","40","URB_INTERRUPT in"
"3634","24.660152","host","1.2.1","USB","27","URB_INTERRUPT in"
"3635","24.661085","1.2.1","host","USB","40","URB_INTERRUPT in"
"3636","24.661183","host","1.2.1","USB","27","URB_INTERRUPT in"
"3637","24.663101","1.2.1","host","USB","40","URB_INTERRUPT in"
"3638","24.663133","host","1.2.1","USB","27","URB_INTERRUPT in"
"3639","24.664062","1.2.1","host","USB","40","URB_INTERRUPT in"
"3640","24.664077","host","1.2.1","USB","27","URB_INTERRUPT in"
"3641","24.666062","1.2.1","host","USB","40","URB_INTERRUPT in"
"3642","24.666075","host","1.2.1","USB","27","URB_INTERRUPT in"
"3644","24.668085","1.2.1","host","USB","40","URB_INTERRUPT in"
"3645","24.668133","host","1.2.1","USB","27","URB_INTERRUPT in"
"3647","24.670080","1.2.1","host","USB","40","URB_INTERRUPT in"
"3648","24.670183","host","1.2.1","USB","27","URB_INTERRUPT in"
"3649","24.671081","1.2.1","host","USB","40","URB_INTERRUPT in"
"3650","24.671095","host","1.2.1","USB","27","URB_INTERRUPT in"
"3651","24.673063","1.2.1","host","USB","40","URB_INTERRUPT in"
"3652","24.673077","host","1.2.1","USB","27","URB_INTERRUPT in"
"3653","24.675063","1.2.1","host","USB","40","URB_INTERRUPT in"
"3654","24.675079","host","1.2.1","USB","27","URB_INTERRUPT in"
"3655","24.677063","1.2.1","host","USB","40","URB_INTERRUPT in"
"3656","24.677078","host","1.2.1","USB","27","URB_INTERRUPT in"
"3657","24.679063","1.2.1","host","USB","40","URB_INTERRUPT in"
"3658","24.679077","host","1.2.1","USB","27","URB_INTERRUPT in"
"3659","24.680062","1.2.1","host","USB","40","URB_INTERRUPT in"
"3660","24.680076","host","1.2.1","USB","27","URB_INTERRUPT in"
"3661","24.682062","1.2.1","host","USB","40","URB_INTERRUPT in"
"3662","24.682075","host","1.2.1","USB","27","URB_INTERRUPT in"
"3663","24.684064","1.2.1","host","USB","40","URB_INTERRUPT in"
"3664","24.684079","host","1.2.1","USB","27","URB_INTERRUPT in"
"3665","24.685083","1.2.1","host","USB","40","URB_INTERRUPT in"
"3666","24.685126","host","1.2.1","USB","27","URB_INTERRUPT in"
"3667","24.686089","1.2.1","host","USB","40","URB_INTERRUPT in"
"3668","24.686131","host","1.2.1","USB","27","URB_INTERRUPT in"
"3669","24.687062","1.2.1","host","USB","40","URB_INTERRUPT in"
"3670","24.687077","host","1.2.1","USB","27","URB_INTERRUPT in"
"3671","24.688063","1.2.1","host","USB","40","URB_INTERRUPT in"
"3672","24.688077","host","1.2.1","USB","27","URB_INTERRUPT in"
"3673","24.689087","1.2.1","host","USB","40","URB_INTERRUPT in"
"3674","24.689178","host","1.2.1","USB","27","URB_INTERRUPT in"
"3675","24.690084","1.2.1","host","USB","40","URB_INTERRUPT in"
"3676","24.690176","host","1.2.1","USB","27","URB_INTERRUPT in"
"3677","24.691085","1.2.1","host","USB","40","URB_INTERRUPT in"
"3678","24.691180","host","1.2.1","USB","27","URB_INTERRUPT in"
"3679","24.692089","1.2.1","host","USB","40","URB_INTERRUPT in"
"3680","24.692136","host","1.2.1","USB","27","URB_INTERRUPT in"
"3681","24.694088","1.2.1","host","USB","40","URB_INTERRUPT in"
"3682","24.694176","host","1.2.1","USB","27","URB_INTERRUPT in"
"3683","24.695083","1.2.1","host","USB","40","URB_INTERRUPT in"
"3684","24.695134","host","1.2.1","USB","27","URB_INTERRUPT in"
"3685","24.696063","1.2.1","host","USB","40","URB_INTERRUPT in"
"3686","24.696078","host","1.2.1","USB","27","URB_INTERRUPT in"
"3687","24.697061","1.2.1","host","USB","40","URB_INTERRUPT in"
"3688","24.697075","host","1.2.1","USB","27","URB_INTERRUPT in"
"3689","24.698086","1.2.1","host","USB","40","URB_INTERRUPT in"
"3690","24.698126","host","1.2.1","USB","27","URB_INTERRUPT in"
"3691","24.699063","1.2.1","host","USB","40","URB_INTERRUPT in"
"3692","24.699079","host","1.2.1","USB","27","URB_INTERRUPT in"
"3693","24.700063","1.2.1","host","USB","40","URB_INTERRUPT in"
"3694","24.700079","host","1.2.1","USB","27","URB_INTERRUPT in"
"3695","24.701062","1.2.1","host","USB","40","URB_INTERRUPT in"
"3696","24.701077","host","1.2.1","USB","27","URB_INTERRUPT in"
"3697","24.702063","1.2.1","host","USB","40","URB_INTERRUPT in"
"3698","24.702076","host","1.2.1","USB","27","URB_INTERRUPT in"
"3699","24.703080","1.2.1","host","USB","40","URB_INTERRUPT in"
"3700","24.703147","host","1.2.1","USB","27","URB_INTERRUPT in"
"3701","24.704063","1.2.1","host","USB","40","URB_INTERRUPT in"
"3702","24.704077","host","1.2.1","USB","27","URB_INTERRUPT in"
"3703","24.705063","1.2.1","host","USB","40","URB_INTERRUPT in"
"3704","24.705078","host","1.2.1","USB","27","URB_INTERRUPT in"
"3705","24.706062","1.2.1","host","USB","40","URB_INTERRUPT in"
"3706","24.706076","host","1.2.1","USB","27","URB_INTERRUPT in"
"3707","24.707062","1.2.1","host","USB","40","URB_INTERRUPT in"
"3708","24.707074","host","1.2.1","USB","27","URB_INTERRUPT in"
"3709","24.708063","1.2.1","host","USB","40","URB_INTERRUPT in"
"3710","24.708077","host","1.2.1","USB","27","URB_INTERRUPT in"
"3711","24.709083","1.2.1","host","USB","40","URB_INTERRUPT in"
"3712","24.709180","host","1.2.1","USB","27","URB_INTERRUPT in"
"3713","24.710081","1.2.1","host","USB","40","URB_INTERRUPT in"
"3714","24.710108","host","1.2.1","USB","27","URB_INTERRUPT in"
"3715","24.711079","1.2.1","host","USB","40","URB_INTERRUPT in"
"3716","24.711102","host","1.2.1","USB","27","URB_INTERRUPT in"
"3717","24.712063","1.2.1","host","USB","40","URB_INTERRUPT in"
"3718","24.712070","host","1.2.1","USB","27","URB_INTERRUPT in"
"3719","24.713087","1.2.1","host","USB","40","URB_INTERRUPT in"
"3720","24.713120","host","1.2.1","USB","27","URB_INTERRUPT in"
"3721","24.714083","1.2.1","host","USB","40","URB_INTERRUPT in"
"3722","24.714111","host","1.2.1","USB","27","URB_INTERRUPT in"
"3723","24.715077","1.2.1","host","USB","40","URB_INTERRUPT in"
"3724","24.715100","host","1.2.1","USB","27","URB_INTERRUPT in"
"3725","24.716080","1.2.1","host","USB","40","URB_INTERRUPT in"
"3726","24.716112","host","1.2.1","USB","27","URB_INTERRUPT in"
"3727","24.717061","1.2.1","host","USB","40","URB_INTERRUPT in"
"3728","24.717066","host","1.2.1","USB","27","URB_INTERRUPT in"
"3729","24.718061","1.2.1","host","USB","40","URB_INTERRUPT in"
"3730","24.718066","host","1.2.1","USB","27","URB_INTERRUPT in"
"3731","24.719061","1.2.1","host","USB","40","URB_INTERRUPT in"
"3732","24.719069","host","1.2.1","USB","27","URB_INTERRUPT in"
"3733","24.721061","1.2.1","host","USB","40","URB_INTERRUPT in"
"3734","24.721067","host","1.2.1","USB","27","URB_INTERRUPT in"
"3735","24.722063","1.2.1","host","USB","40","URB_INTERRUPT in"
"3736","24.722071","host","1.2.1","USB","27","URB_INTERRUPT in"
"3737","24.723084","1.2.1","host","USB","40","URB_INTERRUPT in"
"3738","24.723116","host","1.2.1","USB","27","URB_INTERRUPT in"
"3739","24.724083","1.2.1","host","USB","40","URB_INTERRUPT in"
"3740","24.724119","host","1.2.1","USB","27","URB_INTERRUPT in"
"3741","24.725087","1.2.1","host","USB","40","URB_INTERRUPT in"
"3742","24.725120","host","1.2.1","USB","27","URB_INTERRUPT in"
"3743","24.726084","1.2.1","host","USB","40","URB_INTERRUPT in"
"3744","24.726116","host","1.2.1","USB","27","URB_INTERRUPT in"
"3745","24.728078","1.2.1","host","USB","40","URB_INTERRUPT in"
"3746","24.728103","host","1.2.1","USB","27","URB_INTERRUPT in"
"3747","24.729062","1.2.1","host","USB","40","URB_INTERRUPT in"
"3748","24.729068","host","1.2.1","USB","27","URB_INTERRUPT in"
"3749","24.730061","1.2.1","host","USB","40","URB_INTERRUPT in"
"3750","24.730065","host","1.2.1","USB","27","URB_INTERRUPT in"
"3751","24.731082","1.2.1","host","USB","40","URB_INTERRUPT in"
"3752","24.731114","host","1.2.1","USB","27","URB_INTERRUPT in"
"3754","24.733065","1.2.1","host","USB","40","URB_INTERRUPT in"
"3755","24.733071","host","1.2.1","USB","27","URB_INTERRUPT in"
"3757","24.736062","1.2.1","host","USB","40","URB_INTERRUPT in"
"3758","24.736068","host","1.2.1","USB","27","URB_INTERRUPT in"
"3759","24.740089","1.2.1","host","USB","40","URB_INTERRUPT in"
"3760","24.740120","host","1.2.1","USB","27","URB_INTERRUPT in"
"3761","24.743062","1.2.1","host","USB","40","URB_INTERRUPT in"
"3762","24.743068","host","1.2.1","USB","27","URB_INTERRUPT in"
"3763","24.744079","1.2.1","host","USB","40","URB_INTERRUPT in"
"3764","24.744104","host","1.2.1","USB","27","URB_INTERRUPT in"
"3765","24.748086","1.2.1","host","USB","40","URB_INTERRUPT in"
"3766","24.748117","host","1.2.1","USB","27","URB_INTERRUPT in"
"3767","24.750088","1.2.1","host","USB","40","URB_INTERRUPT in"
"3768","24.750122","host","1.2.1","USB","27","URB_INTERRUPT in"
"3769","24.755062","1.2.1","host","USB","40","URB_INTERRUPT in"
"3770","24.755068","host","1.2.1","USB","27","URB_INTERRUPT in"
"3771","24.756061","1.2.1","host","USB","40","URB_INTERRUPT in"
"3772","24.756065","host","1.2.1","USB","27","URB_INTERRUPT in"
"3773","24.760086","1.2.1","host","USB","40","URB_INTERRUPT in"
"3774","24.760119","host","1.2.1","USB","27","URB_INTERRUPT in"
"3775","24.761077","1.2.1","host","USB","40","URB_INTERRUPT in"
"3776","24.761100","host","1.2.1","USB","27","URB_INTERRUPT in"
"3777","24.765086","1.2.1","host","USB","40","URB_INTERRUPT in"
"3778","24.765117","host","1.2.1","USB","27","URB_INTERRUPT in"
"3779","24.766062","1.2.1","host","USB","40","URB_INTERRUPT in"
"3780","24.766067","host","1.2.1","USB","27","URB_INTERRUPT in"
"3783","24.769084","1.2.1","host","USB","40","URB_INTERRUPT in"
"3784","24.769119","host","1.2.1","USB","27","URB_INTERRUPT in"
"3785","24.770084","1.2.1","host","USB","40","URB_INTERRUPT in"
"3786","24.770116","host","1.2.1","USB","27","URB_INTERRUPT in"
"3787","24.774062","1.2.1","host","USB","40","URB_INTERRUPT in"
"3788","24.774067","host","1.2.1","USB","27","URB_INTERRUPT in"
"3789","24.776062","1.2.1","host","USB","40","URB_INTERRUPT in"
"3790","24.776068","host","1.2.1","USB","27","URB_INTERRUPT in"
"3791","24.778062","1.2.1","host","USB","40","URB_INTERRUPT in"
"3792","24.778067","host","1.2.1","USB","27","URB_INTERRUPT in"
"3793","24.780086","1.2.1","host","USB","40","URB_INTERRUPT in"
"3794","24.780118","host","1.2.1","USB","27","URB_INTERRUPT in"
"3795","24.782080","1.2.1","host","USB","40","URB_INTERRUPT in"
"3796","24.782106","host","1.2.1","USB","27","URB_INTERRUPT in"
"3797","24.784062","1.2.1","host","USB","40","URB_INTERRUPT in"
"3798","24.784068","host","1.2.1","USB","27","URB_INTERRUPT in"
"3799","24.786061","1.2.1","host","USB","40","URB_INTERRUPT in"
"3800","24.786065","host","1.2.1","USB","27","URB_INTERRUPT in"
"3801","24.788062","1.2.1","host","USB","40","URB_INTERRUPT in"
"3802","24.788067","host","1.2.1","USB","27","URB_INTERRUPT in"
"3803","24.790084","1.2.1","host","USB","40","URB_INTERRUPT in"
"3804","24.790116","host","1.2.1","USB","27","URB_INTERRUPT in"
"3805","24.791084","1.2.1","host","USB","40","URB_INTERRUPT in"
"3806","24.791120","host","1.2.1","USB","27","URB_INTERRUPT in"
"3807","24.793088","1.2.1","host","USB","40","URB_INTERRUPT in"
"3808","24.793120","host","1.2.1","USB","27","URB_INTERRUPT in"
"3809","24.794083","1.2.1","host","USB","40","URB_INTERRUPT in"
"3810","24.794113","host","1.2.1","USB","27","URB_INTERRUPT in"
"3811","24.797062","1.2.1","host","USB","40","URB_INTERRUPT in"
"3812","24.797068","host","1.2.1","USB","27","URB_INTERRUPT in"
"3813","24.798078","1.2.1","host","USB","40","URB_INTERRUPT in"
"3814","24.798099","host","1.2.1","USB","27","URB_INTERRUPT in"
"3816","24.801062","1.2.1","host","USB","40","URB_INTERRUPT in"
"3817","24.801069","host","1.2.1","USB","27","URB_INTERRUPT in"
"3819","24.802076","1.2.1","host","USB","40","URB_INTERRUPT in"
"3820","24.802110","host","1.2.1","USB","27","URB_INTERRUPT in"
"3821","24.805092","1.2.1","host","USB","40","URB_INTERRUPT in"
"3822","24.805120","host","1.2.1","USB","27","URB_INTERRUPT in"
"3823","24.807061","1.2.1","host","USB","40","URB_INTERRUPT in"
"3824","24.807065","host","1.2.1","USB","27","URB_INTERRUPT in"
"3825","24.810086","1.2.1","host","USB","40","URB_INTERRUPT in"
"3826","24.810116","host","1.2.1","USB","27","URB_INTERRUPT in"
"3827","24.813087","1.2.1","host","USB","40","URB_INTERRUPT in"
"3828","24.813115","host","1.2.1","USB","27","URB_INTERRUPT in"
"3829","24.817097","1.2.1","host","USB","40","URB_INTERRUPT in"
"3830","24.817102","host","1.2.1","USB","27","URB_INTERRUPT in"
"3831","24.823216","1.2.3","host","USB","47","URB_INTERRUPT in"
"3832","24.823243","host","1.2.3","USB","27","URB_INTERRUPT in"
"3833","24.823312","1.2.1","host","USB","40","URB_INTERRUPT in"
"3834","24.823317","host","1.2.1","USB","27","URB_INTERRUPT in"
"3835","24.827068","1.2.1","host","USB","40","URB_INTERRUPT in"
"3836","24.827084","host","1.2.1","USB","27","URB_INTERRUPT in"
"3837","24.830070","1.2.1","host","USB","40","URB_INTERRUPT in"
"3838","24.830098","host","1.2.1","USB","27","URB_INTERRUPT in"
"3839","24.831072","1.2.3","host","USB","47","URB_INTERRUPT in"
"3840","24.831091","host","1.2.3","USB","27","URB_INTERRUPT in"
"3841","24.848072","1.2.3","host","USB","47","URB_INTERRUPT in"
"3842","24.848095","host","1.2.3","USB","27","URB_INTERRUPT in"
"3845","24.867191","1.2.1","host","USB","40","URB_INTERRUPT in"
"3846","24.867212","host","1.2.1","USB","27","URB_INTERRUPT in"
"3847","24.867221","1.2.3","host","USB","47","URB_INTERRUPT in"
"3848","24.867226","host","1.2.3","USB","27","URB_INTERRUPT in"
"3849","24.882070","1.2.3","host","USB","47","URB_INTERRUPT in"
"3850","24.882090","host","1.2.3","USB","27","URB_INTERRUPT in"
"3851","24.885063","1.2.1","host","USB","40","URB_INTERRUPT in"
"3852","24.885083","host","1.2.1","USB","27","URB_INTERRUPT in"
"3853","24.888066","1.2.1","host","USB","40","URB_INTERRUPT in"
"3854","24.888088","host","1.2.1","USB","27","URB_INTERRUPT in"
"3855","24.893064","1.2.1","host","USB","40","URB_INTERRUPT in"
"3856","24.893083","host","1.2.1","USB","27","URB_INTERRUPT in"
"3857","24.894065","1.2.1","host","USB","40","URB_INTERRUPT in"
"3858","24.894081","host","1.2.1","USB","27","URB_INTERRUPT in"
"3859","24.896091","1.2.1","host","USB","40","URB_INTERRUPT in"
"3860","24.896182","host","1.2.1","USB","27","URB_INTERRUPT in"
"3862","24.899235","1.2.3","host","USB","47","URB_INTERRUPT in"
"3863","24.899249","host","1.2.3","USB","27","URB_INTERRUPT in"
"3864","24.899312","1.2.1","host","USB","40","URB_INTERRUPT in"
"3865","24.899320","host","1.2.1","USB","27","URB_INTERRUPT in"
"3867","24.900062","1.2.1","host","USB","40","URB_INTERRUPT in"
"3868","24.900080","host","1.2.1","USB","27","URB_INTERRUPT in"
"3869","24.902064","1.2.1","host","USB","40","URB_INTERRUPT in"
"3870","24.902082","host","1.2.1","USB","27","URB_INTERRUPT in"
"3871","24.903084","1.2.1","host","USB","40","URB_INTERRUPT in"
"3872","24.903180","host","1.2.1","USB","27","URB_INTERRUPT in"
"3873","24.904062","1.2.1","host","USB","40","URB_INTERRUPT in"
"3874","24.904077","host","1.2.1","USB","27","URB_INTERRUPT in"
"3875","24.906061","1.2.1","host","USB","40","URB_INTERRUPT in"
"3876","24.906075","host","1.2.1","USB","27","URB_INTERRUPT in"
"3877","24.907062","1.2.1","host","USB","40","URB_INTERRUPT in"
"3878","24.907077","host","1.2.1","USB","27","URB_INTERRUPT in"
"3879","24.908062","1.2.1","host","USB","40","URB_INTERRUPT in"
"3880","24.908076","host","1.2.1","USB","27","URB_INTERRUPT in"
"3881","24.909082","1.2.1","host","USB","40","URB_INTERRUPT in"
"3882","24.909155","host","1.2.1","USB","27","URB_INTERRUPT in"
"3883","24.910083","1.2.1","host","USB","40","URB_INTERRUPT in"
"3884","24.910155","host","1.2.1","USB","27","URB_INTERRUPT in"
"3885","24.911085","1.2.1","host","USB","40","URB_INTERRUPT in"
"3886","24.911177","host","1.2.1","USB","27","URB_INTERRUPT in"
"3887","24.912062","1.2.1","host","USB","40","URB_INTERRUPT in"
"3888","24.912075","host","1.2.1","USB","27","URB_INTERRUPT in"
"3889","24.913062","1.2.1","host","USB","40","URB_INTERRUPT in"
"3890","24.913076","host","1.2.1","USB","27","URB_INTERRUPT in"
"3891","24.914086","1.2.1","host","USB","40","URB_INTERRUPT in"
"3892","24.914170","host","1.2.1","USB","27","URB_INTERRUPT in"
"3893","24.915082","1.2.1","host","USB","40","URB_INTERRUPT in"
"3894","24.915175","host","1.2.1","USB","27","URB_INTERRUPT in"
"3895","24.916062","1.2.1","host","USB","40","URB_INTERRUPT in"
"3896","24.916075","host","1.2.1","USB","27","URB_INTERRUPT in"
"3897","24.917062","1.2.1","host","USB","40","URB_INTERRUPT in"
"3898","24.917075","host","1.2.1","USB","27","URB_INTERRUPT in"
"3899","24.918084","1.2.1","host","USB","40","URB_INTERRUPT in"
"3900","24.918155","host","1.2.1","USB","27","URB_INTERRUPT in"
"3901","24.919085","1.2.1","host","USB","40","URB_INTERRUPT in"
"3902","24.919177","host","1.2.1","USB","27","URB_INTERRUPT in"
"3903","24.920091","1.2.1","host","USB","40","URB_INTERRUPT in"
"3904","24.920123","host","1.2.1","USB","27","URB_INTERRUPT in"
"3905","24.921092","1.2.1","host","USB","40","URB_INTERRUPT in"
"3906","24.921131","host","1.2.1","USB","27","URB_INTERRUPT in"
"3907","24.922062","1.2.1","host","USB","40","URB_INTERRUPT in"
"3908","24.922075","host","1.2.1","USB","27","URB_INTERRUPT in"
"3909","24.923061","1.2.1","host","USB","40","URB_INTERRUPT in"
"3910","24.923074","host","1.2.1","USB","27","URB_INTERRUPT in"
"3911","24.924062","1.2.1","host","USB","40","URB_INTERRUPT in"
"3912","24.924077","host","1.2.1","USB","27","URB_INTERRUPT in"
"3913","24.925063","1.2.1","host","USB","40","URB_INTERRUPT in"
"3914","24.925077","host","1.2.1","USB","27","URB_INTERRUPT in"
"3915","24.926061","1.2.1","host","USB","40","URB_INTERRUPT in"
"3916","24.926077","host","1.2.1","USB","27","URB_INTERRUPT in"
"3917","24.927062","1.2.1","host","USB","40","URB_INTERRUPT in"
"3918","24.927077","host","1.2.1","USB","27","URB_INTERRUPT in"
"3919","24.928062","1.2.1","host","USB","40","URB_INTERRUPT in"
"3920","24.928075","host","1.2.1","USB","27","URB_INTERRUPT in"
"3921","24.929061","1.2.1","host","USB","40","URB_INTERRUPT in"
"3922","24.929076","host","1.2.1","USB","27","URB_INTERRUPT in"
"3923","24.930063","1.2.1","host","USB","40","URB_INTERRUPT in"
"3924","24.930077","host","1.2.1","USB","27","URB_INTERRUPT in"
"3925","24.931061","1.2.1","host","USB","40","URB_INTERRUPT in"
"3926","24.931076","host","1.2.1","USB","27","URB_INTERRUPT in"
"3928","24.932062","1.2.1","host","USB","40","URB_INTERRUPT in"
"3929","24.932076","host","1.2.1","USB","27","URB_INTERRUPT in"
"3931","24.933062","1.2.1","host","USB","40","URB_INTERRUPT in"
"3932","24.933078","host","1.2.1","USB","27","URB_INTERRUPT in"
"3933","24.934089","1.2.1","host","USB","40","URB_INTERRUPT in"
"3934","24.934182","host","1.2.1","USB","27","URB_INTERRUPT in"
"3935","24.935083","1.2.1","host","USB","40","URB_INTERRUPT in"
"3936","24.935130","host","1.2.1","USB","27","URB_INTERRUPT in"
"3937","24.936062","1.2.1","host","USB","40","URB_INTERRUPT in"
"3938","24.936075","host","1.2.1","USB","27","URB_INTERRUPT in"
"3939","24.937074","1.2.1","host","USB","40","URB_INTERRUPT in"
"3940","24.937089","host","1.2.1","USB","27","URB_INTERRUPT in"
"3941","24.938087","1.2.1","host","USB","40","URB_INTERRUPT in"
"3942","24.938133","host","1.2.1","USB","27","URB_INTERRUPT in"
"3943","24.939087","1.2.1","host","USB","40","URB_INTERRUPT in"
"3944","24.939162","host","1.2.1","USB","27","URB_INTERRUPT in"
"3945","24.940085","1.2.1","host","USB","40","URB_INTERRUPT in"
"3946","24.940155","host","1.2.1","USB","27","URB_INTERRUPT in"
"3947","24.941084","1.2.1","host","USB","40","URB_INTERRUPT in"
"3948","24.941162","host","1.2.1","USB","27","URB_INTERRUPT in"
"3949","24.942087","1.2.1","host","USB","40","URB_INTERRUPT in"
"3950","24.942165","host","1.2.1","USB","27","URB_INTERRUPT in"
"3951","24.943084","1.2.1","host","USB","40","URB_INTERRUPT in"
"3952","24.943155","host","1.2.1","USB","27","URB_INTERRUPT in"
"3953","24.944062","1.2.1","host","USB","40","URB_INTERRUPT in"
"3954","24.944076","host","1.2.1","USB","27","URB_INTERRUPT in"
"3955","24.945084","1.2.1","host","USB","40","URB_INTERRUPT in"
"3956","24.945175","host","1.2.1","USB","27","URB_INTERRUPT in"
"3957","24.946086","1.2.1","host","USB","40","URB_INTERRUPT in"
"3958","24.946162","host","1.2.1","USB","27","URB_INTERRUPT in"
"3959","24.947084","1.2.1","host","USB","40","URB_INTERRUPT in"
"3960","24.947161","host","1.2.1","USB","27","URB_INTERRUPT in"
"3961","24.948084","1.2.1","host","USB","40","URB_INTERRUPT in"
"3962","24.948154","host","1.2.1","USB","27","URB_INTERRUPT in"
"3963","24.949086","1.2.1","host","USB","40","URB_INTERRUPT in"
"3964","24.949156","host","1.2.1","USB","27","URB_INTERRUPT in"
"3965","24.950088","1.2.1","host","USB","40","URB_INTERRUPT in"
"3966","24.950179","host","1.2.1","USB","27","URB_INTERRUPT in"
"3967","24.951061","1.2.1","host","USB","40","URB_INTERRUPT in"
"3968","24.951076","host","1.2.1","USB","27","URB_INTERRUPT in"
"3969","24.952083","1.2.1","host","USB","40","URB_INTERRUPT in"
"3970","24.952150","host","1.2.1","USB","27","URB_INTERRUPT in"
"3971","24.953080","1.2.1","host","USB","40","URB_INTERRUPT in"
"3972","24.953148","host","1.2.1","USB","27","URB_INTERRUPT in"
"3973","24.954062","1.2.1","host","USB","40","URB_INTERRUPT in"
"3974","24.954075","host","1.2.1","USB","27","URB_INTERRUPT in"
"3975","24.955062","1.2.1","host","USB","40","URB_INTERRUPT in"
"3976","24.955076","host","1.2.1","USB","27","URB_INTERRUPT in"
"3977","24.956082","1.2.1","host","USB","40","URB_INTERRUPT in"
"3978","24.956139","host","1.2.1","USB","27","URB_INTERRUPT in"
"3979","24.957061","1.2.1","host","USB","40","URB_INTERRUPT in"
"3980","24.957074","host","1.2.1","USB","27","URB_INTERRUPT in"
"3981","24.958061","1.2.1","host","USB","40","URB_INTERRUPT in"
"3982","24.958077","host","1.2.1","USB","27","URB_INTERRUPT in"
"3983","24.959086","1.2.1","host","USB","40","URB_INTERRUPT in"
"3984","24.959101","host","1.2.1","USB","27","URB_INTERRUPT in"
"3985","24.960088","1.2.1","host","USB","40","URB_INTERRUPT in"
"3986","24.960100","host","1.2.1","USB","27","URB_INTERRUPT in"
"3987","24.961062","1.2.1","host","USB","40","URB_INTERRUPT in"
"3988","24.961076","host","1.2.1","USB","27","URB_INTERRUPT in"
"3989","24.962074","1.2.1","host","USB","40","URB_INTERRUPT in"
"3990","24.962088","host","1.2.1","USB","27","URB_INTERRUPT in"
"3991","24.963062","1.2.1","host","USB","40","URB_INTERRUPT in"
"3992","24.963077","host","1.2.1","USB","27","URB_INTERRUPT in"
"3993","24.964061","1.2.1","host","USB","40","URB_INTERRUPT in"
"3994","24.964074","host","1.2.1","USB","27","URB_INTERRUPT in"
"3995","24.965085","1.2.1","host","USB","40","URB_INTERRUPT in"
"3996","24.965161","host","1.2.1","USB","27","URB_INTERRUPT in"
"3997","24.966061","1.2.1","host","USB","40","URB_INTERRUPT in"
"3998","24.966075","host","1.2.1","USB","27","URB_INTERRUPT in"
"3999","24.967062","1.2.1","host","USB","40","URB_INTERRUPT in"
"4000","24.967076","host","1.2.1","USB","27","URB_INTERRUPT in"
"4001","24.968061","1.2.1","host","USB","40","URB_INTERRUPT in"
"4002","24.968075","host","1.2.1","USB","27","URB_INTERRUPT in"
"4003","24.969081","1.2.1","host","USB","40","URB_INTERRUPT in"
"4004","24.969153","host","1.2.1","USB","27","URB_INTERRUPT in"
"4005","24.970081","1.2.1","host","USB","40","URB_INTERRUPT in"
"4006","24.970116","host","1.2.1","USB","27","URB_INTERRUPT in"
"4007","24.971085","1.2.1","host","USB","40","URB_INTERRUPT in"
"4008","24.971166","host","1.2.1","USB","27","URB_INTERRUPT in"
"4009","24.972084","1.2.1","host","USB","40","URB_INTERRUPT in"
"4010","24.972155","host","1.2.1","USB","27","URB_INTERRUPT in"
"4011","24.973063","1.2.1","host","USB","40","URB_INTERRUPT in"
"4012","24.973076","host","1.2.1","USB","27","URB_INTERRUPT in"
"4013","24.974062","1.2.1","host","USB","40","URB_INTERRUPT in"
"4014","24.974077","host","1.2.1","USB","27","URB_INTERRUPT in"
"4015","24.975062","1.2.1","host","USB","40","URB_INTERRUPT in"
"4016","24.975079","host","1.2.1","USB","27","URB_INTERRUPT in"
"4017","24.976061","1.2.1","host","USB","40","URB_INTERRUPT in"
"4018","24.976076","host","1.2.1","USB","27","URB_INTERRUPT in"
"4019","24.977062","1.2.1","host","USB","40","URB_INTERRUPT in"
"4020","24.977076","host","1.2.1","USB","27","URB_INTERRUPT in"
"4021","24.978060","1.2.1","host","USB","40","URB_INTERRUPT in"
"4022","24.978074","host","1.2.1","USB","27","URB_INTERRUPT in"
"4023","24.979062","1.2.1","host","USB","40","URB_INTERRUPT in"
"4024","24.979077","host","1.2.1","USB","27","URB_INTERRUPT in"
"4025","24.980061","1.2.1","host","USB","40","URB_INTERRUPT in"
"4026","24.980075","host","1.2.1","USB","27","URB_INTERRUPT in"
"4027","24.981062","1.2.1","host","USB","40","URB_INTERRUPT in"
"4028","24.981078","host","1.2.1","USB","27","URB_INTERRUPT in"
"4029","24.982062","1.2.1","host","USB","40","URB_INTERRUPT in"
"4030","24.982077","host","1.2.1","USB","27","URB_INTERRUPT in"
"4031","24.983062","1.2.1","host","USB","40","URB_INTERRUPT in"
"4032","24.983076","host","1.2.1","USB","27","URB_INTERRUPT in"
"4033","24.984061","1.2.1","host","USB","40","URB_INTERRUPT in"
"4034","24.984074","host","1.2.1","USB","27","URB_INTERRUPT in"
"4035","24.985061","1.2.1","host","USB","40","URB_INTERRUPT in"
"4036","24.985074","host","1.2.1","USB","27","URB_INTERRUPT in"
"4037","24.986062","1.2.1","host","USB","40","URB_INTERRUPT in"
"4038","24.986076","host","1.2.1","USB","27","URB_INTERRUPT in"
"4039","24.987063","1.2.1","host","USB","40","URB_INTERRUPT in"
"4040","24.987080","host","1.2.1","USB","27","URB_INTERRUPT in"
"4041","24.988062","1.2.1","host","USB","40","URB_INTERRUPT in"
"4042","24.988077","host","1.2.1","USB","27","URB_INTERRUPT in"
"4043","24.989061","1.2.1","host","USB","40","URB_INTERRUPT in"
"4044","24.989074","host","1.2.1","USB","27","URB_INTERRUPT in"
"4045","24.990060","1.2.1","host","USB","40","URB_INTERRUPT in"
"4046","24.990074","host","1.2.1","USB","27","URB_INTERRUPT in"
"4047","24.991061","1.2.1","host","USB","40","URB_INTERRUPT in"
"4048","24.991074","host","1.2.1","USB","27","URB_INTERRUPT in"
"4049","24.992062","1.2.1","host","USB","40","URB_INTERRUPT in"
"4050","24.992076","host","1.2.1","USB","27","URB_INTERRUPT in"
"4051","24.993064","1.2.1","host","USB","40","URB_INTERRUPT in"
"4052","24.993078","host","1.2.1","USB","27","URB_INTERRUPT in"
"4053","24.994086","1.2.1","host","USB","40","URB_INTERRUPT in"
"4054","24.994176","host","1.2.1","USB","27","URB_INTERRUPT in"
"4055","24.995062","1.2.1","host","USB","40","URB_INTERRUPT in"
"4056","24.995077","host","1.2.1","USB","27","URB_INTERRUPT in"
"4057","24.996064","1.2.1","host","USB","40","URB_INTERRUPT in"
"4058","24.996081","host","1.2.1","USB","27","URB_INTERRUPT in"
"4060","24.997090","1.2.1","host","USB","40","URB_INTERRUPT in"
"4061","24.997149","host","1.2.1","USB","27","URB_INTERRUPT in"
"4062","24.998060","1.2.1","host","USB","40","URB_INTERRUPT in"
"4063","24.998073","host","1.2.1","USB","27","URB_INTERRUPT in"
"4065","24.999083","1.2.1","host","USB","40","URB_INTERRUPT in"
"4066","24.999175","host","1.2.1","USB","27","URB_INTERRUPT in"
"4067","25.000063","1.2.1","host","USB","40","URB_INTERRUPT in"
"4068","25.000080","host","1.2.1","USB","27","URB_INTERRUPT in"
"4069","25.001062","1.2.1","host","USB","40","URB_INTERRUPT in"
"4070","25.001075","host","1.2.1","USB","27","URB_INTERRUPT in"
"4071","25.002080","1.2.1","host","USB","40","URB_INTERRUPT in"
"4072","25.002150","host","1.2.1","USB","27","URB_INTERRUPT in"
"4073","25.003062","1.2.1","host","USB","40","URB_INTERRUPT in"
"4074","25.003076","host","1.2.1","USB","27","URB_INTERRUPT in"
"4075","25.004063","1.2.1","host","USB","40","URB_INTERRUPT in"
"4076","25.004080","host","1.2.1","USB","27","URB_INTERRUPT in"
"4077","25.005062","1.2.1","host","USB","40","URB_INTERRUPT in"
"4078","25.005077","host","1.2.1","USB","27","URB_INTERRUPT in"
"4079","25.006087","1.2.1","host","USB","40","URB_INTERRUPT in"
"4080","25.006131","host","1.2.1","USB","27","URB_INTERRUPT in"
"4081","25.007081","1.2.1","host","USB","40","URB_INTERRUPT in"
"4082","25.007177","host","1.2.1","USB","27","URB_INTERRUPT in"
"4083","25.008062","1.2.1","host","USB","40","URB_INTERRUPT in"
"4084","25.008080","host","1.2.1","USB","27","URB_INTERRUPT in"
"4085","25.009063","1.2.1","host","USB","40","URB_INTERRUPT in"
"4086","25.009078","host","1.2.1","USB","27","URB_INTERRUPT in"
"4087","25.010061","1.2.1","host","USB","40","URB_INTERRUPT in"
"4088","25.010075","host","1.2.1","USB","27","URB_INTERRUPT in"
"4089","25.011061","1.2.1","host","USB","40","URB_INTERRUPT in"
"4090","25.011076","host","1.2.1","USB","27","URB_INTERRUPT in"
"4091","25.012068","1.2.1","host","USB","40","URB_INTERRUPT in"
"4092","25.012089","host","1.2.1","USB","27","URB_INTERRUPT in"
"4093","25.013093","1.2.1","host","USB","40","URB_INTERRUPT in"
"4094","25.013185","host","1.2.1","USB","27","URB_INTERRUPT in"
"4095","25.014086","1.2.1","host","USB","40","URB_INTERRUPT in"
"4096","25.014178","host","1.2.1","USB","27","URB_INTERRUPT in"
"4097","25.015079","1.2.1","host","USB","40","URB_INTERRUPT in"
"4098","25.015175","host","1.2.1","USB","27","URB_INTERRUPT in"
"4099","25.016105","1.2.1","host","USB","40","URB_INTERRUPT in"
"4100","25.016118","host","1.2.1","USB","27","URB_INTERRUPT in"
"4101","25.017062","1.2.1","host","USB","40","URB_INTERRUPT in"
"4102","25.017077","host","1.2.1","USB","27","URB_INTERRUPT in"
"4103","25.018085","1.2.1","host","USB","40","URB_INTERRUPT in"
"4104","25.018159","host","1.2.1","USB","27","URB_INTERRUPT in"
"4105","25.019080","1.2.1","host","USB","40","URB_INTERRUPT in"
"4106","25.019175","host","1.2.1","USB","27","URB_INTERRUPT in"
"4107","25.020080","1.2.1","host","USB","40","URB_INTERRUPT in"
"4108","25.020149","host","1.2.1","USB","27","URB_INTERRUPT in"
"4109","25.021063","1.2.1","host","USB","40","URB_INTERRUPT in"
"4110","25.021080","host","1.2.1","USB","27","URB_INTERRUPT in"
"4111","25.022086","1.2.1","host","USB","40","URB_INTERRUPT in"
"4112","25.022160","host","1.2.1","USB","27","URB_INTERRUPT in"
"4113","25.023083","1.2.1","host","USB","40","URB_INTERRUPT in"
"4114","25.023179","host","1.2.1","USB","27","URB_INTERRUPT in"
"4115","25.024083","1.2.1","host","USB","40","URB_INTERRUPT in"
"4116","25.024154","host","1.2.1","USB","27","URB_INTERRUPT in"
"4117","25.025062","1.2.1","host","USB","40","URB_INTERRUPT in"
"4118","25.025078","host","1.2.1","USB","27","URB_INTERRUPT in"
"4119","25.026062","1.2.1","host","USB","40","URB_INTERRUPT in"
"4120","25.026075","host","1.2.1","USB","27","URB_INTERRUPT in"
"4121","25.027081","1.2.1","host","USB","40","URB_INTERRUPT in"
"4122","25.027123","host","1.2.1","USB","27","URB_INTERRUPT in"
"4123","25.028062","1.2.1","host","USB","40","URB_INTERRUPT in"
"4124","25.028076","host","1.2.1","USB","27","URB_INTERRUPT in"
"4125","25.029065","1.2.1","host","USB","40","URB_INTERRUPT in"
"4126","25.029082","host","1.2.1","USB","27","URB_INTERRUPT in"
"4127","25.030084","1.2.1","host","USB","40","URB_INTERRUPT in"
"4128","25.030160","host","1.2.1","USB","27","URB_INTERRUPT in"
"4129","25.031082","1.2.1","host","USB","40","URB_INTERRUPT in"
"4130","25.031150","host","1.2.1","USB","27","URB_INTERRUPT in"
"4131","25.032060","1.2.1","host","USB","40","URB_INTERRUPT in"
"4132","25.032074","host","1.2.1","USB","27","URB_INTERRUPT in"
"4133","25.033064","1.2.1","host","USB","40","URB_INTERRUPT in"
"4134","25.033079","host","1.2.1","USB","27","URB_INTERRUPT in"
"4135","25.034063","1.2.1","host","USB","40","URB_INTERRUPT in"
"4136","25.034078","host","1.2.1","USB","27","URB_INTERRUPT in"
"4137","25.035062","1.2.1","host","USB","40","URB_INTERRUPT in"
"4138","25.035077","host","1.2.1","USB","27","URB_INTERRUPT in"
"4139","25.036063","1.2.1","host","USB","40","URB_INTERRUPT in"
"4140","25.036080","host","1.2.1","USB","27","URB_INTERRUPT in"
"4141","25.037063","1.2.1","host","USB","40","URB_INTERRUPT in"
"4142","25.037078","host","1.2.1","USB","27","URB_INTERRUPT in"
"4143","25.038064","1.2.1","host","USB","40","URB_INTERRUPT in"
"4144","25.038082","host","1.2.1","USB","27","URB_INTERRUPT in"
"4145","25.040062","1.2.1","host","USB","40","URB_INTERRUPT in"
"4146","25.040077","host","1.2.1","USB","27","URB_INTERRUPT in"
"4147","25.041062","1.2.1","host","USB","40","URB_INTERRUPT in"
"4148","25.041076","host","1.2.1","USB","27","URB_INTERRUPT in"
"4149","25.042061","1.2.1","host","USB","40","URB_INTERRUPT in"
"4150","25.042077","host","1.2.1","USB","27","URB_INTERRUPT in"
"4151","25.043062","1.2.1","host","USB","40","URB_INTERRUPT in"
"4152","25.043077","host","1.2.1","USB","27","URB_INTERRUPT in"
"4153","25.044061","1.2.1","host","USB","40","URB_INTERRUPT in"
"4154","25.044075","host","1.2.1","USB","27","URB_INTERRUPT in"
"4155","25.045062","1.2.1","host","USB","40","URB_INTERRUPT in"
"4156","25.045075","host","1.2.1","USB","27","URB_INTERRUPT in"
"4157","25.046066","1.2.1","host","USB","40","URB_INTERRUPT in"
"4158","25.046087","host","1.2.1","USB","27","URB_INTERRUPT in"
"4159","25.047087","1.2.1","host","USB","40","URB_INTERRUPT in"
"4160","25.047163","host","1.2.1","USB","27","URB_INTERRUPT in"
"4161","25.048061","1.2.1","host","USB","40","URB_INTERRUPT in"
"4162","25.048077","host","1.2.1","USB","27","URB_INTERRUPT in"
"4163","25.049061","1.2.1","host","USB","40","URB_INTERRUPT in"
"4164","25.049076","host","1.2.1","USB","27","URB_INTERRUPT in"
"4165","25.050063","1.2.1","host","USB","40","URB_INTERRUPT in"
"4166","25.050079","host","1.2.1","USB","27","URB_INTERRUPT in"
"4167","25.051061","1.2.1","host","USB","40","URB_INTERRUPT in"
"4168","25.051074","host","1.2.1","USB","27","URB_INTERRUPT in"
"4169","25.052061","1.2.1","host","USB","40","URB_INTERRUPT in"
"4170","25.052075","host","1.2.1","USB","27","URB_INTERRUPT in"
"4171","25.053060","1.2.1","host","USB","40","URB_INTERRUPT in"
"4172","25.053073","host","1.2.1","USB","27","URB_INTERRUPT in"
"4173","25.054062","1.2.1","host","USB","40","URB_INTERRUPT in"
"4174","25.054079","host","1.2.1","USB","27","URB_INTERRUPT in"
"4175","25.055088","1.2.1","host","USB","40","URB_INTERRUPT in"
"4176","25.055174","host","1.2.1","USB","27","URB_INTERRUPT in"
"4177","25.056084","1.2.1","host","USB","40","URB_INTERRUPT in"
"4178","25.056174","host","1.2.1","USB","27","URB_INTERRUPT in"
"4179","25.057060","1.2.1","host","USB","40","URB_INTERRUPT in"
"4180","25.057073","host","1.2.1","USB","27","URB_INTERRUPT in"
"4181","25.058063","1.2.1","host","USB","40","URB_INTERRUPT in"
"4182","25.058079","host","1.2.1","USB","27","URB_INTERRUPT in"
"4183","25.059105","1.2.1","host","USB","40","URB_INTERRUPT in"
"4184","25.059119","host","1.2.1","USB","27","URB_INTERRUPT in"
"4185","25.060087","1.2.1","host","USB","40","URB_INTERRUPT in"
"4186","25.060174","host","1.2.1","USB","27","URB_INTERRUPT in"
"4187","25.061079","1.2.1","host","USB","40","URB_INTERRUPT in"
"4188","25.061147","host","1.2.1","USB","27","URB_INTERRUPT in"
"4189","25.062062","1.2.1","host","USB","40","URB_INTERRUPT in"
"4190","25.062076","host","1.2.1","USB","27","URB_INTERRUPT in"
"4192","25.063062","1.2.1","host","USB","40","URB_INTERRUPT in"
"4193","25.063068","host","1.2.1","USB","27","URB_INTERRUPT in"
"4194","25.064087","1.2.1","host","USB","40","URB_INTERRUPT in"
"4195","25.064185","host","1.2.1","USB","27","URB_INTERRUPT in"
"4197","25.065060","1.2.1","host","USB","40","URB_INTERRUPT in"
"4198","25.065074","host","1.2.1","USB","27","URB_INTERRUPT in"
"4199","25.066062","1.2.1","host","USB","40","URB_INTERRUPT in"
"4200","25.066077","host","1.2.1","USB","27","URB_INTERRUPT in"
"4201","25.067073","1.2.1","host","USB","40","URB_INTERRUPT in"
"4202","25.067089","host","1.2.1","USB","27","URB_INTERRUPT in"
"4203","25.068086","1.2.1","host","USB","40","URB_INTERRUPT in"
"4204","25.068181","host","1.2.1","USB","27","URB_INTERRUPT in"
"4205","25.069077","1.2.1","host","USB","40","URB_INTERRUPT in"
"4206","25.069137","host","1.2.1","USB","27","URB_INTERRUPT in"
"4207","25.070080","1.2.1","host","USB","40","URB_INTERRUPT in"
"4208","25.070150","host","1.2.1","USB","27","URB_INTERRUPT in"
"4209","25.071062","1.2.1","host","USB","40","URB_INTERRUPT in"
"4210","25.071076","host","1.2.1","USB","27","URB_INTERRUPT in"
"4211","25.073090","1.2.1","host","USB","40","URB_INTERRUPT in"
"4212","25.073154","host","1.2.1","USB","27","URB_INTERRUPT in"
"4213","25.074060","1.2.1","host","USB","40","URB_INTERRUPT in"
"4214","25.074075","host","1.2.1","USB","27","URB_INTERRUPT in"
"4215","25.075061","1.2.1","host","USB","40","URB_INTERRUPT in"
"4216","25.075075","host","1.2.1","USB","27","URB_INTERRUPT in"
"4217","25.076079","1.2.1","host","USB","40","URB_INTERRUPT in"
"4218","25.076149","host","1.2.1","USB","27","URB_INTERRUPT in"
"4219","25.077081","1.2.1","host","USB","40","URB_INTERRUPT in"
"4220","25.077151","host","1.2.1","USB","27","URB_INTERRUPT in"
"4221","25.078062","1.2.1","host","USB","40","URB_INTERRUPT in"
"4222","25.078080","host","1.2.1","USB","27","URB_INTERRUPT in"
"4223","25.079064","1.2.1","host","USB","40","URB_INTERRUPT in"
"4224","25.079083","host","1.2.1","USB","27","URB_INTERRUPT in"
"4225","25.080063","1.2.1","host","USB","40","URB_INTERRUPT in"
"4226","25.080080","host","1.2.1","USB","27","URB_INTERRUPT in"
"4227","25.081061","1.2.1","host","USB","40","URB_INTERRUPT in"
"4228","25.081077","host","1.2.1","USB","27","URB_INTERRUPT in"
"4229","25.082085","1.2.1","host","USB","40","URB_INTERRUPT in"
"4230","25.082186","host","1.2.1","USB","27","URB_INTERRUPT in"
"4231","25.083061","1.2.1","host","USB","40","URB_INTERRUPT in"
"4232","25.083079","host","1.2.1","USB","27","URB_INTERRUPT in"
"4233","25.084089","1.2.1","host","USB","40","URB_INTERRUPT in"
"4234","25.084163","host","1.2.1","USB","27","URB_INTERRUPT in"
"4235","25.085060","1.2.1","host","USB","40","URB_INTERRUPT in"
"4236","25.085074","host","1.2.1","USB","27","URB_INTERRUPT in"
"4237","25.086088","1.2.1","host","USB","40","URB_INTERRUPT in"
"4238","25.086164","host","1.2.1","USB","27","URB_INTERRUPT in"
"4239","25.087062","1.2.1","host","USB","40","URB_INTERRUPT in"
"4240","25.087077","host","1.2.1","USB","27","URB_INTERRUPT in"
"4241","25.088086","1.2.1","host","USB","40","URB_INTERRUPT in"
"4242","25.088163","host","1.2.1","USB","27","URB_INTERRUPT in"
"4243","25.089061","1.2.1","host","USB","40","URB_INTERRUPT in"
"4244","25.089075","host","1.2.1","USB","27","URB_INTERRUPT in"
"4245","25.090060","1.2.1","host","USB","40","URB_INTERRUPT in"
"4246","25.090073","host","1.2.1","USB","27","URB_INTERRUPT in"
"4247","25.091062","1.2.1","host","USB","40","URB_INTERRUPT in"
"4248","25.091075","host","1.2.1","USB","27","URB_INTERRUPT in"
"4249","25.092061","1.2.1","host","USB","40","URB_INTERRUPT in"
"4250","25.092075","host","1.2.1","USB","27","URB_INTERRUPT in"
"4251","25.093061","1.2.1","host","USB","40","URB_INTERRUPT in"
"4252","25.093074","host","1.2.1","USB","27","URB_INTERRUPT in"
"4253","25.094061","1.2.1","host","USB","40","URB_INTERRUPT in"
"4254","25.094075","host","1.2.1","USB","27","URB_INTERRUPT in"
"4255","25.095082","1.2.1","host","USB","40","URB_INTERRUPT in"
"4256","25.095179","host","1.2.1","USB","27","URB_INTERRUPT in"
"4257","25.096086","1.2.1","host","USB","40","URB_INTERRUPT in"
"4258","25.096164","host","1.2.1","USB","27","URB_INTERRUPT in"
"4259","25.097080","1.2.1","host","USB","40","URB_INTERRUPT in"
"4260","25.097152","host","1.2.1","USB","27","URB_INTERRUPT in"
"4261","25.098061","1.2.1","host","USB","40","URB_INTERRUPT in"
"4262","25.098074","host","1.2.1","USB","27","URB_INTERRUPT in"
"4263","25.099071","1.2.1","host","USB","40","URB_INTERRUPT in"
"4264","25.099087","host","1.2.1","USB","27","URB_INTERRUPT in"
"4265","25.100062","1.2.1","host","USB","40","URB_INTERRUPT in"
"4266","25.100076","host","1.2.1","USB","27","URB_INTERRUPT in"
"4267","25.102085","1.2.1","host","USB","40","URB_INTERRUPT in"
"4268","25.102175","host","1.2.1","USB","27","URB_INTERRUPT in"
"4269","25.103081","1.2.1","host","USB","40","URB_INTERRUPT in"
"4270","25.103153","host","1.2.1","USB","27","URB_INTERRUPT in"
"4271","25.104062","1.2.1","host","USB","40","URB_INTERRUPT in"
"4272","25.104076","host","1.2.1","USB","27","URB_INTERRUPT in"
"4273","25.105090","1.2.1","host","USB","40","URB_INTERRUPT in"
"4274","25.105180","host","1.2.1","USB","27","URB_INTERRUPT in"
"4275","25.106081","1.2.1","host","USB","40","URB_INTERRUPT in"
"4276","25.106175","host","1.2.1","USB","27","URB_INTERRUPT in"
"4277","25.107062","1.2.1","host","USB","40","URB_INTERRUPT in"
"4278","25.107077","host","1.2.1","USB","27","URB_INTERRUPT in"
"4279","25.108061","1.2.1","host","USB","40","URB_INTERRUPT in"
"4280","25.108076","host","1.2.1","USB","27","URB_INTERRUPT in"
"4281","25.110083","1.2.1","host","USB","40","URB_INTERRUPT in"
"4282","25.110131","host","1.2.1","USB","27","URB_INTERRUPT in"
"4283","25.111077","1.2.1","host","USB","40","URB_INTERRUPT in"
"4284","25.111128","host","1.2.1","USB","27","URB_INTERRUPT in"
"4285","25.112062","1.2.1","host","USB","40","URB_INTERRUPT in"
"4286","25.112083","host","1.2.1","USB","27","URB_INTERRUPT in"
"4287","25.113061","1.2.1","host","USB","40","URB_INTERRUPT in"
"4288","25.113077","host","1.2.1","USB","27","URB_INTERRUPT in"
"4289","25.114063","1.2.1","host","USB","40","URB_INTERRUPT in"
"4290","25.114081","host","1.2.1","USB","27","URB_INTERRUPT in"
"4291","25.115063","1.2.1","host","USB","40","URB_INTERRUPT in"
"4292","25.115080","host","1.2.1","USB","27","URB_INTERRUPT in"
"4293","25.116060","1.2.1","host","USB","40","URB_INTERRUPT in"
"4294","25.116072","host","1.2.1","USB","27","URB_INTERRUPT in"
"4295","25.117061","1.2.1","host","USB","40","URB_INTERRUPT in"
"4296","25.117075","host","1.2.1","USB","27","URB_INTERRUPT in"
"4297","25.119061","1.2.1","host","USB","40","URB_INTERRUPT in"
"4298","25.119075","host","1.2.1","USB","27","URB_INTERRUPT in"
"4299","25.120083","1.2.1","host","USB","40","URB_INTERRUPT in"
"4300","25.120156","host","1.2.1","USB","27","URB_INTERRUPT in"
"4301","25.121062","1.2.1","host","USB","40","URB_INTERRUPT in"
"4302","25.121076","host","1.2.1","USB","27","URB_INTERRUPT in"
"4303","25.122083","1.2.1","host","USB","40","URB_INTERRUPT in"
"4304","25.122176","host","1.2.1","USB","27","URB_INTERRUPT in"
"4305","25.123082","1.2.1","host","USB","40","URB_INTERRUPT in"
"4306","25.123180","host","1.2.1","USB","27","URB_INTERRUPT in"
"4307","25.125062","1.2.1","host","USB","40","URB_INTERRUPT in"
"4308","25.125076","host","1.2.1","USB","27","URB_INTERRUPT in"
"4309","25.126086","1.2.1","host","USB","40","URB_INTERRUPT in"
"4310","25.126175","host","1.2.1","USB","27","URB_INTERRUPT in"
"4311","25.127083","1.2.1","host","USB","40","URB_INTERRUPT in"
"4312","25.127154","host","1.2.1","USB","27","URB_INTERRUPT in"
"4314","25.129062","1.2.1","host","USB","40","URB_INTERRUPT in"
"4315","25.129076","host","1.2.1","USB","27","URB_INTERRUPT in"
"4317","25.131079","1.2.1","host","USB","40","URB_INTERRUPT in"
"4318","25.131148","host","1.2.1","USB","27","URB_INTERRUPT in"
"4319","25.132061","1.2.1","host","USB","40","URB_INTERRUPT in"
"4320","25.132076","host","1.2.1","USB","27","URB_INTERRUPT in"
"4321","25.134083","1.2.1","host","USB","40","URB_INTERRUPT in"
"4322","25.134144","host","1.2.1","USB","27","URB_INTERRUPT in"
"4323","25.136060","1.2.1","host","USB","40","URB_INTERRUPT in"
"4324","25.136073","host","1.2.1","USB","27","URB_INTERRUPT in"
"4325","25.138061","1.2.1","host","USB","40","URB_INTERRUPT in"
"4326","25.138074","host","1.2.1","USB","27","URB_INTERRUPT in"
"4327","25.139086","1.2.1","host","USB","40","URB_INTERRUPT in"
"4328","25.139177","host","1.2.1","USB","27","URB_INTERRUPT in"
"4329","25.141088","1.2.1","host","USB","40","URB_INTERRUPT in"
"4330","25.141150","host","1.2.1","USB","27","URB_INTERRUPT in"
"4331","25.142061","1.2.1","host","USB","40","URB_INTERRUPT in"
"4332","25.142074","host","1.2.1","USB","27","URB_INTERRUPT in"
"4333","25.143061","1.2.1","host","USB","40","URB_INTERRUPT in"
"4334","25.143074","host","1.2.1","USB","27","URB_INTERRUPT in"
"4335","25.144061","1.2.1","host","USB","40","URB_INTERRUPT in"
"4336","25.144075","host","1.2.1","USB","27","URB_INTERRUPT in"
"4337","25.145061","1.2.1","host","USB","40","URB_INTERRUPT in"
"4338","25.145075","host","1.2.1","USB","27","URB_INTERRUPT in"
"4339","25.146064","1.2.1","host","USB","40","URB_INTERRUPT in"
"4340","25.146083","host","1.2.1","USB","27","URB_INTERRUPT in"
"4341","25.148068","1.2.1","host","USB","40","URB_INTERRUPT in"
"4342","25.148095","host","1.2.1","USB","27","URB_INTERRUPT in"
"4343","25.149065","1.2.1","host","USB","40","URB_INTERRUPT in"
"4344","25.149084","host","1.2.1","USB","27","URB_INTERRUPT in"
"4345","25.151067","1.2.1","host","USB","40","URB_INTERRUPT in"
"4346","25.151093","host","1.2.1","USB","27","URB_INTERRUPT in"
"4347","25.153065","1.2.1","host","USB","40","URB_INTERRUPT in"
"4348","25.153089","host","1.2.1","USB","27","URB_INTERRUPT in"
"4349","25.155070","1.2.1","host","USB","40","URB_INTERRUPT in"
"4350","25.155095","host","1.2.1","USB","27","URB_INTERRUPT in"
"4351","25.156063","1.2.1","host","USB","40","URB_INTERRUPT in"
"4352","25.156081","host","1.2.1","USB","27","URB_INTERRUPT in"
"4353","25.157061","1.2.1","host","USB","40","URB_INTERRUPT in"
"4354","25.157076","host","1.2.1","USB","27","URB_INTERRUPT in"
"4355","25.158064","1.2.1","host","USB","40","URB_INTERRUPT in"
"4356","25.158086","host","1.2.1","USB","27","URB_INTERRUPT in"
"4357","25.160068","1.2.1","host","USB","40","URB_INTERRUPT in"
"4358","25.160094","host","1.2.1","USB","27","URB_INTERRUPT in"
"4359","25.161063","1.2.1","host","USB","40","URB_INTERRUPT in"
"4360","25.161079","host","1.2.1","USB","27","URB_INTERRUPT in"
"4361","25.162061","1.2.1","host","USB","40","URB_INTERRUPT in"
"4362","25.162076","host","1.2.1","USB","27","URB_INTERRUPT in"
"4365","25.164062","1.2.1","host","USB","40","URB_INTERRUPT in"
"4366","25.164081","host","1.2.1","USB","27","URB_INTERRUPT in"
"4367","25.166063","1.2.1","host","USB","40","URB_INTERRUPT in"
"4368","25.166081","host","1.2.1","USB","27","URB_INTERRUPT in"
"4369","25.167062","1.2.1","host","USB","40","URB_INTERRUPT in"
"4370","25.167081","host","1.2.1","USB","27","URB_INTERRUPT in"
"4371","25.168061","1.2.1","host","USB","40","URB_INTERRUPT in"
"4372","25.168076","host","1.2.1","USB","27","URB_INTERRUPT in"
"4373","25.170062","1.2.1","host","USB","40","URB_INTERRUPT in"
"4374","25.170078","host","1.2.1","USB","27","URB_INTERRUPT in"
"4375","25.172066","1.2.1","host","USB","40","URB_INTERRUPT in"
"4376","25.172089","host","1.2.1","USB","27","URB_INTERRUPT in"
"4377","25.174063","1.2.1","host","USB","40","URB_INTERRUPT in"
"4378","25.174080","host","1.2.1","USB","27","URB_INTERRUPT in"
"4379","25.176063","1.2.1","host","USB","40","URB_INTERRUPT in"
"4380","25.176082","host","1.2.1","USB","27","URB_INTERRUPT in"
"4381","25.177061","1.2.1","host","USB","40","URB_INTERRUPT in"
"4382","25.177074","host","1.2.1","USB","27","URB_INTERRUPT in"
"4383","25.180066","1.2.1","host","USB","40","URB_INTERRUPT in"
"4384","25.180089","host","1.2.1","USB","27","URB_INTERRUPT in"
"4385","25.183067","1.2.1","host","USB","40","URB_INTERRUPT in"
"4386","25.183093","host","1.2.1","USB","27","URB_INTERRUPT in"
"4387","25.184064","1.2.1","host","USB","40","URB_INTERRUPT in"
"4388","25.184081","host","1.2.1","USB","27","URB_INTERRUPT in"
"4389","25.185062","1.2.1","host","USB","40","URB_INTERRUPT in"
"4390","25.185075","host","1.2.1","USB","27","URB_INTERRUPT in"
"4391","25.189088","1.2.1","host","USB","40","URB_INTERRUPT in"
"4392","25.189178","host","1.2.1","USB","27","URB_INTERRUPT in"
"4393","25.193063","1.2.1","host","USB","40","URB_INTERRUPT in"
"4394","25.193078","host","1.2.1","USB","27","URB_INTERRUPT in"
"4395","25.194088","1.2.1","host","USB","40","URB_INTERRUPT in"
"4396","25.194179","host","1.2.1","USB","27","URB_INTERRUPT in"
"4397","25.203094","1.2.1","host","USB","40","URB_INTERRUPT in"
"4398","25.203109","host","1.2.1","USB","27","URB_INTERRUPT in"
"4399","25.212062","1.2.1","host","USB","40","URB_INTERRUPT in"
"4400","25.212076","host","1.2.1","USB","27","URB_INTERRUPT in"
"4401","25.216062","1.2.1","host","USB","40","URB_INTERRUPT in"
"4402","25.216078","host","1.2.1","USB","27","URB_INTERRUPT in"
"4403","25.219088","1.2.1","host","USB","40","URB_INTERRUPT in"
"4404","25.219181","host","1.2.1","USB","27","URB_INTERRUPT in"
"4405","25.224089","1.2.1","host","USB","40","URB_INTERRUPT in"
"4406","25.224183","host","1.2.1","USB","27","URB_INTERRUPT in"
"4407","25.227063","1.2.1","host","USB","40","URB_INTERRUPT in"
"4408","25.227083","host","1.2.1","USB","27","URB_INTERRUPT in"
"4411","25.229079","1.2.1","host","USB","40","URB_INTERRUPT in"
"4412","25.229085","host","1.2.1","USB","27","URB_INTERRUPT in"
"4413","25.233060","1.2.1","host","USB","40","URB_INTERRUPT in"
"4414","25.233073","host","1.2.1","USB","27","URB_INTERRUPT in"
"4415","25.236061","1.2.1","host","USB","40","URB_INTERRUPT in"
"4416","25.236075","host","1.2.1","USB","27","URB_INTERRUPT in"
"4417","25.238083","1.2.1","host","USB","40","URB_INTERRUPT in"
"4418","25.238174","host","1.2.1","USB","27","URB_INTERRUPT in"
"4419","25.243061","1.2.1","host","USB","40","URB_INTERRUPT in"
"4420","25.243075","host","1.2.1","USB","27","URB_INTERRUPT in"
"4421","25.244084","1.2.1","host","USB","40","URB_INTERRUPT in"
"4422","25.244174","host","1.2.1","USB","27","URB_INTERRUPT in"
"4423","25.248084","1.2.1","host","USB","40","URB_INTERRUPT in"
"4424","25.248173","host","1.2.1","USB","27","URB_INTERRUPT in"
"4425","25.251085","1.2.1","host","USB","40","URB_INTERRUPT in"
"4426","25.251167","host","1.2.1","USB","27","URB_INTERRUPT in"
"4427","25.255062","1.2.1","host","USB","40","URB_INTERRUPT in"
"4428","25.255078","host","1.2.1","USB","27","URB_INTERRUPT in"
"4429","25.259061","1.2.1","host","USB","40","URB_INTERRUPT in"
"4430","25.259075","host","1.2.1","USB","27","URB_INTERRUPT in"
"4432","25.263108","1.2.1","host","USB","40","URB_INTERRUPT in"
"4433","25.263123","host","1.2.1","USB","27","URB_INTERRUPT in"
"4435","25.269083","1.2.1","host","USB","40","URB_INTERRUPT in"
"4436","25.269157","host","1.2.1","USB","27","URB_INTERRUPT in"
"4437","25.272107","1.2.1","host","USB","40","URB_INTERRUPT in"
"4438","25.272194","host","1.2.1","USB","27","URB_INTERRUPT in"
"4439","25.282128","1.2.1","host","USB","40","URB_INTERRUPT in"
"4440","25.282142","host","1.2.1","USB","27","URB_INTERRUPT in"
"4441","25.292105","1.2.1","host","USB","40","URB_INTERRUPT in"
"4442","25.292190","host","1.2.1","USB","27","URB_INTERRUPT in"
"4443","25.300109","1.2.1","host","USB","40","URB_INTERRUPT in"
"4444","25.300145","host","1.2.1","USB","27","URB_INTERRUPT in"
"4445","25.302107","1.2.1","host","USB","40","URB_INTERRUPT in"
"4446","25.302180","host","1.2.1","USB","27","URB_INTERRUPT in"
"4447","25.307110","1.2.1","host","USB","40","URB_INTERRUPT in"
"4448","25.307195","host","1.2.1","USB","27","URB_INTERRUPT in"
"4449","25.311088","1.2.1","host","USB","40","URB_INTERRUPT in"
"4450","25.311103","host","1.2.1","USB","27","URB_INTERRUPT in"
"4451","25.316108","1.2.1","host","USB","40","URB_INTERRUPT in"
"4452","25.316219","host","1.2.1","USB","27","URB_INTERRUPT in"
"4455","25.390227","1.2.3","host","USB","47","URB_INTERRUPT in"
"4456","25.390303","host","1.2.3","USB","27","URB_INTERRUPT in"
"4457","25.390315","1.2.1","host","USB","40","URB_INTERRUPT in"
"4458","25.390324","host","1.2.1","USB","27","URB_INTERRUPT in"
"4461","25.402066","1.2.3","host","USB","47","URB_INTERRUPT in"
"4462","25.402083","host","1.2.3","USB","27","URB_INTERRUPT in"
"4463","25.418105","1.2.3","host","USB","47","URB_INTERRUPT in"
"4464","25.418182","host","1.2.3","USB","27","URB_INTERRUPT in"
"4467","25.437126","1.2.1","host","USB","40","URB_INTERRUPT in"
"4468","25.437147","host","1.2.1","USB","27","URB_INTERRUPT in"
"4469","25.437191","1.2.3","host","USB","47","URB_INTERRUPT in"
"4470","25.437196","host","1.2.3","USB","27","URB_INTERRUPT in"
"4471","25.451067","1.2.3","host","USB","47","URB_INTERRUPT in"
"4472","25.451085","host","1.2.3","USB","27","URB_INTERRUPT in"
"4473","25.468065","1.2.1","host","USB","40","URB_INTERRUPT in"
"4474","25.468091","host","1.2.1","USB","27","URB_INTERRUPT in"
"4485","25.708062","1.2.1","host","USB","40","URB_INTERRUPT in"
"4486","25.708083","host","1.2.1","USB","27","URB_INTERRUPT in"
"4487","25.714098","1.2.1","host","USB","40","URB_INTERRUPT in"
"4488","25.714113","host","1.2.1","USB","27","URB_INTERRUPT in"
"4489","25.716081","1.2.1","host","USB","40","URB_INTERRUPT in"
"4490","25.716167","host","1.2.1","USB","27","URB_INTERRUPT in"
"4491","25.717086","1.2.1","host","USB","40","URB_INTERRUPT in"
"4492","25.717131","host","1.2.1","USB","27","URB_INTERRUPT in"
"4493","25.721060","1.2.1","host","USB","40","URB_INTERRUPT in"
"4494","25.721074","host","1.2.1","USB","27","URB_INTERRUPT in"
"4496","25.724058","1.2.1","host","USB","40","URB_INTERRUPT in"
"4497","25.724074","host","1.2.1","USB","27","URB_INTERRUPT in"
"4499","25.725082","1.2.1","host","USB","40","URB_INTERRUPT in"
"4500","25.725162","host","1.2.1","USB","27","URB_INTERRUPT in"
"4501","25.727095","1.2.1","host","USB","40","URB_INTERRUPT in"
"4502","25.727109","host","1.2.1","USB","27","URB_INTERRUPT in"
"4503","25.729058","1.2.1","host","USB","40","URB_INTERRUPT in"
"4504","25.729071","host","1.2.1","USB","27","URB_INTERRUPT in"
"4505","25.730080","1.2.1","host","USB","40","URB_INTERRUPT in"
"4506","25.730094","host","1.2.1","USB","27","URB_INTERRUPT in"
"4507","25.731083","1.2.1","host","USB","40","URB_INTERRUPT in"
"4508","25.731174","host","1.2.1","USB","27","URB_INTERRUPT in"
"4509","25.732087","1.2.1","host","USB","40","URB_INTERRUPT in"
"4510","25.732166","host","1.2.1","USB","27","URB_INTERRUPT in"
"4511","25.733058","1.2.1","host","USB","40","URB_INTERRUPT in"
"4512","25.733072","host","1.2.1","USB","27","URB_INTERRUPT in"
"4513","25.735060","1.2.1","host","USB","40","URB_INTERRUPT in"
"4514","25.735078","host","1.2.1","USB","27","URB_INTERRUPT in"
"4515","25.736060","1.2.1","host","USB","40","URB_INTERRUPT in"
"4516","25.736076","host","1.2.1","USB","27","URB_INTERRUPT in"
"4517","25.738060","1.2.1","host","USB","40","URB_INTERRUPT in"
"4518","25.738074","host","1.2.1","USB","27","URB_INTERRUPT in"
"4519","25.739058","1.2.1","host","USB","40","URB_INTERRUPT in"
"4520","25.739072","host","1.2.1","USB","27","URB_INTERRUPT in"
"4521","25.740058","1.2.1","host","USB","40","URB_INTERRUPT in"
"4522","25.740069","host","1.2.1","USB","27","URB_INTERRUPT in"
"4523","25.742060","1.2.1","host","USB","40","URB_INTERRUPT in"
"4524","25.742074","host","1.2.1","USB","27","URB_INTERRUPT in"
"4525","25.743059","1.2.1","host","USB","40","URB_INTERRUPT in"
"4526","25.743075","host","1.2.1","USB","27","URB_INTERRUPT in"
"4527","25.744059","1.2.1","host","USB","40","URB_INTERRUPT in"
"4528","25.744073","host","1.2.1","USB","27","URB_INTERRUPT in"
"4529","25.745059","1.2.1","host","USB","40","URB_INTERRUPT in"
"4530","25.745073","host","1.2.1","USB","27","URB_INTERRUPT in"
"4531","25.746060","1.2.1","host","USB","40","URB_INTERRUPT in"
"4532","25.746075","host","1.2.1","USB","27","URB_INTERRUPT in"
"4533","25.747082","1.2.1","host","USB","40","URB_INTERRUPT in"
"4534","25.747153","host","1.2.1","USB","27","URB_INTERRUPT in"
"4535","25.748080","1.2.1","host","USB","40","URB_INTERRUPT in"
"4536","25.748176","host","1.2.1","USB","27","URB_INTERRUPT in"
"4537","25.749078","1.2.1","host","USB","40","URB_INTERRUPT in"
"4538","25.749147","host","1.2.1","USB","27","URB_INTERRUPT in"
"4539","25.750059","1.2.1","host","USB","40","URB_INTERRUPT in"
"4540","25.750073","host","1.2.1","USB","27","URB_INTERRUPT in"
"4541","25.751059","1.2.1","host","USB","40","URB_INTERRUPT in"
"4542","25.751072","host","1.2.1","USB","27","URB_INTERRUPT in"
"4543","25.752084","1.2.1","host","USB","40","URB_INTERRUPT in"
"4544","25.752170","host","1.2.1","USB","27","URB_INTERRUPT in"
"4545","25.753089","1.2.1","host","USB","40","URB_INTERRUPT in"
"4546","25.753122","host","1.2.1","USB","27","URB_INTERRUPT in"
"4547","25.754059","1.2.1","host","USB","40","URB_INTERRUPT in"
"4548","25.754073","host","1.2.1","USB","27","URB_INTERRUPT in"
"4549","25.755081","1.2.1","host","USB","40","URB_INTERRUPT in"
"4550","25.755178","host","1.2.1","USB","27","URB_INTERRUPT in"
"4551","25.756083","1.2.1","host","USB","40","URB_INTERRUPT in"
"4552","25.756163","host","1.2.1","USB","27","URB_INTERRUPT in"
"4553","25.757078","1.2.1","host","USB","40","URB_INTERRUPT in"
"4554","25.757147","host","1.2.1","USB","27","URB_INTERRUPT in"
"4555","25.758058","1.2.1","host","USB","40","URB_INTERRUPT in"
"4556","25.758071","host","1.2.1","USB","27","URB_INTERRUPT in"
"4557","25.759079","1.2.1","host","USB","40","URB_INTERRUPT in"
"4558","25.759132","host","1.2.1","USB","27","URB_INTERRUPT in"
"4559","25.760058","1.2.1","host","USB","40","URB_INTERRUPT in"
"4560","25.760074","host","1.2.1","USB","27","URB_INTERRUPT in"
"4561","25.761082","1.2.1","host","USB","40","URB_INTERRUPT in"
"4562","25.761174","host","1.2.1","USB","27","URB_INTERRUPT in"
"4563","25.762174","1.2.1","host","USB","40","URB_INTERRUPT in"
"4564","25.762188","host","1.2.1","USB","27","URB_INTERRUPT in"
"4565","25.763084","1.2.1","host","USB","40","URB_INTERRUPT in"
"4566","25.763180","host","1.2.1","USB","27","URB_INTERRUPT in"
"4567","25.764089","1.2.1","host","USB","40","URB_INTERRUPT in"
"4568","25.764102","host","1.2.1","USB","27","URB_INTERRUPT in"
"4569","25.765084","1.2.1","host","USB","40","URB_INTERRUPT in"
"4570","25.765179","host","1.2.1","USB","27","URB_INTERRUPT in"
"4571","25.766083","1.2.1","host","USB","40","URB_INTERRUPT in"
"4572","25.766142","host","1.2.1","USB","27","URB_INTERRUPT in"
"4573","25.767058","1.2.1","host","USB","40","URB_INTERRUPT in"
"4574","25.767072","host","1.2.1","USB","27","URB_INTERRUPT in"
"4575","25.768058","1.2.1","host","USB","40","URB_INTERRUPT in"
"4576","25.768073","host","1.2.1","USB","27","URB_INTERRUPT in"
"4577","25.769091","1.2.1","host","USB","40","URB_INTERRUPT in"
"4578","25.769128","host","1.2.1","USB","27","URB_INTERRUPT in"
"4579","25.770082","1.2.1","host","USB","40","URB_INTERRUPT in"
"4580","25.770125","host","1.2.1","USB","27","URB_INTERRUPT in"
"4581","25.771058","1.2.1","host","USB","40","URB_INTERRUPT in"
"4582","25.771073","host","1.2.1","USB","27","URB_INTERRUPT in"
"4583","25.772081","1.2.1","host","USB","40","URB_INTERRUPT in"
"4584","25.772178","host","1.2.1","USB","27","URB_INTERRUPT in"
"4585","25.773080","1.2.1","host","USB","40","URB_INTERRUPT in"
"4586","25.773177","host","1.2.1","USB","27","URB_INTERRUPT in"
"4587","25.774077","1.2.1","host","USB","40","URB_INTERRUPT in"
"4588","25.774162","host","1.2.1","USB","27","URB_INTERRUPT in"
"4589","25.775102","1.2.1","host","USB","40","URB_INTERRUPT in"
"4590","25.775115","host","1.2.1","USB","27","URB_INTERRUPT in"
"4591","25.776081","1.2.1","host","USB","40","URB_INTERRUPT in"
"4592","25.776157","host","1.2.1","USB","27","URB_INTERRUPT in"
"4593","25.777058","1.2.1","host","USB","40","URB_INTERRUPT in"
"4594","25.777071","host","1.2.1","USB","27","URB_INTERRUPT in"
"4595","25.778101","1.2.1","host","USB","40","URB_INTERRUPT in"
"4596","25.778115","host","1.2.1","USB","27","URB_INTERRUPT in"
"4597","25.779060","1.2.1","host","USB","40","URB_INTERRUPT in"
"4598","25.779074","host","1.2.1","USB","27","URB_INTERRUPT in"
"4599","25.780058","1.2.1","host","USB","40","URB_INTERRUPT in"
"4600","25.780071","host","1.2.1","USB","27","URB_INTERRUPT in"
"4601","25.781059","1.2.1","host","USB","40","URB_INTERRUPT in"
"4602","25.781072","host","1.2.1","USB","27","URB_INTERRUPT in"
"4603","25.782058","1.2.1","host","USB","40","URB_INTERRUPT in"
"4604","25.782072","host","1.2.1","USB","27","URB_INTERRUPT in"
"4605","25.783059","1.2.1","host","USB","40","URB_INTERRUPT in"
"4606","25.783080","host","1.2.1","USB","27","URB_INTERRUPT in"
"4607","25.784083","1.2.1","host","USB","40","URB_INTERRUPT in"
"4608","25.784178","host","1.2.1","USB","27","URB_INTERRUPT in"
"4609","25.785085","1.2.1","host","USB","40","URB_INTERRUPT in"
"4610","25.785172","host","1.2.1","USB","27","URB_INTERRUPT in"
"4611","25.786075","1.2.1","host","USB","40","URB_INTERRUPT in"
"4612","25.786143","host","1.2.1","USB","27","URB_INTERRUPT in"
"4613","25.787174","1.2.1","host","USB","40","URB_INTERRUPT in"
"4614","25.787188","host","1.2.1","USB","27","URB_INTERRUPT in"
"4615","25.788089","1.2.1","host","USB","40","URB_INTERRUPT in"
"4616","25.788131","host","1.2.1","USB","27","URB_INTERRUPT in"
"4618","25.789088","1.2.1","host","USB","40","URB_INTERRUPT in"
"4619","25.789179","host","1.2.1","USB","27","URB_INTERRUPT in"
"4621","25.790079","1.2.1","host","USB","40","URB_INTERRUPT in"
"4622","25.790084","host","1.2.1","USB","27","URB_INTERRUPT in"
"4623","25.791097","1.2.1","host","USB","40","URB_INTERRUPT in"
"4624","25.791131","host","1.2.1","USB","27","URB_INTERRUPT in"
"4625","25.792058","1.2.1","host","USB","40","URB_INTERRUPT in"
"4626","25.792072","host","1.2.1","USB","27","URB_INTERRUPT in"
"4627","25.793059","1.2.1","host","USB","40","URB_INTERRUPT in"
"4628","25.793075","host","1.2.1","USB","27","URB_INTERRUPT in"
"4629","25.794081","1.2.1","host","USB","40","URB_INTERRUPT in"
"4630","25.794176","host","1.2.1","USB","27","URB_INTERRUPT in"
"4631","25.795082","1.2.1","host","USB","40","URB_INTERRUPT in"
"4632","25.795178","host","1.2.1","USB","27","URB_INTERRUPT in"
"4633","25.796080","1.2.1","host","USB","40","URB_INTERRUPT in"
"4634","25.796159","host","1.2.1","USB","27","URB_INTERRUPT in"
"4635","25.797080","1.2.1","host","USB","40","URB_INTERRUPT in"
"4636","25.797157","host","1.2.1","USB","27","URB_INTERRUPT in"
"4637","25.798077","1.2.1","host","USB","40","URB_INTERRUPT in"
"4638","25.798145","host","1.2.1","USB","27","URB_INTERRUPT in"
"4639","25.799058","1.2.1","host","USB","40","URB_INTERRUPT in"
"4640","25.799072","host","1.2.1","USB","27","URB_INTERRUPT in"
"4641","25.800113","1.2.1","host","USB","40","URB_INTERRUPT in"
"4642","25.800127","host","1.2.1","USB","27","URB_INTERRUPT in"
"4643","25.801058","1.2.1","host","USB","40","URB_INTERRUPT in"
"4644","25.801071","host","1.2.1","USB","27","URB_INTERRUPT in"
"4645","25.802077","1.2.1","host","USB","40","URB_INTERRUPT in"
"4646","25.802146","host","1.2.1","USB","27","URB_INTERRUPT in"
"4647","25.803081","1.2.1","host","USB","40","URB_INTERRUPT in"
"4648","25.803172","host","1.2.1","USB","27","URB_INTERRUPT in"
"4649","25.804077","1.2.1","host","USB","40","URB_INTERRUPT in"
"4650","25.804090","host","1.2.1","USB","27","URB_INTERRUPT in"
"4651","25.805059","1.2.1","host","USB","40","URB_INTERRUPT in"
"4652","25.805073","host","1.2.1","USB","27","URB_INTERRUPT in"
"4653","25.806059","1.2.1","host","USB","40","URB_INTERRUPT in"
"4654","25.806075","host","1.2.1","USB","27","URB_INTERRUPT in"
"4655","25.807058","1.2.1","host","USB","40","URB_INTERRUPT in"
"4656","25.807072","host","1.2.1","USB","27","URB_INTERRUPT in"
"4657","25.808060","1.2.1","host","USB","40","URB_INTERRUPT in"
"4658","25.808074","host","1.2.1","USB","27","URB_INTERRUPT in"
"4659","25.809080","1.2.1","host","USB","40","URB_INTERRUPT in"
"4660","25.809172","host","1.2.1","USB","27","URB_INTERRUPT in"
"4661","25.810058","1.2.1","host","USB","40","URB_INTERRUPT in"
"4662","25.810071","host","1.2.1","USB","27","URB_INTERRUPT in"
"4663","25.811058","1.2.1","host","USB","40","URB_INTERRUPT in"
"4664","25.811074","host","1.2.1","USB","27","URB_INTERRUPT in"
"4665","25.812057","1.2.1","host","USB","40","URB_INTERRUPT in"
"4666","25.812097","host","1.2.1","USB","27","URB_INTERRUPT in"
"4667","25.813058","1.2.1","host","USB","40","URB_INTERRUPT in"
"4668","25.813072","host","1.2.1","USB","27","URB_INTERRUPT in"
"4669","25.814058","1.2.1","host","USB","40","URB_INTERRUPT in"
"4670","25.814072","host","1.2.1","USB","27","URB_INTERRUPT in"
"4671","25.815058","1.2.1","host","USB","40","URB_INTERRUPT in"
"4672","25.815072","host","1.2.1","USB","27","URB_INTERRUPT in"
"4673","25.816059","1.2.1","host","USB","40","URB_INTERRUPT in"
"4674","25.816073","host","1.2.1","USB","27","URB_INTERRUPT in"
"4675","25.817058","1.2.1","host","USB","40","URB_INTERRUPT in"
"4676","25.817072","host","1.2.1","USB","27","URB_INTERRUPT in"
"4677","25.818058","1.2.1","host","USB","40","URB_INTERRUPT in"
"4678","25.818071","host","1.2.1","USB","27","URB_INTERRUPT in"
"4679","25.819082","1.2.1","host","USB","40","URB_INTERRUPT in"
"4680","25.819178","host","1.2.1","USB","27","URB_INTERRUPT in"
"4681","25.820081","1.2.1","host","USB","40","URB_INTERRUPT in"
"4682","25.820173","host","1.2.1","USB","27","URB_INTERRUPT in"
"4683","25.821059","1.2.1","host","USB","40","URB_INTERRUPT in"
"4684","25.821074","host","1.2.1","USB","27","URB_INTERRUPT in"
"4686","25.822058","1.2.1","host","USB","40","URB_INTERRUPT in"
"4687","25.822072","host","1.2.1","USB","27","URB_INTERRUPT in"
"4688","25.823058","1.2.1","host","USB","40","URB_INTERRUPT in"
"4689","25.823072","host","1.2.1","USB","27","URB_INTERRUPT in"
"4691","25.824076","1.2.1","host","USB","40","URB_INTERRUPT in"
"4692","25.824172","host","1.2.1","USB","27","URB_INTERRUPT in"
"4693","25.825082","1.2.1","host","USB","40","URB_INTERRUPT in"
"4694","25.825096","host","1.2.1","USB","27","URB_INTERRUPT in"
"4695","25.826059","1.2.1","host","USB","40","URB_INTERRUPT in"
"4696","25.826074","host","1.2.1","USB","27","URB_INTERRUPT in"
"4697","25.827058","1.2.1","host","USB","40","URB_INTERRUPT in"
"4698","25.827073","host","1.2.1","USB","27","URB_INTERRUPT in"
"4699","25.828057","1.2.1","host","USB","40","URB_INTERRUPT in"
"4700","25.828070","host","1.2.1","USB","27","URB_INTERRUPT in"
"4701","25.829058","1.2.1","host","USB","40","URB_INTERRUPT in"
"4702","25.829072","host","1.2.1","USB","27","URB_INTERRUPT in"
"4703","25.830085","1.2.1","host","USB","40","URB_INTERRUPT in"
"4704","25.830147","host","1.2.1","USB","27","URB_INTERRUPT in"
"4705","25.831079","1.2.1","host","USB","40","URB_INTERRUPT in"
"4706","25.831141","host","1.2.1","USB","27","URB_INTERRUPT in"
"4707","25.832058","1.2.1","host","USB","40","URB_INTERRUPT in"
"4708","25.832071","host","1.2.1","USB","27","URB_INTERRUPT in"
"4709","25.833058","1.2.1","host","USB","40","URB_INTERRUPT in"
"4710","25.833092","host","1.2.1","USB","27","URB_INTERRUPT in"
"4711","25.834060","1.2.1","host","USB","40","URB_INTERRUPT in"
"4712","25.834076","host","1.2.1","USB","27","URB_INTERRUPT in"
"4713","25.835059","1.2.1","host","USB","40","URB_INTERRUPT in"
"4714","25.835073","host","1.2.1","USB","27","URB_INTERRUPT in"
"4715","25.836078","1.2.1","host","USB","40","URB_INTERRUPT in"
"4716","25.836149","host","1.2.1","USB","27","URB_INTERRUPT in"
"4717","25.837177","1.2.1","host","USB","40","URB_INTERRUPT in"
"4718","25.837191","host","1.2.1","USB","27","URB_INTERRUPT in"
"4719","25.838088","1.2.1","host","USB","40","URB_INTERRUPT in"
"4720","25.838134","host","1.2.1","USB","27","URB_INTERRUPT in"
"4721","25.839058","1.2.1","host","USB","40","URB_INTERRUPT in"
"4722","25.839074","host","1.2.1","USB","27","URB_INTERRUPT in"
"4723","25.840058","1.2.1","host","USB","40","URB_INTERRUPT in"
"4724","25.840070","host","1.2.1","USB","27","URB_INTERRUPT in"
"4725","25.841058","1.2.1","host","USB","40","URB_INTERRUPT in"
"4726","25.841073","host","1.2.1","USB","27","URB_INTERRUPT in"
"4727","25.842059","1.2.1","host","USB","40","URB_INTERRUPT in"
"4728","25.842072","host","1.2.1","USB","27","URB_INTERRUPT in"
"4729","25.843081","1.2.1","host","USB","40","URB_INTERRUPT in"
"4730","25.843155","host","1.2.1","USB","27","URB_INTERRUPT in"
"4731","25.844059","1.2.1","host","USB","40","URB_INTERRUPT in"
"4732","25.844072","host","1.2.1","USB","27","URB_INTERRUPT in"
"4733","25.845057","1.2.1","host","USB","40","URB_INTERRUPT in"
"4734","25.845070","host","1.2.1","USB","27","URB_INTERRUPT in"
"4735","25.846121","1.2.1","host","USB","40","URB_INTERRUPT in"
"4736","25.846139","host","1.2.1","USB","27","URB_INTERRUPT in"
"4737","25.847059","1.2.1","host","USB","40","URB_INTERRUPT in"
"4738","25.847075","host","1.2.1","USB","27","URB_INTERRUPT in"
"4739","25.848057","1.2.1","host","USB","40","URB_INTERRUPT in"
"4740","25.848070","host","1.2.1","USB","27","URB_INTERRUPT in"
"4741","25.849058","1.2.1","host","USB","40","URB_INTERRUPT in"
"4742","25.849074","host","1.2.1","USB","27","URB_INTERRUPT in"
"4743","25.850058","1.2.1","host","USB","40","URB_INTERRUPT in"
"4744","25.850072","host","1.2.1","USB","27","URB_INTERRUPT in"
"4745","25.851058","1.2.1","host","USB","40","URB_INTERRUPT in"
"4746","25.851071","host","1.2.1","USB","27","URB_INTERRUPT in"
"4747","25.852058","1.2.1","host","USB","40","URB_INTERRUPT in"
"4748","25.852072","host","1.2.1","USB","27","URB_INTERRUPT in"
"4749","25.853057","1.2.1","host","USB","40","URB_INTERRUPT in"
"4750","25.853071","host","1.2.1","USB","27","URB_INTERRUPT in"
"4751","25.854061","1.2.1","host","USB","40","URB_INTERRUPT in"
"4752","25.854078","host","1.2.1","USB","27","URB_INTERRUPT in"
"4753","25.855059","1.2.1","host","USB","40","URB_INTERRUPT in"
"4754","25.855077","host","1.2.1","USB","27","URB_INTERRUPT in"
"4756","25.856059","1.2.1","host","USB","40","URB_INTERRUPT in"
"4757","25.856074","host","1.2.1","USB","27","URB_INTERRUPT in"
"4759","25.857057","1.2.1","host","USB","40","URB_INTERRUPT in"
"4760","25.857071","host","1.2.1","USB","27","URB_INTERRUPT in"
"4761","25.858059","1.2.1","host","USB","40","URB_INTERRUPT in"
"4762","25.858074","host","1.2.1","USB","27","URB_INTERRUPT in"
"4763","25.859059","1.2.1","host","USB","40","URB_INTERRUPT in"
"4764","25.859073","host","1.2.1","USB","27","URB_INTERRUPT in"
"4765","25.860080","1.2.1","host","USB","40","URB_INTERRUPT in"
"4766","25.860152","host","1.2.1","USB","27","URB_INTERRUPT in"
"4767","25.861058","1.2.1","host","USB","40","URB_INTERRUPT in"
"4768","25.861071","host","1.2.1","USB","27","URB_INTERRUPT in"
"4769","25.862174","1.2.1","host","USB","40","URB_INTERRUPT in"
"4770","25.862188","host","1.2.1","USB","27","URB_INTERRUPT in"
"4771","25.863080","1.2.1","host","USB","40","URB_INTERRUPT in"
"4772","25.863147","host","1.2.1","USB","27","URB_INTERRUPT in"
"4773","25.864059","1.2.1","host","USB","40","URB_INTERRUPT in"
"4774","25.864073","host","1.2.1","USB","27","URB_INTERRUPT in"
"4775","25.865058","1.2.1","host","USB","40","URB_INTERRUPT in"
"4776","25.865073","host","1.2.1","USB","27","URB_INTERRUPT in"
"4777","25.866058","1.2.1","host","USB","40","URB_INTERRUPT in"
"4778","25.866071","host","1.2.1","USB","27","URB_INTERRUPT in"
"4779","25.867058","1.2.1","host","USB","40","URB_INTERRUPT in"
"4780","25.867072","host","1.2.1","USB","27","URB_INTERRUPT in"
"4781","25.868083","1.2.1","host","USB","40","URB_INTERRUPT in"
"4782","25.868177","host","1.2.1","USB","27","URB_INTERRUPT in"
"4783","25.869081","1.2.1","host","USB","40","URB_INTERRUPT in"
"4784","25.869156","host","1.2.1","USB","27","URB_INTERRUPT in"
"4785","25.870074","1.2.1","host","USB","40","URB_INTERRUPT in"
"4786","25.870148","host","1.2.1","USB","27","URB_INTERRUPT in"
"4787","25.871058","1.2.1","host","USB","40","URB_INTERRUPT in"
"4788","25.871072","host","1.2.1","USB","27","URB_INTERRUPT in"
"4789","25.872080","1.2.1","host","USB","40","URB_INTERRUPT in"
"4790","25.872136","host","1.2.1","USB","27","URB_INTERRUPT in"
"4791","25.873078","1.2.1","host","USB","40","URB_INTERRUPT in"
"4792","25.873147","host","1.2.1","USB","27","URB_INTERRUPT in"
"4793","25.874080","1.2.1","host","USB","40","URB_INTERRUPT in"
"4794","25.874151","host","1.2.1","USB","27","URB_INTERRUPT in"
"4795","25.875059","1.2.1","host","USB","40","URB_INTERRUPT in"
"4796","25.875074","host","1.2.1","USB","27","URB_INTERRUPT in"
"4797","25.876058","1.2.1","host","USB","40","URB_INTERRUPT in"
"4798","25.876072","host","1.2.1","USB","27","URB_INTERRUPT in"
"4799","25.877058","1.2.1","host","USB","40","URB_INTERRUPT in"
"4800","25.877071","host","1.2.1","USB","27","URB_INTERRUPT in"
"4801","25.878058","1.2.1","host","USB","40","URB_INTERRUPT in"
"4802","25.878073","host","1.2.1","USB","27","URB_INTERRUPT in"
