"1","0.000000000","host","1.2.0",
"2","0.000000000","1.2.0","host",
"3","0.000000000","host","1.2.0",
"4","0.000000000","1.2.0","host",
"5","0.000000000","host","1.2.0",
"6","0.000000000","1.2.0","host",
"7","0.000000000","host","1.8.0",
"8","0.000000000","1.8.0","host",
"9","0.000000000","host","1.8.0",
"10","0.000000000","1.8.0","host",
"11","0.000000000","host","1.8.0",
"12","0.000000000","1.8.0","host",
"13","0.000000000","host","1.4.0",
"14","0.000000000","1.4.0","host",
"15","0.000000000","host","1.4.0",
"16","0.000000000","1.4.0","host",
"17","0.000000000","host","1.4.0",
"18","0.000000000","1.4.0","host",
"19","0.000000000","host","1.5.0",
"20","0.000000000","1.5.0","host",
"21","0.000000000","host","1.5.0",
"22","0.000000000","1.5.0","host",
"23","0.000000000","host","1.5.0",
"24","0.000000000","1.5.0","host",
"25","0.000000000","host","1.6.0",
"26","0.000000000","1.6.0","host",
"27","0.000000000","host","1.6.0",
"28","0.000000000","1.6.0","host",
"29","0.000000000","host","1.6.0",
"30","0.000000000","1.6.0","host",
"31","0.000000000","host","1.7.0",
"32","0.000000000","1.7.0","host",
"33","0.000000000","host","1.7.0",
"34","0.000000000","1.7.0","host",
"35","0.000000000","host","1.7.0",
"36","0.000000000","1.7.0","host",
"37","0.000000000","host","1.1.0",
"38","0.000000000","1.1.0","host",
"39","0.000000000","host","1.1.0",
"40","0.000000000","1.1.0","host",
"41","0.000000000","host","1.1.0",
"42","0.000000000","1.1.0","host",
"43","0.016166000","host","1.7.0",
"44","0.017618000","1.7.0","host",
"45","0.049745000","host","1.7.0",
"46","0.051318000","1.7.0","host",
"47","0.086161000","1.2.3","host",
"48","0.086182000","host","1.2.3",
"49","0.103161000","1.2.3","host",
"50","0.103184000","host","1.2.3",
"51","0.114343000","host","1.7.0",
"52","0.115741000","1.7.0","host",
"53","0.135156000","1.2.1","host",
"54","0.135183000","host","1.2.1",
"55","0.138155000","1.2.1","host",
"56","0.138176000","host","1.2.1",
"57","0.139154000","1.2.1","host",
"58","0.139171000","host","1.2.1",
"59","0.142156000","1.2.1","host",
"60","0.142177000","host","1.2.1",
"61","0.143153000","1.2.1","host",
"62","0.143171000","host","1.2.1",
"63","0.145152000","1.2.1","host",
"64","0.145168000","host","1.2.1",
"65","0.148160000","1.2.1","host",
"66","0.148190000","host","1.2.1",
"67","0.148768000","host","1.7.0",
"68","0.150152000","1.2.1","host",
"69","0.150171000","host","1.2.1",
"70","0.150316000","1.7.0","host",
"71","0.152158000","1.2.1","host",
"72","0.152184000","host","1.2.1",
"73","0.153154000","1.2.1","host",
"74","0.153173000","host","1.2.1",
"75","0.154159000","1.2.1","host",
"76","0.154191000","host","1.2.1",
"77","0.155155000","1.2.1","host",
"78","0.155174000","host","1.2.1",
"79","0.156152000","1.2.1","host",
"80","0.156169000","host","1.2.1",
"81","0.157152000","1.2.1","host",
"82","0.157168000","host","1.2.1",
"83","0.158153000","1.2.1","host",
"84","0.158172000","host","1.2.1",
"85","0.159174000","1.2.1","host",
"86","0.159192000","host","1.2.1",
"87","0.160154000","1.2.1","host",
"88","0.160173000","host","1.2.1",
"89","0.161152000","1.2.1","host",
"90","0.161170000","host","1.2.1",
"91","0.162152000","1.2.1","host",
"92","0.162168000","host","1.2.1",
"93","0.163152000","1.2.1","host",
"94","0.163167000","host","1.2.1",
"95","0.164153000","1.2.1","host",
"96","0.164171000","host","1.2.1",
"97","0.165152000","1.2.1","host",
"98","0.165167000","host","1.2.1",
"99","0.166152000","1.2.1","host",
"100","0.166167000","host","1.2.1",
"101","0.167153000","1.2.1","host",
"102","0.167173000","host","1.2.1",
"103","0.168153000","1.2.1","host",
"104","0.168170000","host","1.2.1",
"105","0.169199000","1.2.1","host",
"106","0.169219000","host","1.2.1",
"107","0.170153000","1.2.1","host",
"108","0.170170000","host","1.2.1",
"109","0.171153000","1.2.1","host",
"110","0.171173000","host","1.2.1",
"111","0.172154000","1.2.1","host",
"112","0.172175000","host","1.2.1",
"113","0.173154000","1.2.1","host",
"114","0.173172000","host","1.2.1",
"115","0.174152000","1.2.1","host",
"116","0.174169000","host","1.2.1",
"117","0.175153000","1.2.1","host",
"118","0.175170000","host","1.2.1",
"119","0.176160000","1.2.1","host",
"120","0.176178000","host","1.2.1",
"121","0.177152000","1.2.1","host",
"122","0.177170000","host","1.2.1",
"123","0.178153000","1.2.1","host",
"124","0.178171000","host","1.2.1",
"125","0.179160000","1.2.1","host",
"126","0.179179000","host","1.2.1",
"127","0.180154000","1.2.1","host",
"128","0.180175000","host","1.2.1",
"129","0.181153000","1.2.1","host",
"130","0.181169000","host","1.2.1",
"131","0.182153000","1.2.1","host",
"132","0.182168000","host","1.2.1",
"133","0.183152000","1.2.1","host",
"134","0.183168000","host","1.2.1",
"135","0.184154000","1.2.1","host",
"136","0.184173000","host","1.2.1",
"137","0.185154000","1.2.1","host",
"138","0.185171000","host","1.2.1",
"139","0.186153000","1.2.1","host",
"140","0.186170000","host","1.2.1",
"141","0.187152000","1.2.1","host",
"142","0.187168000","host","1.2.1",
"143","0.188155000","1.2.1","host",
"144","0.188177000","host","1.2.1",
"145","0.189155000","1.2.1","host",
"146","0.189176000","host","1.2.1",
"147","0.190152000","1.2.1","host",
"148","0.190168000","host","1.2.1",
"149","0.191152000","1.2.1","host",
"150","0.191166000","host","1.2.1",
"151","0.192152000","1.2.1","host",
"152","0.192171000","host","1.2.1",
"153","0.193154000","1.2.1","host",
"154","0.193172000","host","1.2.1",
"155","0.194152000","1.2.1","host",
"156","0.194169000","host","1.2.1",
"157","0.195150000","1.2.1","host",
"158","0.195165000","host","1.2.1",
"159","0.196150000","1.2.1","host",
"160","0.196165000","host","1.2.1",
"161","0.197153000","1.2.1","host",
"162","0.197170000","host","1.2.1",
"163","0.198153000","1.2.1","host",
"164","0.198168000","host","1.2.1",
"165","0.199152000","1.2.1","host",
"166","0.199168000","host","1.2.1",
"167","0.200153000","1.2.1","host",
"168","0.200170000","host","1.2.1",
"169","0.201154000","1.2.1","host",
"170","0.201173000","host","1.2.1",
"171","0.202152000","1.2.1","host",
"172","0.202167000","host","1.2.1",
"173","0.203151000","1.2.1","host",
"174","0.203168000","host","1.2.1",
"175","0.204152000","1.2.1","host",
"176","0.204167000","host","1.2.1",
"177","0.205158000","1.2.1","host",
"178","0.205176000","host","1.2.1",
"179","0.206152000","1.2.1","host",
"180","0.206169000","host","1.2.1",
"181","0.207152000","1.2.1","host",
"182","0.207171000","host","1.2.1",
"183","0.208152000","1.2.1","host",
"184","0.208169000","host","1.2.1",
"185","0.209155000","1.2.1","host",
"186","0.209199000","host","1.2.1",
"187","0.210153000","1.2.1","host",
"188","0.210171000","host","1.2.1",
"189","0.211153000","1.2.1","host",
"190","0.211169000","host","1.2.1",
"191","0.212153000","1.2.1","host",
"192","0.212171000","host","1.2.1",
"193","0.213153000","1.2.1","host",
"194","0.213173000","host","1.2.1",
"195","0.213866000","host","1.7.0",
"196","0.214153000","1.2.1","host",
"197","0.214172000","host","1.2.1",
"198","0.215151000","1.2.1","host",
"199","0.215170000","host","1.2.1",
"200","0.215315000","1.7.0","host",
"201","0.216152000","1.2.1","host",
"202","0.216169000","host","1.2.1",
"203","0.217153000","1.2.1","host",
"204","0.217173000","host","1.2.1",
"205","0.218155000","1.2.1","host",
"206","0.218177000","host","1.2.1",
"207","0.219153000","1.2.1","host",
"208","0.219171000","host","1.2.1",
"209","0.220153000","1.2.1","host",
"210","0.220170000","host","1.2.1",
"211","0.221177000","1.2.1","host",
"212","0.221193000","host","1.2.1",
"213","0.222157000","1.2.1","host",
"214","0.222180000","host","1.2.1",
"215","0.223155000","1.2.1","host",
"216","0.223175000","host","1.2.1",
"217","0.224153000","1.2.1","host",
"218","0.224171000","host","1.2.1",
"219","0.225153000","1.2.1","host",
"220","0.225171000","host","1.2.1",
"221","0.226155000","1.2.1","host",
"222","0.226177000","host","1.2.1",
"223","0.227154000","1.2.1","host",
"224","0.227174000","host","1.2.1",
"225","0.228153000","1.2.1","host",
"226","0.228169000","host","1.2.1",
"227","0.229154000","1.2.1","host",
"228","0.229174000","host","1.2.1",
"229","0.230155000","1.2.1","host",
"230","0.230179000","host","1.2.1",
"231","0.231154000","1.2.1","host",
"232","0.231171000","host","1.2.1",
"233","0.232152000","1.2.1","host",
"234","0.232171000","host","1.2.1",
"235","0.233152000","1.2.1","host",
"236","0.233169000","host","1.2.1",
"237","0.234153000","1.2.1","host",
"238","0.234172000","host","1.2.1",
"239","0.235153000","1.2.1","host",
"240","0.235170000","host","1.2.1",
"241","0.236152000","1.2.1","host",
"242","0.236170000","host","1.2.1",
"243","0.237153000","1.2.1","host",
"244","0.237170000","host","1.2.1",
"245","0.238179000","1.2.1","host",
"246","0.238200000","host","1.2.1",
"247","0.239177000","1.2.1","host",
"248","0.239196000","host","1.2.1",
"249","0.240151000","1.2.1","host",
"250","0.240167000","host","1.2.1",
"251","0.241155000","1.2.1","host",
"252","0.241170000","host","1.2.1",
"253","0.242153000","1.2.1","host",
"254","0.242170000","host","1.2.1",
"255","0.243153000","1.2.1","host",
"256","0.243168000","host","1.2.1",
"257","0.244151000","1.2.1","host",
"258","0.244165000","host","1.2.1",
"259","0.245153000","1.2.1","host",
"260","0.245168000","host","1.2.1",
"261","0.246151000","1.2.1","host",
"262","0.246167000","host","1.2.1",
"263","0.247154000","1.2.1","host",
"264","0.247174000","host","1.2.1",
"265","0.248153000","1.2.1","host",
"266","0.248171000","host","1.2.1",
"267","0.249151000","1.2.1","host",
"268","0.249168000","host","1.2.1",
"269","0.250152000","1.2.1","host",
"270","0.250167000","host","1.2.1",
"271","0.251154000","1.2.1","host",
"272","0.251172000","host","1.2.1",
"273","0.252153000","1.2.1","host",
"274","0.252170000","host","1.2.1",
"275","0.253151000","1.2.1","host",
"276","0.253167000","host","1.2.1",
"277","0.254155000","1.2.1","host",
"278","0.254176000","host","1.2.1",
"279","0.255155000","1.2.1","host",
"280","0.255180000","host","1.2.1",
"281","0.256154000","1.2.1","host",
"282","0.256175000","host","1.2.1",
"283","0.257156000","1.2.1","host",
"284","0.257182000","host","1.2.1",
"285","0.258153000","1.2.1","host",
"286","0.258170000","host","1.2.1",
"287","0.259153000","1.2.1","host",
"288","0.259176000","host","1.2.1",
"289","0.260153000","1.2.1","host",
"290","0.260172000","host","1.2.1",
"291","0.261157000","1.2.1","host",
"292","0.261178000","host","1.2.1",
"293","0.262154000","1.2.1","host",
"294","0.262174000","host","1.2.1",
"295","0.263158000","1.2.1","host",
"296","0.263183000","host","1.2.1",
"297","0.264157000","1.2.1","host",
"298","0.264183000","host","1.2.1",
"299","0.265156000","1.2.1","host",
"300","0.265180000","host","1.2.1",
"301","0.266156000","1.2.1","host",
"302","0.266179000","host","1.2.1",
"303","0.267158000","1.2.1","host",
"304","0.267184000","host","1.2.1",
"305","0.268155000","1.2.1","host",
"306","0.268175000","host","1.2.1",
"307","0.269152000","1.2.1","host",
"308","0.269168000","host","1.2.1",
"309","0.270151000","1.2.1","host",
"310","0.270167000","host","1.2.1",
"311","0.271151000","1.2.1","host",
"312","0.271168000","host","1.2.1",
"313","0.272156000","1.2.1","host",
"314","0.272176000","host","1.2.1",
"315","0.273152000","1.2.1","host",
"316","0.273169000","host","1.2.1",
"317","0.274153000","1.2.1","host",
"318","0.274170000","host","1.2.1",
"319","0.275151000","1.2.1","host",
"320","0.275167000","host","1.2.1",
"321","0.276152000","1.2.1","host",
"322","0.276171000","host","1.2.1",
"323","0.277152000","1.2.1","host",
"324","0.277167000","host","1.2.1",
"325","0.278151000","1.2.1","host",
"326","0.278166000","host","1.2.1",
"327","0.279150000","1.2.1","host",
"328","0.279166000","host","1.2.1",
"329","0.280155000","1.2.1","host",
"330","0.280181000","host","1.2.1",
"331","0.281064000","host","1.7.0",
"332","0.281152000","1.2.1","host",
"333","0.281173000","host","1.2.1",
"334","0.282152000","1.2.1","host",
"335","0.282167000","host","1.2.1",
"336","0.282534000","1.7.0","host",
"337","0.283151000","1.2.1","host",
"338","0.283165000","host","1.2.1",
"339","0.284153000","1.2.1","host",
"340","0.284171000","host","1.2.1",
"341","0.285153000","1.2.1","host",
"342","0.285170000","host","1.2.1",
"343","0.286151000","1.2.1","host",
"344","0.286166000","host","1.2.1",
"345","0.287152000","1.2.1","host",
"346","0.287168000","host","1.2.1",
"347","0.288155000","1.2.1","host",
"348","0.288171000","host","1.2.1",
"349","0.289154000","1.2.1","host",
"350","0.289171000","host","1.2.1",
"351","0.290153000","1.2.1","host",
"352","0.290170000","host","1.2.1",
"353","0.291152000","1.2.1","host",
"354","0.291168000","host","1.2.1",
"355","0.292155000","1.2.1","host",
"356","0.292176000","host","1.2.1",
"357","0.293152000","1.2.1","host",
"358","0.293170000","host","1.2.1",
"359","0.294151000","1.2.1","host",
"360","0.294166000","host","1.2.1",
"361","0.295150000","1.2.1","host",
"362","0.295165000","host","1.2.1",
"363","0.296151000","1.2.1","host",
"364","0.296165000","host","1.2.1",
"365","0.297158000","1.2.1","host",
"366","0.297185000","host","1.2.1",
"367","0.298158000","1.2.1","host",
"368","0.298186000","host","1.2.1",
"369","0.299154000","1.2.1","host",
"370","0.299177000","host","1.2.1",
"371","0.300155000","1.2.1","host",
"372","0.300180000","host","1.2.1",
"373","0.301156000","1.2.1","host",
"374","0.301177000","host","1.2.1",
"375","0.302153000","1.2.1","host",
"376","0.302177000","host","1.2.1",
"377","0.303154000","1.2.1","host",
"378","0.303177000","host","1.2.1",
"379","0.304154000","1.2.1","host",
"380","0.304173000","host","1.2.1",
"381","0.305154000","1.2.1","host",
"382","0.305175000","host","1.2.1",
"383","0.306155000","1.2.1","host",
"384","0.306177000","host","1.2.1",
"385","0.307158000","1.2.1","host",
"386","0.307190000","host","1.2.1",
"387","0.308154000","1.2.1","host",
"388","0.308176000","host","1.2.1",
"389","0.309157000","1.2.1","host",
"390","0.309179000","host","1.2.1",
"391","0.310155000","1.2.1","host",
"392","0.310174000","host","1.2.1",
"393","0.311155000","1.2.1","host",
"394","0.311177000","host","1.2.1",
"395","0.312156000","1.2.1","host",
"396","0.312178000","host","1.2.1",
"397","0.313158000","1.2.1","host",
"398","0.313183000","host","1.2.1",
"399","0.314156000","1.2.1","host",
"400","0.314178000","host","1.2.1",
"401","0.316179000","1.2.1","host",
"402","0.316197000","host","1.2.1",
"403","0.317153000","1.2.1","host",
"404","0.317171000","host","1.2.1",
"405","0.318177000","1.2.1","host",
"406","0.318193000","host","1.2.1",
"407","0.319177000","1.2.1","host",
"408","0.319193000","host","1.2.1",
"409","0.320151000","1.2.1","host",
"410","0.320165000","host","1.2.1",
"411","0.321151000","1.2.1","host",
"412","0.321166000","host","1.2.1",
"413","0.322153000","1.2.1","host",
"414","0.322170000","host","1.2.1",
"415","0.323151000","1.2.1","host",
"416","0.323167000","host","1.2.1",
"417","0.325150000","1.2.1","host",
"418","0.325167000","host","1.2.1",
"419","0.326153000","1.2.1","host",
"420","0.326171000","host","1.2.1",
"421","0.327151000","1.2.1","host",
"422","0.327166000","host","1.2.1",
"423","0.328151000","1.2.1","host",
"424","0.328167000","host","1.2.1",
"425","0.329150000","1.2.1","host",
"426","0.329165000","host","1.2.1",
"427","0.330155000","1.2.1","host",
"428","0.330172000","host","1.2.1",
"429","0.331152000","1.2.1","host",
"430","0.331167000","host","1.2.1",
"431","0.332151000","1.2.1","host",
"432","0.332165000","host","1.2.1",
"433","0.333152000","1.2.1","host",
"434","0.333168000","host","1.2.1",
"435","0.334156000","1.2.1","host",
"436","0.334178000","host","1.2.1",
"437","0.335152000","1.2.1","host",
"438","0.335169000","host","1.2.1",
"439","0.336152000","1.2.1","host",
"440","0.336168000","host","1.2.1",
"441","0.337150000","1.2.1","host",
"442","0.337164000","host","1.2.1",
"443","0.338153000","1.2.1","host",
"444","0.338172000","host","1.2.1",
"445","0.340153000","1.2.1","host",
"446","0.340169000","host","1.2.1",
"447","0.341150000","1.2.1","host",
"448","0.341165000","host","1.2.1",
"449","0.342153000","1.2.1","host",
"450","0.342170000","host","1.2.1",
"451","0.343153000","1.2.1","host",
"452","0.343169000","host","1.2.1",
"453","0.344150000","1.2.1","host",
"454","0.344165000","host","1.2.1",
"455","0.345097000","host","1.7.0",
"456","0.345150000","1.2.1","host",
"457","0.345155000","host","1.2.1",
"458","0.346151000","1.2.1","host",
"459","0.346168000","host","1.2.1",
"460","0.346535000","1.7.0","host",
"461","0.347152000","1.2.1","host",
"462","0.347171000","host","1.2.1",
"463","0.348151000","1.2.1","host",
"464","0.348167000","host","1.2.1",
"465","0.349150000","1.2.1","host",
"466","0.349166000","host","1.2.1",
"467","0.350151000","1.2.1","host",
"468","0.350169000","host","1.2.1",
"469","0.351153000","1.2.1","host",
"470","0.351170000","host","1.2.1",
"471","0.352151000","1.2.1","host",
"472","0.352166000","host","1.2.1",
"473","0.353152000","1.2.1","host",
"474","0.353168000","host","1.2.1",
"475","0.354151000","1.2.1","host",
"476","0.354165000","host","1.2.1",
"477","0.355156000","1.2.1","host",
"478","0.355179000","host","1.2.1",
"479","0.356155000","1.2.1","host",
"480","0.356177000","host","1.2.1",
"481","0.357154000","1.2.1","host",
"482","0.357174000","host","1.2.1",
"483","0.358152000","1.2.1","host",
"484","0.358170000","host","1.2.1",
"485","0.359152000","1.2.1","host",
"486","0.359176000","host","1.2.1",
"487","0.360153000","1.2.1","host",
"488","0.360173000","host","1.2.1",
"489","0.361153000","1.2.1","host",
"490","0.361171000","host","1.2.1",
"491","0.362153000","1.2.1","host",
"492","0.362172000","host","1.2.1",
"493","0.363155000","1.2.1","host",
"494","0.363181000","host","1.2.1",
"495","0.364156000","1.2.1","host",
"496","0.364182000","host","1.2.1",
"497","0.366154000","1.2.1","host",
"498","0.366174000","host","1.2.1",
"499","0.367155000","1.2.1","host",
"500","0.367178000","host","1.2.1",
"501","0.369156000","1.2.1","host",
"502","0.369178000","host","1.2.1",
"503","0.370153000","1.2.1","host",
"504","0.370172000","host","1.2.1",
"505","0.371153000","1.2.1","host",
"506","0.371170000","host","1.2.1",
"507","0.372156000","1.2.1","host",
"508","0.372179000","host","1.2.1",
"509","0.374182000","1.2.1","host",
"510","0.374204000","host","1.2.1",
"511","0.375177000","1.2.1","host",
"512","0.375195000","host","1.2.1",
"513","0.376178000","1.2.1","host",
"514","0.376196000","host","1.2.1",
"515","0.378180000","1.2.1","host",
"516","0.378197000","host","1.2.1",
"517","0.379724000","host","1.7.0",
"518","0.380157000","1.2.1","host",
"519","0.380182000","host","1.2.1",
"520","0.381116000","1.7.0","host",
"521","0.382150000","1.2.1","host",
"522","0.382169000","host","1.2.1",
"523","0.383152000","1.2.1","host",
"524","0.383168000","host","1.2.1",
"525","0.384153000","1.2.1","host",
"526","0.384172000","host","1.2.1",
"527","0.385151000","1.2.1","host",
"528","0.385169000","host","1.2.1",
"529","0.386151000","1.2.1","host",
"530","0.386167000","host","1.2.1",
"531","0.387151000","1.2.1","host",
"532","0.387168000","host","1.2.1",
"533","0.389153000","1.2.1","host",
"534","0.389172000","host","1.2.1",
"535","0.390152000","1.2.1","host",
"536","0.390170000","host","1.2.1",
"537","0.391151000","1.2.1","host",
"538","0.391166000","host","1.2.1",
"539","0.392154000","1.2.1","host",
"540","0.392173000","host","1.2.1",
"541","0.393152000","1.2.1","host",
"542","0.393169000","host","1.2.1",
"543","0.394152000","1.2.1","host",
"544","0.394167000","host","1.2.1",
"545","0.396152000","1.2.1","host",
"546","0.396172000","host","1.2.1",
"547","0.397153000","1.2.1","host",
"548","0.397170000","host","1.2.1",
"549","0.398151000","1.2.1","host",
"550","0.398166000","host","1.2.1",
"551","0.400151000","1.2.1","host",
"552","0.400167000","host","1.2.1",
"553","0.401153000","1.2.1","host",
"554","0.401172000","host","1.2.1",
"555","0.402152000","1.2.1","host",
"556","0.402170000","host","1.2.1",
"557","0.404153000","1.2.1","host",
"558","0.404172000","host","1.2.1",
"559","0.405153000","1.2.1","host",
"560","0.405171000","host","1.2.1",
"561","0.406152000","1.2.1","host",
"562","0.406168000","host","1.2.1",
"563","0.408151000","1.2.1","host",
"564","0.408166000","host","1.2.1",
"565","0.409153000","1.2.1","host",
"566","0.409172000","host","1.2.1",
"567","0.410154000","1.2.1","host",
"568","0.410174000","host","1.2.1",
"569","0.412153000","1.2.1","host",
"570","0.412172000","host","1.2.1",
"571","0.413152000","1.2.1","host",
"572","0.413171000","host","1.2.1",
"573","0.415152000","1.2.1","host",
"574","0.415169000","host","1.2.1",
"575","0.417155000","1.2.1","host",
"576","0.417180000","host","1.2.1",
"577","0.419155000","1.2.1","host",
"578","0.419180000","host","1.2.1",
"579","0.420151000","1.2.1","host",
"580","0.420167000","host","1.2.1",
"581","0.421151000","1.2.1","host",
"582","0.421168000","host","1.2.1",
"583","0.422154000","1.2.1","host",
"584","0.422172000","host","1.2.1",
"585","0.424152000","1.2.1","host",
"586","0.424168000","host","1.2.1",
"587","0.426154000","1.2.1","host",
"588","0.426174000","host","1.2.1",
"589","0.428150000","1.2.1","host",
"590","0.428165000","host","1.2.1",
"591","0.429150000","1.2.1","host",
"592","0.429165000","host","1.2.1",
"593","0.431155000","1.2.1","host",
"594","0.431177000","host","1.2.1",
"595","0.432151000","1.2.1","host",
"596","0.432168000","host","1.2.1",
"597","0.433150000","1.2.1","host",
"598","0.433165000","host","1.2.1",
"599","0.435156000","1.2.1","host",
"600","0.435184000","host","1.2.1",
"601","0.436151000","1.2.1","host",
"602","0.436175000","host","1.2.1",
"603","0.437150000","1.2.1","host",
"604","0.437165000","host","1.2.1",
"605","0.439155000","1.2.1","host",
"606","0.439177000","host","1.2.1",
"607","0.440152000","1.2.1","host",
"608","0.440170000","host","1.2.1",
"609","0.441151000","1.2.1","host",
"610","0.441169000","host","1.2.1",
"611","0.442153000","1.2.1","host",
"612","0.442172000","host","1.2.1",
"613","0.444155000","1.2.1","host",
"614","0.444181000","host","1.2.1",
"615","0.445228000","host","1.7.0",
"616","0.446152000","1.2.1","host",
"617","0.446169000","host","1.2.1",
"618","0.446737000","1.7.0","host",
"619","0.448151000","1.2.1","host",
"620","0.448170000","host","1.2.1",
"621","0.450152000","1.2.1","host",
"622","0.450169000","host","1.2.1",
"623","0.451154000","1.2.1","host",
"624","0.451174000","host","1.2.1",
"625","0.452151000","1.2.1","host",
"626","0.452169000","host","1.2.1",
"627","0.454152000","1.2.1","host",
"628","0.454169000","host","1.2.1",
"629","0.455153000","1.2.1","host",
"630","0.455172000","host","1.2.1",
"631","0.457151000","1.2.1","host",
"632","0.457169000","host","1.2.1",
"633","0.458151000","1.2.1","host",
"634","0.458167000","host","1.2.1",
"635","0.459152000","1.2.1","host",
"636","0.459171000","host","1.2.1",
"637","0.461154000","1.2.1","host",
"638","0.461176000","host","1.2.1",
"639","0.463159000","1.2.1","host",
"640","0.463192000","host","1.2.1",
"641","0.464155000","1.2.1","host",
"642","0.464177000","host","1.2.1",
"643","0.465152000","1.2.1","host",
"644","0.465169000","host","1.2.1",
"645","0.466151000","1.2.1","host",
"646","0.466167000","host","1.2.1",
"647","0.468155000","1.2.1","host",
"648","0.468178000","host","1.2.1",
"649","0.470154000","1.2.1","host",
"650","0.470176000","host","1.2.1",
"651","0.471153000","1.2.1","host",
"652","0.471172000","host","1.2.1",
"653","0.473156000","1.2.1","host",
"654","0.473180000","host","1.2.1",
"655","0.475152000","1.2.1","host",
"656","0.475171000","host","1.2.1",
"657","0.477156000","1.2.1","host",
"658","0.477179000","host","1.2.1",
"659","0.478152000","1.2.1","host",
"660","0.478170000","host","1.2.1",
"661","0.480155000","1.2.1","host",
"662","0.480180000","host","1.2.1",
"663","0.482152000","1.2.1","host",
"664","0.482172000","host","1.2.1",
"665","0.484155000","1.2.1","host",
"666","0.484189000","host","1.2.1",
"667","0.486155000","1.2.1","host",
"668","0.486179000","host","1.2.1",
"669","0.488157000","1.2.1","host",
"670","0.488186000","host","1.2.1",
"671","0.490155000","1.2.1","host",
"672","0.490176000","host","1.2.1",
"673","0.492155000","1.2.1","host",
"674","0.492180000","host","1.2.1",
"675","0.494155000","1.2.1","host",
"676","0.494179000","host","1.2.1",
"677","0.496152000","1.2.1","host",
"678","0.496170000","host","1.2.1",
"679","0.497155000","1.2.1","host",
"680","0.497177000","host","1.2.1",
"681","0.498153000","1.2.1","host",
"682","0.498170000","host","1.2.1",
"683","0.500153000","1.2.1","host",
"684","0.500174000","host","1.2.1",
"685","0.501155000","1.2.1","host",
"686","0.501176000","host","1.2.1",
"687","0.503153000","1.2.1","host",
"688","0.503170000","host","1.2.1",
"689","0.504151000","1.2.1","host",
"690","0.504167000","host","1.2.1",
"691","0.505153000","1.2.1","host",
"692","0.505171000","host","1.2.1",
"693","0.506151000","1.2.1","host",
"694","0.506167000","host","1.2.1",
"695","0.508152000","1.2.1","host",
"696","0.508169000","host","1.2.1",
"697","0.509154000","1.2.1","host",
"698","0.509179000","host","1.2.1",
"699","0.510151000","1.2.1","host",
"700","0.510167000","host","1.2.1",
"701","0.510282000","host","1.7.0",
"702","0.511150000","1.2.1","host",
"703","0.511166000","host","1.2.1",
"704","0.511635000","1.7.0","host",
"705","0.512149000","1.2.1","host",
"706","0.512165000","host","1.2.1",
"707","0.513151000","1.2.1","host",
"708","0.513168000","host","1.2.1",
"709","0.514152000","1.2.1","host",
"710","0.514170000","host","1.2.1",
"711","0.516151000","1.2.1","host",
"712","0.516167000","host","1.2.1",
"713","0.517153000","1.2.1","host",
"714","0.517171000","host","1.2.1",
"715","0.518157000","1.2.1","host",
"716","0.518185000","host","1.2.1",
"717","0.519154000","1.2.1","host",
"718","0.519173000","host","1.2.1",
"719","0.520151000","1.2.1","host",
"720","0.520168000","host","1.2.1",
"721","0.522156000","1.2.1","host",
"722","0.522179000","host","1.2.1",
"723","0.523151000","1.2.1","host",
"724","0.523169000","host","1.2.1",
"725","0.524151000","1.2.1","host",
"726","0.524167000","host","1.2.1",
"727","0.525150000","1.2.1","host",
"728","0.525165000","host","1.2.1",
"729","0.526152000","1.2.1","host",
"730","0.526171000","host","1.2.1",
"731","0.527151000","1.2.1","host",
"732","0.527168000","host","1.2.1",
"733","0.528151000","1.2.1","host",
"734","0.528166000","host","1.2.1",
"735","0.529150000","1.2.1","host",
"736","0.529165000","host","1.2.1",
"737","0.530152000","1.2.1","host",
"738","0.530169000","host","1.2.1",
"739","0.531150000","1.2.1","host",
"740","0.531165000","host","1.2.1",
"741","0.532150000","1.2.1","host",
"742","0.532165000","host","1.2.1",
"743","0.534152000","1.2.1","host",
"744","0.534174000","host","1.2.1",
"745","0.536151000","1.2.1","host",
"746","0.536169000","host","1.2.1",
"747","0.538152000","1.2.1","host",
"748","0.538169000","host","1.2.1",
"749","0.540154000","1.2.1","host",
"750","0.540173000","host","1.2.1",
"751","0.541158000","1.2.1","host",
"752","0.541183000","host","1.2.1",
"753","0.543158000","1.2.1","host",
"754","0.543181000","host","1.2.1",
"755","0.543700000","host","1.7.0",
"756","0.545147000","1.7.0","host",
"757","0.545171000","1.2.1","host",
"758","0.545187000","host","1.2.1",
"759","0.546155000","1.2.1","host",
"760","0.546181000","host","1.2.1",
"761","0.548158000","1.2.1","host",
"762","0.548186000","host","1.2.1",
"763","0.550157000","1.2.1","host",
"764","0.550179000","host","1.2.1",
"765","0.552155000","1.2.1","host",
"766","0.552176000","host","1.2.1",
"767","0.555154000","1.2.1","host",
"768","0.555174000","host","1.2.1",
"769","0.556153000","1.2.1","host",
"770","0.556172000","host","1.2.1",
"771","0.557150000","1.2.1","host",
"772","0.557166000","host","1.2.1",
"773","0.559153000","1.2.1","host",
"774","0.559174000","host","1.2.1",
"775","0.561153000","1.2.1","host",
"776","0.561173000","host","1.2.1",
"777","0.562153000","1.2.1","host",
"778","0.562171000","host","1.2.1",
"779","0.563153000","1.2.1","host",
"780","0.563172000","host","1.2.1",
"781","0.565156000","1.2.1","host",
"782","0.565179000","host","1.2.1",
"783","0.566152000","1.2.1","host",
"784","0.566170000","host","1.2.1",
"785","0.569159000","1.2.1","host",
"786","0.569188000","host","1.2.1",
"787","0.572158000","1.2.1","host",
"788","0.572185000","host","1.2.1",
"789","0.575157000","1.2.1","host",
"790","0.575183000","host","1.2.1",
"791","0.576155000","1.2.1","host",
"792","0.576177000","host","1.2.1",
"793","0.576987000","host","1.7.0",
"794","0.578152000","1.2.1","host",
"795","0.578170000","host","1.2.1",
"796","0.578400000","1.7.0","host",
"797","0.581156000","1.2.1","host",
"798","0.581180000","host","1.2.1",
"799","0.582152000","1.2.1","host",
"800","0.582169000","host","1.2.1",
"801","0.585157000","1.2.1","host",
"802","0.585179000","host","1.2.1",
"803","0.586151000","1.2.1","host",
"804","0.586168000","host","1.2.1",
"805","0.588154000","1.2.1","host",
"806","0.588179000","host","1.2.1",
"807","0.589154000","1.2.1","host",
"808","0.589175000","host","1.2.1",
"809","0.592181000","1.2.1","host",
"810","0.592205000","host","1.2.1",
"811","0.594153000","1.2.1","host",
"812","0.594173000","host","1.2.1",
"813","0.596152000","1.2.1","host",
"814","0.596170000","host","1.2.1",
"815","0.599156000","1.2.1","host",
"816","0.599182000","host","1.2.1",
"817","0.600152000","1.2.1","host",
"818","0.600170000","host","1.2.1",
"819","0.605158000","1.2.1","host",
"820","0.605189000","host","1.2.1",
"821","0.606155000","1.2.1","host",
"822","0.606177000","host","1.2.1",
"823","0.611156000","1.2.1","host",
"824","0.611181000","host","1.2.1",
"825","0.616158000","1.2.1","host",
"826","0.616186000","host","1.2.1",
"827","0.622156000","1.2.1","host",
"828","0.622181000","host","1.2.1",
"829","0.630156000","1.2.1","host",
"830","0.630182000","host","1.2.1",
"831","0.636155000","1.2.1","host",
"832","0.636179000","host","1.2.1",
"833","0.641154000","1.2.1","host",
"834","0.641179000","host","1.2.1",
"835","0.643582000","host","1.7.0",
"836","0.645015000","1.7.0","host",
"837","0.645150000","1.2.1","host",
"838","0.645172000","host","1.2.1",
"839","0.649155000","1.2.1","host",
"840","0.649180000","host","1.2.1",
"841","0.653153000","1.2.1","host",
"842","0.653175000","host","1.2.1",
"843","0.655153000","1.2.1","host",
"844","0.655173000","host","1.2.1",
"845","0.657152000","1.2.1","host",
"846","0.657170000","host","1.2.1",
"847","0.659153000","1.2.1","host",
"848","0.659173000","host","1.2.1",
"849","0.661151000","1.2.1","host",
"850","0.661169000","host","1.2.1",
"851","0.664153000","1.2.1","host",
"852","0.664174000","host","1.2.1",
"853","0.665151000","1.2.1","host",
"854","0.665167000","host","1.2.1",
"855","0.667181000","1.2.1","host",
"856","0.667203000","host","1.2.1",
"857","0.668151000","1.2.1","host",
"858","0.668169000","host","1.2.1",
"859","0.670151000","1.2.1","host",
"860","0.670169000","host","1.2.1",
"861","0.673153000","1.2.1","host",
"862","0.673174000","host","1.2.1",
"863","0.674151000","1.2.1","host",
"864","0.674167000","host","1.2.1",
"865","0.676153000","1.2.1","host",
"866","0.676174000","host","1.2.1",
"867","0.680154000","1.2.1","host",
"868","0.680178000","host","1.2.1",
"869","0.681152000","1.2.1","host",
"870","0.681170000","host","1.2.1",
"871","0.683151000","1.2.1","host",
"872","0.683169000","host","1.2.1",
"873","0.685158000","1.2.1","host",
"874","0.685185000","host","1.2.1",
"875","0.686155000","1.2.1","host",
"876","0.686177000","host","1.2.1",
"877","0.689158000","1.2.1","host",
"878","0.689186000","host","1.2.1",
"879","0.691159000","1.2.1","host",
"880","0.691185000","host","1.2.1",
"881","0.692193000","1.2.1","host",
"882","0.692217000","host","1.2.1",
"883","0.694157000","1.2.1","host",
"884","0.694185000","host","1.2.1",
"885","0.695155000","1.2.1","host",
"886","0.695179000","host","1.2.1",
"887","0.697156000","1.2.1","host",
"888","0.697182000","host","1.2.1",
"889","0.699154000","1.2.1","host",
"890","0.699175000","host","1.2.1",
"891","0.700152000","1.2.1","host",
"892","0.700171000","host","1.2.1",
"893","0.701152000","1.2.1","host",
"894","0.701175000","host","1.2.1",
"895","0.704153000","1.2.1","host",
"896","0.704175000","host","1.2.1",
"897","0.705152000","1.2.1","host",
"898","0.705171000","host","1.2.1",
"899","0.706166000","1.2.1","host",
"900","0.706182000","host","1.2.1",
"901","0.708155000","1.2.1","host",
"902","0.708181000","host","1.2.1",
"903","0.709176000","host","1.7.0",
"904","0.710153000","1.2.1","host",
"905","0.710176000","host","1.2.1",
"906","0.710634000","1.7.0","host",
"907","0.712156000","1.2.1","host",
"908","0.712188000","host","1.2.1",
"909","0.714157000","1.2.1","host",
"910","0.714191000","host","1.2.1",
"911","0.716157000","1.2.1","host",
"912","0.716186000","host","1.2.1",
"913","0.718154000","1.2.1","host",
"914","0.718178000","host","1.2.1",
"915","0.720152000","1.2.1","host",
"916","0.720172000","host","1.2.1",
"917","0.721150000","1.2.1","host",
"918","0.721167000","host","1.2.1",
"919","0.723154000","1.2.1","host",
"920","0.723178000","host","1.2.1",
"921","0.725161000","1.2.1","host",
"922","0.725205000","host","1.2.1",
"923","0.726156000","1.2.1","host",
"924","0.726178000","host","1.2.1",
"925","0.728152000","1.2.1","host",
"926","0.728171000","host","1.2.1",
"927","0.729151000","1.2.1","host",
"928","0.729168000","host","1.2.1",
"929","0.730151000","1.2.1","host",
"930","0.730169000","host","1.2.1",
"931","0.731150000","1.2.1","host",
"932","0.731169000","host","1.2.1",
"933","0.732150000","1.2.1","host",
"934","0.732166000","host","1.2.1",
"935","0.734152000","1.2.1","host",
"936","0.734174000","host","1.2.1",
"937","0.736153000","1.2.1","host",
"938","0.736174000","host","1.2.1",
"939","0.738152000","1.2.1","host",
"940","0.738173000","host","1.2.1",
"941","0.740154000","1.2.1","host",
"942","0.740174000","host","1.2.1",
"943","0.741152000","1.2.1","host",
"944","0.741170000","host","1.2.1",
"945","0.742167000","1.2.1","host",
"946","0.742191000","host","1.2.1",
"947","0.743169000","1.2.1","host",
"948","0.743188000","host","1.2.1",
"949","0.745150000","1.2.1","host",
"950","0.745171000","host","1.2.1",
"951","0.746151000","1.2.1","host",
"952","0.746169000","host","1.2.1",
"953","0.748152000","1.2.1","host",
"954","0.748173000","host","1.2.1",
"955","0.749151000","1.2.1","host",
"956","0.749168000","host","1.2.1",
"957","0.750151000","1.2.1","host",
"958","0.750168000","host","1.2.1",
"959","0.751150000","1.2.1","host",
"960","0.751168000","host","1.2.1",
"961","0.752150000","1.2.1","host",
"962","0.752167000","host","1.2.1",
"963","0.754151000","1.2.1","host",
"964","0.754169000","host","1.2.1",
"965","0.755150000","1.2.1","host",
"966","0.755166000","host","1.2.1",
"967","0.756161000","1.2.1","host",
"968","0.756177000","host","1.2.1",
"969","0.757150000","1.2.1","host",
"970","0.757168000","host","1.2.1",
"971","0.758150000","1.2.1","host",
"972","0.758167000","host","1.2.1",
"973","0.760152000","1.2.1","host",
"974","0.760173000","host","1.2.1",
"975","0.761149000","1.2.1","host",
"976","0.761166000","host","1.2.1",
"977","0.763152000","1.2.1","host",
"978","0.763172000","host","1.2.1",
"979","0.764151000","1.2.1","host",
"980","0.764171000","host","1.2.1",
"981","0.766150000","1.2.1","host",
"982","0.766167000","host","1.2.1",
"983","0.767161000","1.2.1","host",
"984","0.767179000","host","1.2.1",
"985","0.769152000","1.2.1","host",
"986","0.769173000","host","1.2.1",
"987","0.770152000","1.2.1","host",
"988","0.770170000","host","1.2.1",
"989","0.771150000","1.2.1","host",
"990","0.771168000","host","1.2.1",
"991","0.772155000","1.2.1","host",
"992","0.772180000","host","1.2.1",
"993","0.774154000","1.2.1","host",
"994","0.774178000","host","1.2.1",
"995","0.774243000","host","1.7.0",
"996","0.775151000","1.2.1","host",
"997","0.775170000","host","1.2.1",
"998","0.775736000","1.7.0","host",
"999","0.776150000","1.2.1","host",
"1000","0.776169000","host","1.2.1",
"1001","0.778152000","1.2.1","host",
"1002","0.778171000","host","1.2.1",
"1003","0.779150000","1.2.1","host",
"1004","0.779166000","host","1.2.1",
"1005","0.780150000","1.2.1","host",
"1006","0.780168000","host","1.2.1",
"1007","0.781150000","1.2.1","host",
"1008","0.781168000","host","1.2.1",
"1009","0.783151000","1.2.1","host",
"1010","0.783169000","host","1.2.1",
"1011","0.784150000","1.2.1","host",
"1012","0.784168000","host","1.2.1",
"1013","0.786151000","1.2.1","host",
"1014","0.786169000","host","1.2.1",
"1015","0.787149000","1.2.1","host",
"1016","0.787166000","host","1.2.1",
"1017","0.789152000","1.2.1","host",
"1018","0.789173000","host","1.2.1",
"1019","0.790150000","1.2.1","host",
"1020","0.790167000","host","1.2.1",
"1021","0.791150000","1.2.1","host",
"1022","0.791166000","host","1.2.1",
"1023","0.793151000","1.2.1","host",
"1024","0.793171000","host","1.2.1",
"1025","0.794150000","1.2.1","host",
"1026","0.794168000","host","1.2.1",
"1027","0.796150000","1.2.1","host",
"1028","0.796167000","host","1.2.1",
"1029","0.797152000","1.2.1","host",
"1030","0.797169000","host","1.2.1",
"1031","0.798151000","1.2.1","host",
"1032","0.798171000","host","1.2.1",
"1033","0.799152000","1.2.1","host",
"1034","0.799171000","host","1.2.1",
"1035","0.800151000","1.2.1","host",
"1036","0.800169000","host","1.2.1",
"1037","0.801150000","1.2.1","host",
"1038","0.801170000","host","1.2.1",
"1039","0.802151000","1.2.1","host",
"1040","0.802168000","host","1.2.1",
"1041","0.804151000","1.2.1","host",
"1042","0.804170000","host","1.2.1",
"1043","0.806155000","1.2.1","host",
"1044","0.806181000","host","1.2.1",
"1045","0.807152000","1.2.1","host",
"1046","0.807172000","host","1.2.1",
"1047","0.807721000","host","1.7.0",
"1048","0.809143000","1.7.0","host",
"1049","0.809161000","1.2.1","host",
"1050","0.809172000","host","1.2.1",
"1051","0.810151000","1.2.1","host",
"1052","0.810170000","host","1.2.1",
"1053","0.811150000","1.2.1","host",
"1054","0.811166000","host","1.2.1",
"1055","0.813151000","1.2.1","host",
"1056","0.813191000","host","1.2.1",
"1057","0.815152000","1.2.1","host",
"1058","0.815174000","host","1.2.1",
"1059","0.817162000","1.2.1","host",
"1060","0.817182000","host","1.2.1",
"1061","0.819152000","1.2.1","host",
"1062","0.819172000","host","1.2.1",
"1063","0.820149000","1.2.1","host",
"1064","0.820166000","host","1.2.1",
"1065","0.821149000","1.2.1","host",
"1066","0.821164000","host","1.2.1",
"1067","0.824154000","1.2.1","host",
"1068","0.824180000","host","1.2.1",
"1069","0.827154000","1.2.1","host",
"1070","0.827177000","host","1.2.1",
"1071","0.829152000","1.2.1","host",
"1072","0.829172000","host","1.2.1",
"1073","0.832153000","1.2.1","host",
"1074","0.832175000","host","1.2.1",
"1075","0.837154000","1.2.1","host",
"1076","0.837178000","host","1.2.1",
"1077","0.840155000","1.2.1","host",
"1078","0.840187000","host","1.2.1",
"1079","0.842173000","1.2.1","host",
"1080","0.842196000","host","1.2.1",
"1081","0.847153000","1.2.1","host",
"1082","0.847181000","host","1.2.1",
"1083","0.854160000","1.2.1","host",
"1084","0.854197000","host","1.2.1",
"1085","0.860154000","1.2.1","host",
"1086","0.860192000","host","1.2.1",
"1087","0.873155000","1.2.1","host",
"1088","0.873195000","host","1.2.1",
"1089","0.874352000","host","1.7.0",
"1090","0.875737000","1.7.0","host",
"1091","0.882155000","1.2.1","host",
"1092","0.882181000","host","1.2.1",
"1093","0.898154000","1.2.1","host",
"1094","0.898179000","host","1.2.1",
"1095","0.910154000","1.2.1","host",
"1096","0.910179000","host","1.2.1",
"1097","0.924179000","1.2.1","host",
"1098","0.924205000","host","1.2.1",
"1099","0.929155000","1.2.1","host",
"1100","0.929180000","host","1.2.1",
"1101","0.932154000","1.2.1","host",
"1102","0.932179000","host","1.2.1",
"1103","0.937155000","1.2.1","host",
"1104","0.937179000","host","1.2.1",
"1105","0.939562000","host","1.7.0",
"1106","0.941014000","1.7.0","host",
"1107","0.941149000","1.2.1","host",
"1108","0.941172000","host","1.2.1",
"1109","0.943151000","1.2.1","host",
"1110","0.943172000","host","1.2.1",
"1111","0.945149000","1.2.1","host",
"1112","0.945166000","host","1.2.1",
"1113","0.947152000","1.2.1","host",
"1114","0.947174000","host","1.2.1",
"1115","0.949151000","1.2.1","host",
"1116","0.949168000","host","1.2.1",
"1117","0.950150000","1.2.1","host",
"1118","0.950165000","host","1.2.1",
"1119","0.951152000","1.2.1","host",
"1120","0.951175000","host","1.2.1",
"1121","0.953153000","1.2.1","host",
"1122","0.953175000","host","1.2.1",
"1123","0.955154000","1.2.1","host",
"1124","0.955177000","host","1.2.1",
"1125","0.957154000","1.2.1","host",
"1126","0.957176000","host","1.2.1",
"1127","0.958152000","1.2.1","host",
"1128","0.958172000","host","1.2.1",
"1129","0.959152000","1.2.1","host",
"1130","0.959174000","host","1.2.1",
"1131","0.961153000","1.2.1","host",
"1132","0.961173000","host","1.2.1",
"1133","0.962152000","1.2.1","host",
"1134","0.962172000","host","1.2.1",
"1135","0.963153000","1.2.1","host",
"1136","0.963174000","host","1.2.1",
"1137","0.964149000","1.2.1","host",
"1138","0.964166000","host","1.2.1",
"1139","0.965150000","1.2.1","host",
"1140","0.965168000","host","1.2.1",
"1141","0.967149000","1.2.1","host",
"1142","0.967168000","host","1.2.1",
"1143","0.968155000","1.2.1","host",
"1144","0.968177000","host","1.2.1",
"1145","0.969153000","1.2.1","host",
"1146","0.969174000","host","1.2.1",
"1147","0.971154000","1.2.1","host",
"1148","0.971178000","host","1.2.1",
"1149","0.972155000","1.2.1","host",
"1150","0.972178000","host","1.2.1",
"1151","0.973152000","1.2.1","host",
"1152","0.973173000","host","1.2.1",
"1153","0.974152000","1.2.1","host",
"1154","0.974171000","host","1.2.1",
"1155","0.975153000","1.2.1","host",
"1156","0.975175000","host","1.2.1",
"1157","0.976154000","1.2.1","host",
"1158","0.976175000","host","1.2.1",
"1159","0.977152000","1.2.1","host",
"1160","0.977173000","host","1.2.1",
"1161","0.978152000","1.2.1","host",
"1162","0.978172000","host","1.2.1",
"1163","0.979153000","1.2.1","host",
"1164","0.979174000","host","1.2.1",
"1165","0.980155000","1.2.1","host",
"1166","0.980178000","host","1.2.1",
"1167","0.981175000","1.2.1","host",
"1168","0.981194000","host","1.2.1",
"1169","0.982175000","1.2.1","host",
"1170","0.982192000","host","1.2.1",
"1171","0.983149000","1.2.1","host",
"1172","0.983164000","host","1.2.1",
"1173","0.984149000","1.2.1","host",
"1174","0.984166000","host","1.2.1",
"1175","0.985148000","1.2.1","host",
"1176","0.985164000","host","1.2.1",
"1177","0.986149000","1.2.1","host",
"1178","0.986165000","host","1.2.1",
"1179","0.987148000","1.2.1","host",
"1180","0.987164000","host","1.2.1",
"1181","0.988149000","1.2.1","host",
"1182","0.988165000","host","1.2.1",
"1183","0.989150000","1.2.1","host",
"1184","0.989168000","host","1.2.1",
"1185","0.990149000","1.2.1","host",
"1186","0.990165000","host","1.2.1",
"1187","0.991150000","1.2.1","host",
"1188","0.991166000","host","1.2.1",
"1189","0.992149000","1.2.1","host",
"1190","0.992168000","host","1.2.1",
"1191","0.993150000","1.2.1","host",
"1192","0.993168000","host","1.2.1",
"1193","0.994150000","1.2.1","host",
"1194","0.994167000","host","1.2.1",
"1195","0.995149000","1.2.1","host",
"1196","0.995166000","host","1.2.1",
"1197","0.996150000","1.2.1","host",
"1198","0.996166000","host","1.2.1",
"1199","0.997151000","1.2.1","host",
"1200","0.997170000","host","1.2.1",
"1201","0.998176000","1.2.1","host",
"1202","0.998194000","host","1.2.1",
"1203","0.999152000","1.2.1","host",
"1204","0.999168000","host","1.2.1",
"1205","1.000148000","1.2.1","host",
"1206","1.000163000","host","1.2.1",
"1207","1.001149000","1.2.1","host",
"1208","1.001166000","host","1.2.1",
"1209","1.002148000","1.2.1","host",
"1210","1.002163000","host","1.2.1",
"1211","1.003148000","1.2.1","host",
"1212","1.003162000","host","1.2.1",
"1213","1.004149000","1.2.1","host",
"1214","1.004165000","host","1.2.1",
"1215","1.005152000","1.2.1","host",
"1216","1.005174000","host","1.2.1",
"1217","1.006151000","1.2.1","host",
"1218","1.006158000","host","1.7.0",
"1219","1.006170000","host","1.2.1",
"1220","1.007150000","1.2.1","host",
"1221","1.007169000","host","1.2.1",
"1222","1.007533000","1.7.0","host",
"1223","1.008148000","1.2.1","host",
"1224","1.008165000","host","1.2.1",
"1225","1.009149000","1.2.1","host",
"1226","1.009168000","host","1.2.1",
"1227","1.010148000","1.2.1","host",
"1228","1.010162000","host","1.2.1",
"1229","1.011148000","1.2.1","host",
"1230","1.011163000","host","1.2.1",
"1231","1.012148000","1.2.1","host",
"1232","1.012163000","host","1.2.1",
"1233","1.013149000","1.2.1","host",
"1234","1.013165000","host","1.2.1",
"1235","1.014151000","1.2.1","host",
"1236","1.014168000","host","1.2.1",
"1237","1.015149000","1.2.1","host",
"1238","1.015165000","host","1.2.1",
"1239","1.016152000","1.2.1","host",
"1240","1.016175000","host","1.2.1",
"1241","1.017149000","1.2.1","host",
"1242","1.017172000","host","1.2.1",
"1243","1.018154000","1.2.1","host",
"1244","1.018181000","host","1.2.1",
"1245","1.019149000","1.2.1","host",
"1246","1.019170000","host","1.2.1",
"1247","1.020152000","1.2.1","host",
"1248","1.020178000","host","1.2.1",
"1249","1.021151000","1.2.1","host",
"1250","1.021171000","host","1.2.1",
"1251","1.022150000","1.2.1","host",
"1252","1.022168000","host","1.2.1",
"1253","1.023149000","1.2.1","host",
"1254","1.023165000","host","1.2.1",
"1255","1.024148000","1.2.1","host",
"1256","1.024164000","host","1.2.1",
"1257","1.025148000","1.2.1","host",
"1258","1.025164000","host","1.2.1",
"1259","1.026150000","1.2.1","host",
"1260","1.026168000","host","1.2.1",
"1261","1.027149000","1.2.1","host",
"1262","1.027165000","host","1.2.1",
"1263","1.028149000","1.2.1","host",
"1264","1.028164000","host","1.2.1",
"1265","1.029148000","1.2.1","host",
"1266","1.029164000","host","1.2.1",
"1267","1.030151000","1.2.1","host",
"1268","1.030169000","host","1.2.1",
"1269","1.031149000","1.2.1","host",
"1270","1.031164000","host","1.2.1",
"1271","1.032148000","1.2.1","host",
"1272","1.032163000","host","1.2.1",
"1273","1.034155000","1.2.1","host",
"1274","1.034185000","host","1.2.1",
"1275","1.035153000","1.2.1","host",
"1276","1.035181000","host","1.2.1",
"1277","1.036157000","1.2.1","host",
"1278","1.036186000","host","1.2.1",
"1279","1.037154000","1.2.1","host",
"1280","1.037178000","host","1.2.1",
"1281","1.038154000","1.2.1","host",
"1282","1.038181000","host","1.2.1",
"1283","1.039151000","1.2.1","host",
"1284","1.039175000","host","1.2.1",
"1285","1.039635000","host","1.7.0",
"1286","1.041012000","1.7.0","host",
"1287","1.041149000","1.2.1","host",
"1288","1.041159000","host","1.2.1",
"1289","1.042151000","1.2.1","host",
"1290","1.042171000","host","1.2.1",
"1291","1.043153000","1.2.1","host",
"1292","1.043173000","host","1.2.1",
"1293","1.044150000","1.2.1","host",
"1294","1.044169000","host","1.2.1",
"1295","1.045152000","1.2.1","host",
"1296","1.045174000","host","1.2.1",
"1297","1.047154000","1.2.1","host",
"1298","1.047178000","host","1.2.1",
"1299","1.048158000","1.2.1","host",
"1300","1.048186000","host","1.2.1",
"1301","1.049154000","1.2.1","host",
"1302","1.049178000","host","1.2.1",
"1303","1.050154000","1.2.1","host",
"1304","1.050177000","host","1.2.1",
"1305","1.051152000","1.2.1","host",
"1306","1.051173000","host","1.2.1",
"1307","1.052150000","1.2.1","host",
"1308","1.052168000","host","1.2.1",
"1309","1.054153000","1.2.1","host",
"1310","1.054174000","host","1.2.1",
"1311","1.055150000","1.2.1","host",
"1312","1.055168000","host","1.2.1",
"1313","1.056150000","1.2.1","host",
"1314","1.056166000","host","1.2.1",
"1315","1.058151000","1.2.1","host",
"1316","1.058168000","host","1.2.1",
"1317","1.060178000","1.2.1","host",
"1318","1.060201000","host","1.2.1",
"1319","1.063174000","1.2.1","host",
"1320","1.063196000","host","1.2.1",
"1321","1.064150000","1.2.1","host",
"1322","1.064167000","host","1.2.1",
"1323","1.066150000","1.2.1","host",
"1324","1.066169000","host","1.2.1",
"1325","1.072154000","1.2.1","host",
"1326","1.072179000","host","1.2.1",
"1327","1.104658000","host","1.7.0",
"1328","1.106040000","1.7.0","host",
"1329","1.137759000","host","1.7.0",
"1330","1.139137000","1.7.0","host",
"1331","1.158156000","1.2.1","host",
"1332","1.158188000","host","1.2.1",
"1333","1.169179000","1.2.1","host",
"1334","1.169205000","host","1.2.1",
"1335","1.172227000","host","1.7.0",
"1336","1.173735000","1.7.0","host",
"1337","1.175149000","1.2.1","host",
"1338","1.175170000","host","1.2.1",
"1339","1.235886000","host","1.7.0",
"1340","1.237283000","1.2.3","host",
"1341","1.237310000","host","1.2.3",
"1342","1.237394000","1.7.0","host",
"1343","1.237403000","1.2.1","host",
"1344","1.237417000","host","1.2.1",
"1345","1.242163000","1.2.3","host",
"1346","1.242258000","host","1.2.3",
"1347","1.259161000","1.2.3","host",
"1348","1.259189000","host","1.2.3",
"1349","1.270665000","host","1.7.0",
"1350","1.272319000","1.7.0","host",
"1351","1.276158000","1.2.3","host",
"1352","1.276183000","host","1.2.3",
"1353","1.294182000","1.2.1","host",
"1354","1.294210000","host","1.2.1",
"1355","1.294282000","1.2.3","host",
"1356","1.294289000","host","1.2.3",
"1357","1.309158000","1.2.3","host",
"1358","1.309180000","host","1.2.3",
"1359","1.326157000","1.2.3","host",
"1360","1.326180000","host","1.2.3",
"1361","1.335279000","host","1.7.0",
"1362","1.336633000","1.7.0","host",
"1363","1.401965000","host","1.7.0",
"1364","1.403397000","1.7.0","host",
"1365","1.427152000","1.2.1","host",
"1366","1.427178000","host","1.2.1",
"1367","1.438155000","1.2.1","host",
"1368","1.438194000","host","1.2.1",
"1369","1.440151000","1.2.1","host",
"1370","1.440172000","host","1.2.1",
"1371","1.446151000","1.2.1","host",
"1372","1.446176000","host","1.2.1",
"1373","1.447149000","1.2.1","host",
"1374","1.447167000","host","1.2.1",
"1375","1.451150000","1.2.1","host",
"1376","1.451173000","host","1.2.1",
"1377","1.452148000","1.2.1","host",
"1378","1.452164000","host","1.2.1",
"1379","1.454147000","1.2.1","host",
"1380","1.454164000","host","1.2.1",
"1381","1.455148000","1.2.1","host",
"1382","1.455165000","host","1.2.1",
"1383","1.457155000","1.2.1","host",
"1384","1.457183000","host","1.2.1",
"1385","1.458152000","1.2.1","host",
"1386","1.458179000","host","1.2.1",
"1387","1.460151000","1.2.1","host",
"1388","1.460174000","host","1.2.1",
"1389","1.461149000","1.2.1","host",
"1390","1.461169000","host","1.2.1",
"1391","1.462148000","1.2.1","host",
"1392","1.462164000","host","1.2.1",
"1393","1.463149000","1.2.1","host",
"1394","1.463164000","host","1.2.1",
"1395","1.464147000","1.2.1","host",
"1396","1.464163000","host","1.2.1",
"1397","1.465147000","1.2.1","host",
"1398","1.465163000","host","1.2.1",
"1399","1.467150000","1.2.1","host",
"1400","1.467170000","host","1.2.1",
"1401","1.467643000","host","1.7.0",
"1402","1.468149000","1.2.1","host",
"1403","1.468168000","host","1.2.1",
"1404","1.469024000","1.7.0","host",
"1405","1.469148000","1.2.1","host",
"1406","1.469170000","host","1.2.1",
"1407","1.470151000","1.2.1","host",
"1408","1.470176000","host","1.2.1",
"1409","1.471151000","1.2.1","host",
"1410","1.471175000","host","1.2.1",
"1411","1.472148000","1.2.1","host",
"1412","1.472167000","host","1.2.1",
"1413","1.473147000","1.2.1","host",
"1414","1.473162000","host","1.2.1",
"1415","1.474147000","1.2.1","host",
"1416","1.474162000","host","1.2.1",
"1417","1.475146000","1.2.1","host",
"1418","1.475161000","host","1.2.1",
"1419","1.476149000","1.2.1","host",
"1420","1.476166000","host","1.2.1",
"1421","1.477148000","1.2.1","host",
"1422","1.477165000","host","1.2.1",
"1423","1.478148000","1.2.1","host",
"1424","1.478165000","host","1.2.1",
"1425","1.479146000","1.2.1","host",
"1426","1.479161000","host","1.2.1",
"1427","1.480149000","1.2.1","host",
"1428","1.480166000","host","1.2.1",
"1429","1.481147000","1.2.1","host",
"1430","1.481162000","host","1.2.1",
"1431","1.482147000","1.2.1","host",
"1432","1.482163000","host","1.2.1",
"1433","1.483151000","1.2.1","host",
"1434","1.483166000","host","1.2.1",
"1435","1.484148000","1.2.1","host",
"1436","1.484166000","host","1.2.1",
"1437","1.485147000","1.2.1","host",
"1438","1.485163000","host","1.2.1",
"1439","1.486147000","1.2.1","host",
"1440","1.486162000","host","1.2.1",
"1441","1.487146000","1.2.1","host",
"1442","1.487160000","host","1.2.1",
"1443","1.488147000","1.2.1","host",
"1444","1.488163000","host","1.2.1",
"1445","1.489149000","1.2.1","host",
"1446","1.489166000","host","1.2.1",
"1447","1.490147000","1.2.1","host",
"1448","1.490161000","host","1.2.1",
"1449","1.491147000","1.2.1","host",
"1450","1.491162000","host","1.2.1",
"1451","1.492147000","1.2.1","host",
"1452","1.492161000","host","1.2.1",
"1453","1.493148000","1.2.1","host",
"1454","1.493165000","host","1.2.1",
"1455","1.494147000","1.2.1","host",
"1456","1.494161000","host","1.2.1",
"1457","1.495146000","1.2.1","host",
"1458","1.495161000","host","1.2.1",
"1459","1.496147000","1.2.1","host",
"1460","1.496164000","host","1.2.1",
"1461","1.497152000","1.2.1","host",
"1462","1.497177000","host","1.2.1",
"1463","1.498150000","1.2.1","host",
"1464","1.498171000","host","1.2.1",
"1465","1.499149000","1.2.1","host",
"1466","1.499168000","host","1.2.1",
"1467","1.500149000","1.2.1","host",
"1468","1.500168000","host","1.2.1",
"1469","1.501150000","1.2.1","host",
"1470","1.501171000","host","1.2.1",
"1471","1.502149000","1.2.1","host",
"1472","1.502166000","host","1.2.1",
"1473","1.503147000","1.2.1","host",
"1474","1.503164000","host","1.2.1",
"1475","1.504146000","1.2.1","host",
"1476","1.504161000","host","1.2.1",
"1477","1.505149000","1.2.1","host",
"1478","1.505168000","host","1.2.1",
"1479","1.506147000","1.2.1","host",
"1480","1.506166000","host","1.2.1",
"1481","1.507146000","1.2.1","host",
"1482","1.507161000","host","1.2.1",
"1483","1.508147000","1.2.1","host",
"1484","1.508162000","host","1.2.1",
"1485","1.509149000","1.2.1","host",
"1486","1.509168000","host","1.2.1",
"1487","1.510149000","1.2.1","host",
"1488","1.510167000","host","1.2.1",
"1489","1.511147000","1.2.1","host",
"1490","1.511162000","host","1.2.1",
"1491","1.512146000","1.2.1","host",
"1492","1.512161000","host","1.2.1",
"1493","1.513147000","1.2.1","host",
"1494","1.513166000","host","1.2.1",
"1495","1.514148000","1.2.1","host",
"1496","1.514166000","host","1.2.1",
"1497","1.515147000","1.2.1","host",
"1498","1.515163000","host","1.2.1",
"1499","1.516146000","1.2.1","host",
"1500","1.516161000","host","1.2.1",
"1501","1.517146000","1.2.1","host",
"1502","1.517160000","host","1.2.1",
"1503","1.519150000","1.2.1","host",
"1504","1.519173000","host","1.2.1",
"1505","1.520147000","1.2.1","host",
"1506","1.520164000","host","1.2.1",
"1507","1.521148000","1.2.1","host",
"1508","1.521163000","host","1.2.1",
"1509","1.522150000","1.2.1","host",
"1510","1.522169000","host","1.2.1",
"1511","1.523147000","1.2.1","host",
"1512","1.523162000","host","1.2.1",
"1513","1.524146000","1.2.1","host",
"1514","1.524161000","host","1.2.1",
"1515","1.525146000","1.2.1","host",
"1516","1.525161000","host","1.2.1",
"1517","1.526149000","1.2.1","host",
"1518","1.526166000","host","1.2.1",
"1519","1.527146000","1.2.1","host",
"1520","1.527161000","host","1.2.1",
"1521","1.528146000","1.2.1","host",
"1522","1.528160000","host","1.2.1",
"1523","1.529146000","1.2.1","host",
"1524","1.529160000","host","1.2.1",
"1525","1.530149000","1.2.1","host",
"1526","1.530167000","host","1.2.1",
"1527","1.531147000","1.2.1","host",
"1528","1.531162000","host","1.2.1",
"1529","1.532146000","1.2.1","host",
"1530","1.532161000","host","1.2.1",
"1531","1.533149000","1.2.1","host",
"1532","1.533167000","host","1.2.1",
"1533","1.534150000","1.2.1","host",
"1534","1.534169000","host","1.2.1",
"1535","1.534596000","host","1.7.0",
"1536","1.535148000","1.2.1","host",
"1537","1.535163000","host","1.2.1",
"1538","1.536008000","1.7.0","host",
"1539","1.536145000","1.2.1","host",
"1540","1.536160000","host","1.2.1",
"1541","1.537152000","1.2.1","host",
"1542","1.537168000","host","1.2.1",
"1543","1.538147000","1.2.1","host",
"1544","1.538164000","host","1.2.1",
"1545","1.539148000","1.2.1","host",
"1546","1.539165000","host","1.2.1",
"1547","1.540147000","1.2.1","host",
"1548","1.540162000","host","1.2.1",
"1549","1.541146000","1.2.1","host",
"1550","1.541160000","host","1.2.1",
"1551","1.542146000","1.2.1","host",
"1552","1.542159000","host","1.2.1",
"1553","1.543150000","1.2.1","host",
"1554","1.543170000","host","1.2.1",
"1555","1.544147000","1.2.1","host",
"1556","1.544163000","host","1.2.1",
"1557","1.545147000","1.2.1","host",
"1558","1.545161000","host","1.2.1",
"1559","1.546147000","1.2.1","host",
"1560","1.546164000","host","1.2.1",
"1561","1.547153000","1.2.1","host",
"1562","1.547177000","host","1.2.1",
"1563","1.548148000","1.2.1","host",
"1564","1.548165000","host","1.2.1",
"1565","1.549149000","1.2.1","host",
"1566","1.549168000","host","1.2.1",
"1567","1.550149000","1.2.1","host",
"1568","1.550167000","host","1.2.1",
"1569","1.552155000","1.2.1","host",
"1570","1.552182000","host","1.2.1",
"1571","1.553149000","1.2.1","host",
"1572","1.553168000","host","1.2.1",
"1573","1.554149000","1.2.1","host",
"1574","1.554169000","host","1.2.1",
"1575","1.555151000","1.2.1","host",
"1576","1.555174000","host","1.2.1",
"1577","1.556150000","1.2.1","host",
"1578","1.556171000","host","1.2.1",
"1579","1.557149000","1.2.1","host",
"1580","1.557167000","host","1.2.1",
"1581","1.558147000","1.2.1","host",
"1582","1.558164000","host","1.2.1",
"1583","1.559148000","1.2.1","host",
"1584","1.559168000","host","1.2.1",
"1585","1.560149000","1.2.1","host",
"1586","1.560170000","host","1.2.1",
"1587","1.561148000","1.2.1","host",
"1588","1.561167000","host","1.2.1",
"1589","1.562147000","1.2.1","host",
"1590","1.562163000","host","1.2.1",
"1591","1.563149000","1.2.1","host",
"1592","1.563167000","host","1.2.1",
"1593","1.564150000","1.2.1","host",
"1594","1.564172000","host","1.2.1",
"1595","1.565148000","1.2.1","host",
"1596","1.565168000","host","1.2.1",
"1597","1.566151000","1.2.1","host",
"1598","1.566172000","host","1.2.1",
"1599","1.567149000","1.2.1","host",
"1600","1.567169000","host","1.2.1",
"1601","1.567720000","host","1.7.0",
"1602","1.568149000","1.2.1","host",
"1603","1.568168000","host","1.2.1",
"1604","1.569135000","1.7.0","host",
"1605","1.569148000","1.2.1","host",
"1606","1.569154000","host","1.2.1",
"1607","1.570147000","1.2.1","host",
"1608","1.570161000","host","1.2.1",
"1609","1.571145000","1.2.1","host",
"1610","1.571160000","host","1.2.1",
"1611","1.572149000","1.2.1","host",
"1612","1.572167000","host","1.2.1",
"1613","1.573146000","1.2.1","host",
"1614","1.573162000","host","1.2.1",
"1615","1.574146000","1.2.1","host",
"1616","1.574160000","host","1.2.1",
"1617","1.575166000","1.2.1","host",
"1618","1.575180000","host","1.2.1",
"1619","1.576148000","1.2.1","host",
"1620","1.576165000","host","1.2.1",
"1621","1.577146000","1.2.1","host",
"1622","1.577161000","host","1.2.1",
"1623","1.578146000","1.2.1","host",
"1624","1.578159000","host","1.2.1",
"1625","1.579148000","1.2.1","host",
"1626","1.579161000","host","1.2.1",
"1627","1.580147000","1.2.1","host",
"1628","1.580163000","host","1.2.1",
"1629","1.581147000","1.2.1","host",
"1630","1.581161000","host","1.2.1",
"1631","1.582146000","1.2.1","host",
"1632","1.582160000","host","1.2.1",
"1633","1.583146000","1.2.1","host",
"1634","1.583160000","host","1.2.1",
"1635","1.584147000","1.2.1","host",
"1636","1.584163000","host","1.2.1",
"1637","1.585148000","1.2.1","host",
"1638","1.585164000","host","1.2.1",
"1639","1.586147000","1.2.1","host",
"1640","1.586163000","host","1.2.1",
"1641","1.587147000","1.2.1","host",
"1642","1.587162000","host","1.2.1",
"1643","1.588146000","1.2.1","host",
"1644","1.588162000","host","1.2.1",
"1645","1.589148000","1.2.1","host",
"1646","1.589168000","host","1.2.1",
"1647","1.590149000","1.2.1","host",
"1648","1.590169000","host","1.2.1",
"1649","1.591150000","1.2.1","host",
"1650","1.591171000","host","1.2.1",
"1651","1.592147000","1.2.1","host",
"1652","1.592162000","host","1.2.1",
"1653","1.593151000","1.2.1","host",
"1654","1.593176000","host","1.2.1",
"1655","1.594150000","1.2.1","host",
"1656","1.594170000","host","1.2.1",
"1657","1.595150000","1.2.1","host",
"1658","1.595169000","host","1.2.1",
"1659","1.596150000","1.2.1","host",
"1660","1.596169000","host","1.2.1",
"1661","1.598151000","1.2.1","host",
"1662","1.598174000","host","1.2.1",
"1663","1.599150000","1.2.1","host",
"1664","1.599171000","host","1.2.1",
"1665","1.600149000","1.2.1","host",
"1666","1.600169000","host","1.2.1",
"1667","1.601150000","1.2.1","host",
"1668","1.601173000","host","1.2.1",
"1669","1.602149000","1.2.1","host",
"1670","1.602169000","host","1.2.1",
"1671","1.603149000","1.2.1","host",
"1672","1.603167000","host","1.2.1",
"1673","1.604147000","1.2.1","host",
"1674","1.604164000","host","1.2.1",
"1675","1.605149000","1.2.1","host",
"1676","1.605168000","host","1.2.1",
"1677","1.606147000","1.2.1","host",
"1678","1.606163000","host","1.2.1",
"1679","1.607146000","1.2.1","host",
"1680","1.607160000","host","1.2.1",
"1681","1.608147000","1.2.1","host",
"1682","1.608161000","host","1.2.1",
"1683","1.609148000","1.2.1","host",
"1684","1.609166000","host","1.2.1",
"1685","1.610147000","1.2.1","host",
"1686","1.610165000","host","1.2.1",
"1687","1.611148000","1.2.1","host",
"1688","1.611165000","host","1.2.1",
"1689","1.612147000","1.2.1","host",
"1690","1.612163000","host","1.2.1",
"1691","1.613147000","1.2.1","host",
"1692","1.613163000","host","1.2.1",
"1693","1.614152000","1.2.1","host",
"1694","1.614177000","host","1.2.1",
"1695","1.615151000","1.2.1","host",
"1696","1.615172000","host","1.2.1",
"1697","1.616149000","1.2.1","host",
"1698","1.616168000","host","1.2.1",
"1699","1.617149000","1.2.1","host",
"1700","1.617169000","host","1.2.1",
"1701","1.618151000","1.2.1","host",
"1702","1.618173000","host","1.2.1",
"1703","1.619147000","1.2.1","host",
"1704","1.619163000","host","1.2.1",
"1705","1.620146000","1.2.1","host",
"1706","1.620161000","host","1.2.1",
"1707","1.621146000","1.2.1","host",
"1708","1.621162000","host","1.2.1",
"1709","1.622150000","1.2.1","host",
"1710","1.622170000","host","1.2.1",
"1711","1.623147000","1.2.1","host",
"1712","1.623164000","host","1.2.1",
"1713","1.624147000","1.2.1","host",
"1714","1.624161000","host","1.2.1",
"1715","1.625147000","1.2.1","host",
"1716","1.625161000","host","1.2.1",
"1717","1.627150000","1.2.1","host",
"1718","1.627172000","host","1.2.1",
"1719","1.628147000","1.2.1","host",
"1720","1.628164000","host","1.2.1",
"1721","1.629146000","1.2.1","host",
"1722","1.629161000","host","1.2.1",
"1723","1.630146000","1.2.1","host",
"1724","1.630162000","host","1.2.1",
"1725","1.632149000","1.2.1","host",
"1726","1.632169000","host","1.2.1",
"1727","1.632731000","host","1.7.0",
"1728","1.633146000","1.2.1","host",
"1729","1.633161000","host","1.2.1",
"1730","1.634136000","1.7.0","host",
"1731","1.634151000","1.2.1","host",
"1732","1.634159000","host","1.2.1",
"1733","1.635149000","1.2.1","host",
"1734","1.635167000","host","1.2.1",
"1735","1.636146000","1.2.1","host",
"1736","1.636161000","host","1.2.1",
"1737","1.637146000","1.2.1","host",
"1738","1.637160000","host","1.2.1",
"1739","1.639148000","1.2.1","host",
"1740","1.639167000","host","1.2.1",
"1741","1.641146000","1.2.1","host",
"1742","1.641163000","host","1.2.1",
"1743","1.643149000","1.2.1","host",
"1744","1.643169000","host","1.2.1",
"1745","1.645148000","1.2.1","host",
"1746","1.645165000","host","1.2.1",
"1747","1.646146000","1.2.1","host",
"1748","1.646161000","host","1.2.1",
"1749","1.649149000","1.2.1","host",
"1750","1.649171000","host","1.2.1",
"1751","1.651149000","1.2.1","host",
"1752","1.651169000","host","1.2.1",
"1753","1.652148000","1.2.1","host",
"1754","1.652164000","host","1.2.1",
"1755","1.654147000","1.2.1","host",
"1756","1.654162000","host","1.2.1",
"1757","1.656148000","1.2.1","host",
"1758","1.656169000","host","1.2.1",
"1759","1.659149000","1.2.1","host",
"1760","1.659169000","host","1.2.1",
"1761","1.660149000","1.2.1","host",
"1762","1.660166000","host","1.2.1",
"1763","1.661146000","1.2.1","host",
"1764","1.661162000","host","1.2.1",
"1765","1.664154000","1.2.1","host",
"1766","1.664182000","host","1.2.1",
"1767","1.665147000","1.2.1","host",
"1768","1.665164000","host","1.2.1",
"1769","1.667146000","1.2.1","host",
"1770","1.667161000","host","1.2.1",
"1771","1.669150000","1.2.1","host",
"1772","1.669170000","host","1.2.1",
"1773","1.670146000","1.2.1","host",
"1774","1.670161000","host","1.2.1",
"1775","1.672148000","1.2.1","host",
"1776","1.672165000","host","1.2.1",
"1777","1.673147000","1.2.1","host",
"1778","1.673162000","host","1.2.1",
"1779","1.675146000","1.2.1","host",
"1780","1.675161000","host","1.2.1",
"1781","1.678149000","1.2.1","host",
"1782","1.678169000","host","1.2.1",
"1783","1.680148000","1.2.1","host",
"1784","1.680170000","host","1.2.1",
"1785","1.684150000","1.2.1","host",
"1786","1.684175000","host","1.2.1",
"1787","1.687149000","1.2.1","host",
"1788","1.687169000","host","1.2.1",
"1789","1.688147000","1.2.1","host",
"1790","1.688162000","host","1.2.1",
"1791","1.692150000","1.2.1","host",
"1792","1.692171000","host","1.2.1",
"1793","1.693151000","1.2.1","host",
"1794","1.693173000","host","1.2.1",
"1795","1.698151000","1.2.1","host",
"1796","1.698175000","host","1.2.1",
"1797","1.698359000","host","1.7.0",
"1798","1.699858000","1.7.0","host",
"1799","1.700146000","1.2.1","host",
"1800","1.700167000","host","1.2.1",
"1801","1.706151000","1.2.1","host",
"1802","1.706174000","host","1.2.1",
"1803","1.710151000","1.2.1","host",
"1804","1.710175000","host","1.2.1",
"1805","1.715150000","1.2.1","host",
"1806","1.715172000","host","1.2.1",
"1807","1.722150000","1.2.1","host",
"1808","1.722174000","host","1.2.1",
"1809","1.723146000","1.2.1","host",
"1810","1.723162000","host","1.2.1",
"1811","1.725148000","1.2.1","host",
"1812","1.725168000","host","1.2.1",
"1813","1.728152000","1.2.1","host",
"1814","1.728180000","host","1.2.1",
"1815","1.729149000","1.2.1","host",
"1816","1.729167000","host","1.2.1",
"1817","1.730148000","1.2.1","host",
"1818","1.730170000","host","1.2.1",
"1819","1.732148000","1.2.1","host",
"1820","1.732166000","host","1.2.1",
"1821","1.733146000","1.2.1","host",
"1822","1.733162000","host","1.2.1",
"1823","1.734149000","1.2.1","host",
"1824","1.734169000","host","1.2.1",
"1825","1.736149000","1.2.1","host",
"1826","1.736168000","host","1.2.1",
"1827","1.737146000","1.2.1","host",
"1828","1.737161000","host","1.2.1",
"1829","1.738154000","1.2.1","host",
"1830","1.738170000","host","1.2.1",
"1831","1.739151000","1.2.1","host",
"1832","1.739175000","host","1.2.1",
"1833","1.740150000","1.2.1","host",
"1834","1.740171000","host","1.2.1",
"1835","1.741149000","1.2.1","host",
"1836","1.741168000","host","1.2.1",
"1837","1.743153000","1.2.1","host",
"1838","1.743182000","host","1.2.1",
"1839","1.744150000","1.2.1","host",
"1840","1.744170000","host","1.2.1",
"1841","1.745150000","1.2.1","host",
"1842","1.745170000","host","1.2.1",
"1843","1.746148000","1.2.1","host",
"1844","1.746164000","host","1.2.1",
"1845","1.747152000","1.2.1","host",
"1846","1.747175000","host","1.2.1",
"1847","1.748149000","1.2.1","host",
"1848","1.748169000","host","1.2.1",
"1849","1.749145000","1.2.1","host",
"1850","1.749159000","host","1.2.1",
"1851","1.750145000","1.2.1","host",
"1852","1.750159000","host","1.2.1",
"1853","1.751148000","1.2.1","host",
"1854","1.751166000","host","1.2.1",
"1855","1.752147000","1.2.1","host",
"1856","1.752163000","host","1.2.1",
"1857","1.753146000","1.2.1","host",
"1858","1.753163000","host","1.2.1",
"1859","1.754146000","1.2.1","host",
"1860","1.754161000","host","1.2.1",
"1861","1.756149000","1.2.1","host",
"1862","1.756171000","host","1.2.1",
"1863","1.757148000","1.2.1","host",
"1864","1.757164000","host","1.2.1",
"1865","1.758145000","1.2.1","host",
"1866","1.758160000","host","1.2.1",
"1867","1.760150000","1.2.1","host",
"1868","1.760172000","host","1.2.1",
"1869","1.761146000","1.2.1","host",
"1870","1.761163000","host","1.2.1",
"1871","1.762146000","1.2.1","host",
"1872","1.762159000","host","1.2.1",
"1873","1.763160000","1.2.1","host",
"1874","1.763174000","host","1.2.1",
"1875","1.764149000","1.2.1","host",
"1876","1.764170000","host","1.2.1",
"1877","1.764813000","host","1.7.0",
"1878","1.765146000","1.2.1","host",
"1879","1.765161000","host","1.2.1",
"1880","1.766144000","1.2.1","host",
"1881","1.766159000","host","1.2.1",
"1882","1.766309000","1.7.0","host",
"1883","1.767145000","1.2.1","host",
"1884","1.767160000","host","1.2.1",
"1885","1.768147000","1.2.1","host",
"1886","1.768166000","host","1.2.1",
"1887","1.769146000","1.2.1","host",
"1888","1.769160000","host","1.2.1",
"1889","1.770146000","1.2.1","host",
"1890","1.770160000","host","1.2.1",
"1891","1.772147000","1.2.1","host",
"1892","1.772165000","host","1.2.1",
"1893","1.774147000","1.2.1","host",
"1894","1.774163000","host","1.2.1",
"1895","1.776149000","1.2.1","host",
"1896","1.776169000","host","1.2.1",
"1897","1.777147000","1.2.1","host",
"1898","1.777161000","host","1.2.1",
"1899","1.779146000","1.2.1","host",
"1900","1.779162000","host","1.2.1",
"1901","1.781148000","1.2.1","host",
"1902","1.781167000","host","1.2.1",
"1903","1.783147000","1.2.1","host",
"1904","1.783165000","host","1.2.1",
"1905","1.785148000","1.2.1","host",
"1906","1.785166000","host","1.2.1",
"1907","1.786146000","1.2.1","host",
"1908","1.786160000","host","1.2.1",
"1909","1.787146000","1.2.1","host",
"1910","1.787161000","host","1.2.1",
"1911","1.788164000","1.2.1","host",
"1912","1.788182000","host","1.2.1",
"1913","1.789149000","1.2.1","host",
"1914","1.789168000","host","1.2.1",
"1915","1.791148000","1.2.1","host",
"1916","1.791166000","host","1.2.1",
"1917","1.792146000","1.2.1","host",
"1918","1.792161000","host","1.2.1",
"1919","1.793149000","1.2.1","host",
"1920","1.793170000","host","1.2.1",
"1921","1.794146000","1.2.1","host",
"1922","1.794161000","host","1.2.1",
"1923","1.795145000","1.2.1","host",
"1924","1.795160000","host","1.2.1",
"1925","1.797150000","1.2.1","host",
"1926","1.797172000","host","1.2.1",
"1927","1.798155000","host","1.7.0",
"1928","1.799146000","1.2.1","host",
"1929","1.799162000","host","1.2.1",
"1930","1.799606000","1.7.0","host",
"1931","1.800144000","1.2.1","host",
"1932","1.800162000","host","1.2.1",
"1933","1.802149000","1.2.1","host",
"1934","1.802169000","host","1.2.1",
"1935","1.804146000","1.2.1","host",
"1936","1.804161000","host","1.2.1",
"1937","1.805147000","1.2.1","host",
"1938","1.805166000","host","1.2.1",
"1939","1.806146000","1.2.1","host",
"1940","1.806163000","host","1.2.1",
"1941","1.808146000","1.2.1","host",
"1942","1.808162000","host","1.2.1",
"1943","1.809147000","1.2.1","host",
"1944","1.809164000","host","1.2.1",
"1945","1.811147000","1.2.1","host",
"1946","1.811164000","host","1.2.1",
"1947","1.812146000","1.2.1","host",
"1948","1.812161000","host","1.2.1",
"1949","1.814149000","1.2.1","host",
"1950","1.814169000","host","1.2.1",
"1951","1.815146000","1.2.1","host",
"1952","1.815162000","host","1.2.1",
"1953","1.817146000","1.2.1","host",
"1954","1.817161000","host","1.2.1",
"1955","1.819148000","1.2.1","host",
"1956","1.819168000","host","1.2.1",
"1957","1.822148000","1.2.1","host",
"1958","1.822169000","host","1.2.1",
"1959","1.825147000","1.2.1","host",
"1960","1.825164000","host","1.2.1",
"1961","1.828150000","1.2.1","host",
"1962","1.828173000","host","1.2.1",
"1963","1.829147000","1.2.1","host",
"1964","1.829164000","host","1.2.1",
"1965","1.831491000","host","1.7.0",
"1966","1.832860000","1.7.0","host",
"1967","1.833147000","1.2.1","host",
"1968","1.833168000","host","1.2.1",
"1969","1.836153000","1.2.1","host",
"1970","1.836175000","host","1.2.1",
"1971","1.841150000","1.2.1","host",
"1972","1.841173000","host","1.2.1",
"1973","1.847150000","1.2.1","host",
"1974","1.847176000","host","1.2.1",
"1975","1.853149000","1.2.1","host",
"1976","1.853172000","host","1.2.1",
"1977","1.860150000","1.2.1","host",
"1978","1.860174000","host","1.2.1",
"1979","1.868150000","1.2.1","host",
"1980","1.868175000","host","1.2.1",
"1981","1.875150000","1.2.1","host",
"1982","1.875174000","host","1.2.1",
"1983","1.880150000","1.2.1","host",
"1984","1.880174000","host","1.2.1",
"1985","1.884149000","1.2.1","host",
"1986","1.884173000","host","1.2.1",
"1987","1.886150000","1.2.1","host",
"1988","1.886170000","host","1.2.1",
"1989","1.890150000","1.2.1","host",
"1990","1.890171000","host","1.2.1",
"1991","1.895149000","1.2.1","host",
"1992","1.895170000","host","1.2.1",
"1993","1.896147000","1.2.1","host",
"1994","1.896165000","host","1.2.1",
"1995","1.896757000","host","1.7.0",
"1996","1.898135000","1.7.0","host",
"1997","1.901149000","1.2.1","host",
"1998","1.901172000","host","1.2.1",
"1999","1.907151000","1.2.1","host",
"2000","1.907177000","host","1.2.1",
"2001","1.913180000","1.2.1","host",
"2002","1.913207000","host","1.2.1",
"2003","1.920149000","1.2.1","host",
"2004","1.920173000","host","1.2.1",
"2005","1.930086000","host","1.7.0",
"2006","1.931527000","1.7.0","host",
"2007","1.990312000","1.2.3","host",
"2008","1.990333000","host","1.2.3",
"2009","1.990418000","1.2.1","host",
"2010","1.990431000","host","1.2.1",
"2011","1.995154000","1.2.3","host",
"2012","1.995175000","host","1.2.3",
"2013","1.996029000","host","1.7.0",
"2014","1.997529000","1.7.0","host",
"2015","2.060292000","host","1.7.0",
"2016","2.061733000","1.7.0","host",
"2017","2.094758000","host","1.7.0",
"2018","2.096156000","1.7.0","host",
"2019","2.096173000","1.2.3","host",
"2020","2.096181000","host","1.2.3",
"2021","2.130154000","1.2.3","host",
"2022","2.130177000","host","1.2.3",
"2023","2.146153000","1.2.3","host",
"2024","2.146173000","host","1.2.3",
"2025","2.160365000","host","1.7.0",
"2026","2.161731000","1.7.0","host",
"2027","2.163180000","1.2.3","host",
"2028","2.163197000","host","1.2.3",
"2029","2.180153000","1.2.3","host",
"2030","2.180174000","host","1.2.3",
"2031","2.226531000","host","1.7.0",
"2032","2.227861000","1.7.0","host",
"2033","2.230151000","1.2.3","host",
"2034","2.230170000","host","1.2.3",
"2035","2.292580000","host","1.7.0",
"2036","2.294011000","1.7.0","host",
"2037","2.325789000","host","1.7.0",
"2038","2.327236000","1.7.0","host",
"2039","2.359170000","host","1.7.0",
"2040","2.360605000","1.7.0","host",
"2041","2.392222000","host","1.7.0",
"2042","2.393605000","1.7.0","host",
"2043","2.457372000","host","1.7.0",
"2044","2.458857000","1.7.0","host",
"2045","2.490914000","host","1.7.0",
"2046","2.492419000","1.7.0","host",
"2047","2.523952000","host","1.7.0",
"2048","2.525529000","1.7.0","host",
"2049","2.589154000","host","1.7.0",
"2050","2.590608000","1.7.0","host",
"2051","2.623005000","host","1.7.0",
"2052","2.624526000","1.7.0","host",
"2053","2.689703000","host","1.7.0",
"2054","2.691133000","1.7.0","host",
"2055","2.755009000","host","1.7.0",
"2056","2.756360000","1.7.0","host",
"2057","2.788553000","host","1.7.0",
"2058","2.790032000","1.7.0","host",
"2059","2.853276000","host","1.7.0",
"2060","2.854729000","1.7.0","host",
"2061","2.887235000","host","1.7.0",
"2062","2.888731000","1.7.0","host",
"2063","2.952582000","host","1.7.0",
"2064","2.954006000","1.7.0","host",
"2065","2.985953000","host","1.7.0",
"2066","2.987384000","1.7.0","host",
"2067","3.051061000","host","1.7.0",
"2068","3.052522000","1.7.0","host",
"2069","3.085623000","host","1.7.0",
"2070","3.086981000","1.7.0","host",
"2071","3.150608000","host","1.7.0",
"2072","3.152131000","1.7.0","host",
"2073","3.183908000","host","1.7.0",
"2074","3.185385000","1.7.0","host",
"2075","3.217737000","host","1.7.0",
"2076","3.219331000","1.7.0","host",
"2077","3.282538000","host","1.7.0",
"2078","3.283979000","1.7.0","host",
"2079","3.315877000","host","1.7.0",
"2080","3.317303000","1.7.0","host",
"2081","3.380920000","host","1.7.0",
"2082","3.382357000","1.7.0","host",
"2083","3.414760000","host","1.7.0",
"2084","3.416156000","1.7.0","host",
"2085","3.448051000","host","1.7.0",
"2086","3.449548000","1.7.0","host",
"2087","3.513689000","host","1.7.0",
"2088","3.515130000","1.7.0","host",
"2089","3.547639000","host","1.7.0",
"2090","3.549135000","1.7.0","host",
"2091","3.612343000","host","1.7.0",
"2092","3.613880000","1.7.0","host",
"2093","3.678346000","host","1.7.0",
"2094","3.679756000","1.7.0","host",
"2095","3.711708000","host","1.7.0",
"2096","3.713128000","1.7.0","host",
"2097","3.778931000","host","1.7.0",
"2098","3.780359000","1.7.0","host",
"2099","3.843927000","host","1.7.0",
"2100","3.845357000","1.7.0","host",
"2101","3.899144000","1.2.1","host",
"2102","3.899170000","host","1.2.1",
"2103","3.899269000","1.2.3","host",
"2104","3.899274000","host","1.2.3",
"2105","3.905168000","1.2.3","host",
"2106","3.905192000","host","1.2.3",
"2107","3.909951000","host","1.7.0",
"2108","3.911356000","1.7.0","host",
"2109","3.922151000","1.2.3","host",
"2110","3.922178000","host","1.2.3",
"2111","3.939174000","1.2.3","host",
"2112","3.939195000","host","1.2.3",
"2113","3.943238000","host","1.7.0",
"2114","3.944726000","1.7.0","host",
"2115","3.956148000","1.2.3","host",
"2116","3.956170000","host","1.2.3",
"2117","4.007904000","host","1.7.0",
"2118","4.009356000","1.7.0","host",
"2119","4.041332000","host","1.7.0",
"2120","4.042725000","1.7.0","host",
"2121","4.075800000","host","1.7.0",
"2122","4.077301000","1.7.0","host",
"2123","4.124161000","1.2.3","host",
"2124","4.124182000","host","1.2.3",
"2125","4.141418000","host","1.7.0",
"2126","4.142852000","1.7.0","host",
"2127","4.206560000","host","1.7.0",
"2128","4.207974000","1.7.0","host",
"2129","4.239873000","host","1.7.0",
"2130","4.241355000","1.7.0","host",
"2131","4.305460000","host","1.7.0",
"2132","4.306876000","1.7.0","host",
"2133","4.339329000","host","1.7.0",
"2134","4.340723000","1.7.0","host",
"2135","4.406006000","host","1.7.0",
"2136","4.407519000","1.7.0","host",
"2137","4.470065000","host","1.7.0",
"2138","4.471597000","1.7.0","host",
"2139","4.503426000","host","1.7.0",
"2140","4.504850000","1.7.0","host",
"2141","4.536876000","host","1.7.0",
"2142","4.538300000","1.7.0","host",
"2143","4.602376000","host","1.7.0",
"2144","4.603848000","1.7.0","host",
"2145","4.636241000","host","1.7.0",
"2146","4.637723000","1.7.0","host",
"2147","4.701820000","host","1.7.0",
"2148","4.703354000","1.7.0","host",
"2149","4.736220000","host","1.7.0",
"2150","4.737722000","1.7.0","host",
"2151","4.801280000","host","1.7.0",
"2152","4.802720000","1.7.0","host",
"2153","4.834444000","host","1.7.0",
"2154","4.835853000","1.7.0","host",
"2155","4.867731000","host","1.7.0",
"2156","4.869326000","1.7.0","host",
"2157","4.880293000","1.2.1","host",
"2158","4.880315000","host","1.2.1",
"2159","4.880395000","1.2.3","host",
"2160","4.880402000","host","1.2.3",
"2161","4.894143000","1.2.3","host",
"2162","4.894162000","host","1.2.3",
"2163","4.932875000","host","1.7.0",
"2164","4.934398000","1.7.0","host",
"2165","4.994143000","1.2.3","host",
"2166","4.994163000","host","1.2.3",
"2167","5.000001000","host","1.7.0",
"2168","5.001355000","1.7.0","host",
"2169","5.028143000","1.2.3","host",
"2170","5.028164000","host","1.2.3",
"2171","5.045142000","1.2.3","host",
"2172","5.045162000","host","1.2.3",
"2173","5.063651000","host","1.7.0",
"2174","5.065124000","1.7.0","host",
"2175","5.078141000","1.2.3","host",
"2176","5.078160000","host","1.2.3",
"2177","5.097581000","host","1.7.0",
"2178","5.099024000","1.7.0","host",
"2179","5.164309000","host","1.7.0",
"2180","5.165846000","1.7.0","host",
"2181","5.179142000","1.2.3","host",
"2182","5.179161000","host","1.2.3",
"2183","5.229132000","host","1.7.0",
"2184","5.230597000","1.7.0","host",
"2185","5.295153000","host","1.7.0",
"2186","5.296594000","1.7.0","host",
"2187","5.328401000","host","1.7.0",
"2188","5.329847000","1.7.0","host",
"2189","5.362822000","host","1.7.0",
"2190","5.364324000","1.7.0","host",
"2191","5.396155000","host","1.7.0",
"2192","5.397596000","1.7.0","host",
"2193","5.460704000","host","1.7.0",
"2194","5.462123000","1.7.0","host",
"2195","5.527409000","host","1.7.0",
"2196","5.528846000","1.7.0","host",
"2197","5.560162000","1.2.1","host",
"2198","5.560187000","host","1.2.1",
"2199","5.560278000","1.2.3","host",
"2200","5.560283000","host","1.2.3",
"2201","5.564145000","1.2.3","host",
"2202","5.564171000","host","1.2.3",
"2203","5.593030000","host","1.7.0",
"2204","5.594514000","1.7.0","host",
"2205","5.657625000","host","1.7.0",
"2206","5.659123000","1.7.0","host",
"2207","5.686286000","1.2.1","host",
"2208","5.686314000","host","1.2.1",
"2209","5.686414000","1.2.3","host",
"2210","5.686421000","host","1.2.3",
"2211","5.692909000","host","1.7.0",
"2212","5.694374000","1.7.0","host",
"2213","5.698137000","1.2.3","host",
"2214","5.698154000","host","1.2.3",
"2215","5.732139000","1.2.3","host",
"2216","5.732159000","host","1.2.3",
"2217","5.757275000","host","1.7.0",
"2218","5.758718000","1.7.0","host",
"2219","5.823388000","host","1.7.0",
"2220","5.824870000","1.7.0","host",
"2221","5.831139000","1.2.3","host",
"2222","5.831160000","host","1.2.3",
"2223","5.856659000","host","1.7.0",
"2224","5.858120000","1.7.0","host",
"2225","5.922736000","host","1.7.0",
"2226","5.924123000","1.7.0","host",
"2227","5.989882000","host","1.7.0",
"2228","5.991372000","1.7.0","host",
"2229","6.055187000","host","1.7.0",
"2230","6.056591000","1.7.0","host",
"2231","6.119971000","host","1.7.0",
"2232","6.121378000","1.7.0","host",
"2233","6.186852000","host","1.7.0",
"2234","6.188293000","1.7.0","host",
"2235","6.194135000","1.2.1","host",
"2236","6.194160000","host","1.2.1",
"2237","6.194260000","1.2.3","host",
"2238","6.194267000","host","1.2.3",
"2239","6.201137000","1.2.3","host",
"2240","6.201156000","host","1.2.3",
"2241","6.253013000","host","1.7.0",
"2242","6.254512000","1.7.0","host",
"2243","6.318148000","host","1.7.0",
"2244","6.319589000","1.7.0","host",
"2245","6.352553000","host","1.7.0",
"2246","6.354018000","1.7.0","host",
"2247","6.418661000","host","1.7.0",
"2248","6.420144000","1.7.0","host",
"2249","6.480798000","host","1.2.0",
"2250","6.480883000","1.2.0","host",
"2251","6.484900000","host","1.7.0",
"2252","6.486346000","1.7.0","host",
"2253","6.490144000","1.2.3","host",
"2254","6.490160000","host","1.2.3",
"2255","6.522300000","1.2.1","host",
"2256","6.522327000","host","1.2.1",
"2257","6.522384000","1.2.3","host",
"2258","6.522391000","host","1.2.3",
"2259","6.524136000","1.2.3","host",
"2260","6.524153000","host","1.2.3",
"2261","6.550077000","host","1.7.0",
"2262","6.551537000","1.7.0","host",
"2263","6.615075000","host","1.7.0",
"2264","6.616510000","1.7.0","host",
"2265","6.648579000","host","1.7.0",
"2266","6.649992000","1.7.0","host",
"2267","6.681920000","host","1.7.0",
"2268","6.683347000","1.7.0","host",
"2269","6.748625000","host","1.7.0",
"2270","6.750145000","1.7.0","host",
"2271","6.813837000","host","1.7.0",
"2272","6.815315000","1.7.0","host",
"2273","6.879323000","host","1.7.0",
"2274","6.880718000","1.7.0","host",
"2275","6.945388000","host","1.7.0",
"2276","6.946713000","1.7.0","host",
"2277","6.978607000","host","1.7.0",
"2278","6.979989000","1.7.0","host",
"2279","7.044488000","host","1.7.0",
"2280","7.045866000","1.7.0","host",
"2281","7.078055000","host","1.7.0",
"2282","7.079534000","1.7.0","host",
"2283","7.129155000","1.2.1","host",
"2284","7.129178000","host","1.2.1",
"2285","7.129275000","1.2.3","host",
"2286","7.129281000","host","1.2.3",
"2287","7.139134000","1.2.3","host",
"2288","7.139152000","host","1.2.3",
"2289","7.144846000","host","1.7.0",
"2290","7.146289000","1.7.0","host",
"2291","7.205162000","1.2.3","host",
"2292","7.205182000","host","1.2.3",
"2293","7.209300000","host","1.7.0",
"2294","7.210715000","1.7.0","host",
"2295","7.242656000","host","1.7.0",
"2296","7.244153000","1.7.0","host",
"2297","7.274280000","1.2.1","host",
"2298","7.274302000","host","1.2.1",
"2299","7.274405000","1.2.3","host",
"2300","7.274412000","host","1.2.3",
"2301","7.276277000","host","1.7.0",
"2302","7.277712000","1.7.0","host",
"2303","7.289134000","1.2.3","host",
"2304","7.289154000","host","1.2.3",
"2305","7.341812000","host","1.7.0",
"2306","7.343310000","1.7.0","host",
"2307","7.356199000","1.2.3","host",
"2308","7.356278000","host","1.2.3",
"2309","7.408275000","host","1.7.0",
"2310","7.409730000","1.7.0","host",
"2311","7.473846000","host","1.7.0",
"2312","7.475395000","1.7.0","host",
"2313","7.538235000","host","1.7.0",
"2314","7.539713000","1.7.0","host",
"2315","7.572293000","host","1.7.0",
"2316","7.573711000","1.7.0","host",
"2317","7.606045000","host","1.7.0",
"2318","7.607531000","1.7.0","host",
"2319","7.630154000","1.2.1","host",
"2320","7.630175000","host","1.2.1",
"2321","7.630262000","1.2.3","host",
"2322","7.630267000","host","1.2.3",
"2323","7.641199000","1.2.3","host",
"2324","7.641219000","host","1.2.3",
"2325","7.671469000","host","1.7.0",
"2326","7.672839000","1.7.0","host",
"2327","7.674129000","1.2.3","host",
"2328","7.674137000","host","1.2.3",
"2329","7.738056000","host","1.7.0",
"2330","7.739532000","1.7.0","host",
"2331","7.804150000","host","1.7.0",
"2332","7.805531000","1.7.0","host",
"2333","7.869606000","host","1.7.0",
"2334","7.870990000","1.7.0","host",
"2335","7.902963000","host","1.7.0",
"2336","7.904532000","1.7.0","host",
"2337","7.969432000","host","1.7.0",
"2338","7.970861000","1.7.0","host",
"2339","8.034083000","host","1.7.0",
"2340","8.035612000","1.7.0","host",
"2341","8.068053000","host","1.7.0",
"2342","8.069530000","1.7.0","host",
"2343","8.110155000","1.2.3","host",
"2344","8.110171000","host","1.2.3",
"2345","8.134440000","host","1.7.0",
"2346","8.135861000","1.7.0","host",
"2347","8.193230000","1.2.3","host",
"2348","8.193248000","host","1.2.3",
"2349","8.199630000","host","1.7.0",
"2350","8.201111000","1.7.0","host",
"2351","8.265496000","host","1.7.0",
"2352","8.266986000","1.7.0","host",
"2353","8.299008000","host","1.7.0",
"2354","8.300529000","1.7.0","host",
"2355","8.363813000","host","1.7.0",
"2356","8.365338000","1.7.0","host",
"2357","8.397484000","host","1.7.0",
"2358","8.399023000","1.7.0","host",
"2359","8.430713000","host","1.7.0",
"2360","8.432143000","1.7.0","host",
"2361","8.461179000","1.2.3","host",
"2362","8.461260000","host","1.2.3",
"2363","8.464359000","host","1.7.0",
"2364","8.465714000","1.7.0","host",
"2365","8.498047000","host","1.7.0",
"2366","8.499531000","1.7.0","host",
"2367","8.562535000","host","1.7.0",
"2368","8.564014000","1.7.0","host",
"2369","8.595958000","host","1.7.0",
"2370","8.597342000","1.7.0","host",
"2371","8.629175000","host","1.7.0",
"2372","8.630608000","1.7.0","host",
"2373","8.694623000","host","1.7.0",
"2374","8.696111000","1.7.0","host",
"2375","8.760876000","host","1.7.0",
"2376","8.762389000","1.7.0","host",
"2377","8.779152000","1.2.3","host",
"2378","8.779168000","host","1.2.3",
"2379","8.794479000","host","1.7.0",
"2380","8.795792000","1.7.0","host",
"2381","8.858795000","host","1.7.0",
"2382","8.860312000","1.7.0","host",
"2383","8.892567000","host","1.7.0",
"2384","8.894011000","1.7.0","host",
"2385","8.925856000","host","1.7.0",
"2386","8.927283000","1.7.0","host",
"2387","8.958850000","host","1.7.0",
"2388","8.960259000","1.7.0","host",
"2389","9.024580000","host","1.7.0",
"2390","9.026113000","1.7.0","host",
"2391","9.029171000","1.2.3","host",
"2392","9.029254000","host","1.2.3",
"2393","9.091315000","host","1.7.0",
"2394","9.092734000","1.7.0","host",
"2395","9.124371000","host","1.7.0",
"2396","9.125734000","1.7.0","host",
"2397","9.188494000","host","1.7.0",
"2398","9.189982000","1.7.0","host",
"2399","9.223849000","host","1.7.0",
"2400","9.225281000","1.7.0","host",
"2401","9.288551000","host","1.7.0",
"2402","9.289992000","1.7.0","host",
"2403","9.322398000","host","1.7.0",
"2404","9.323858000","1.7.0","host",
"2405","9.364133000","1.2.3","host",
"2406","9.364151000","host","1.2.3",
"2407","9.388314000","host","1.7.0",
"2408","9.389730000","1.7.0","host",
"2409","9.447152000","1.2.3","host",
"2410","9.447171000","host","1.2.3",
"2411","9.453344000","host","1.7.0",
"2412","9.454705000","1.7.0","host",
"2413","9.486974000","host","1.7.0",
"2414","9.488388000","1.7.0","host",
"2415","9.520275000","host","1.7.0",
"2416","9.521724000","1.7.0","host",
"2417","9.585403000","host","1.7.0",
"2418","9.586855000","1.7.0","host",
"2419","9.651708000","host","1.7.0",
"2420","9.653134000","1.7.0","host",
"2421","9.685026000","host","1.7.0",
"2422","9.686506000","1.7.0","host",
"2423","9.750998000","host","1.7.0",
"2424","9.752498000","1.7.0","host",
"2425","9.816796000","host","1.7.0",
"2426","9.818336000","1.7.0","host",
"2427","9.850748000","host","1.7.0",
"2428","9.852305000","1.7.0","host",
"2429","9.897310000","1.2.1","host",
"2430","9.897393000","host","1.2.1",
"2431","9.897404000","1.2.3","host",
"2432","9.897409000","host","1.2.3",
"2433","9.899142000","1.2.3","host",
"2434","9.899157000","host","1.2.3",
"2435","9.915295000","host","1.7.0",
"2436","9.916210000","1.2.3","host",
"2437","9.916289000","host","1.2.3",
"2438","9.916728000","1.7.0","host",
"2439","9.932151000","1.2.3","host",
"2440","9.932172000","host","1.2.3",
"2441","9.949145000","1.2.3","host",
"2442","9.949167000","host","1.2.3",
"2443","9.965125000","1.2.3","host",
"2444","9.965145000","host","1.2.3",
"2445","9.982766000","host","1.7.0",
"2446","9.984279000","1.7.0","host",
"2447","9.999121000","1.2.3","host",
"2448","9.999135000","host","1.2.3",
"2449","10.032124000","1.2.3","host",
"2450","10.032145000","host","1.2.3",
"2451","10.047035000","host","1.7.0",
"2452","10.048498000","1.7.0","host",
"2453","10.066147000","1.2.3","host",
"2454","10.066230000","host","1.2.3",
"2455","10.080524000","host","1.7.0",
"2456","10.081916000","1.7.0","host",
"2457","10.083138000","1.2.3","host",
"2458","10.083231000","host","1.2.3",
"2459","10.133177000","1.2.3","host",
"2460","10.133251000","host","1.2.3",
"2461","10.146731000","host","1.7.0",
"2462","10.148107000","1.7.0","host",
"2463","10.179902000","host","1.7.0",
"2464","10.181392000","1.7.0","host",
"2465","10.213432000","host","1.7.0",
"2466","10.214877000","1.7.0","host",
"2467","10.278996000","host","1.7.0",
"2468","10.280497000","1.7.0","host",
"2469","10.312227000","host","1.7.0",
"2470","10.313585000","1.7.0","host",
"2471","10.377593000","host","1.7.0",
"2472","10.379080000","1.7.0","host",
"2473","10.443584000","host","1.7.0",
"2474","10.445015000","1.7.0","host",
"2475","10.509216000","host","1.7.0",
"2476","10.510701000","1.7.0","host",
"2477","10.543042000","host","1.7.0",
"2478","10.544521000","1.7.0","host",
"2479","10.607941000","host","1.7.0",
"2480","10.609358000","1.7.0","host",
"2481","10.675911000","host","1.7.0",
"2482","10.677357000","1.7.0","host",
"2483","10.740835000","host","1.7.0",
"2484","10.742231000","1.7.0","host",
"2485","10.806054000","host","1.7.0",
"2486","10.807574000","1.7.0","host",
"2487","10.840698000","host","1.7.0",
"2488","10.842101000","1.7.0","host",
"2489","10.906334000","host","1.7.0",
"2490","10.907725000","1.7.0","host",
"2491","10.939439000","host","1.7.0",
"2492","10.940852000","1.7.0","host",
"2493","11.005011000","host","1.7.0",
"2494","11.006494000","1.7.0","host",
"2495","11.038336000","host","1.7.0",
"2496","11.039699000","1.7.0","host",
"2497","11.071647000","host","1.7.0",
"2498","11.073127000","1.7.0","host",
"2499","11.136621000","host","1.7.0",
"2500","11.138102000","1.7.0","host",
"2501","11.170016000","host","1.7.0",
"2502","11.171520000","1.7.0","host",
"2503","11.234490000","host","1.7.0",
"2504","11.235977000","1.7.0","host",
"2505","11.268523000","host","1.7.0",
"2506","11.269975000","1.7.0","host",
"2507","11.334463000","host","1.7.0",
"2508","11.335848000","1.7.0","host",
"2509","11.399978000","host","1.7.0",
"2510","11.401355000","1.7.0","host",
"2511","11.457116000","1.2.1","host",
"2512","11.457141000","host","1.2.1",
"2513","11.457242000","1.2.3","host",
"2514","11.457247000","host","1.2.3",
"2515","11.466948000","host","1.7.0",
"2516","11.468492000","1.7.0","host",
"2517","11.472141000","1.2.3","host",
"2518","11.472228000","host","1.2.3",
"2519","11.489143000","1.2.3","host",
"2520","11.489226000","host","1.2.3",
"2521","11.506119000","1.2.3","host",
"2522","11.506140000","host","1.2.3",
"2523","11.522144000","1.2.3","host",
"2524","11.522228000","host","1.2.3",
"2525","11.532624000","host","1.7.0",
"2526","11.533896000","1.7.0","host",
"2527","11.539116000","1.2.3","host",
"2528","11.539131000","host","1.2.3",
"2529","11.566522000","host","1.7.0",
"2530","11.567985000","1.7.0","host",
"2531","11.600238000","1.2.1","host",
"2532","11.600259000","host","1.2.1",
"2533","11.600364000","1.2.3","host",
"2534","11.600370000","host","1.2.3",
"2535","11.606118000","1.2.3","host",
"2536","11.606141000","host","1.2.3",
"2537","11.631140000","host","1.7.0",
"2538","11.632572000","1.7.0","host",
"2539","11.657117000","1.2.3","host",
"2540","11.657138000","host","1.2.3",
"2541","11.664313000","host","1.7.0",
"2542","11.665722000","1.7.0","host",
"2543","11.699204000","host","1.7.0",
"2544","11.700606000","1.7.0","host",
"2545","11.742112000","1.2.1","host",
"2546","11.742133000","host","1.2.1",
"2547","11.742240000","1.2.3","host",
"2548","11.742246000","host","1.2.3",
"2549","11.757136000","1.2.3","host",
"2550","11.757156000","host","1.2.3",
"2551","11.765215000","host","1.7.0",
"2552","11.766722000","1.7.0","host",
"2553","11.773115000","1.2.3","host",
"2554","11.773131000","host","1.2.3",
"2555","11.828971000","host","1.7.0",
"2556","11.830492000","1.7.0","host",
"2557","11.862770000","host","1.7.0",
"2558","11.864272000","1.7.0","host",
"2559","11.901267000","1.2.1","host",
"2560","11.901350000","host","1.2.1",
"2561","11.901362000","1.2.3","host",
"2562","11.901366000","host","1.2.3",
"2563","11.907116000","1.2.3","host",
"2564","11.907133000","host","1.2.3",
"2565","11.928293000","host","1.7.0",
"2566","11.929733000","1.7.0","host",
"2567","11.940141000","1.2.3","host",
"2568","11.940157000","host","1.2.3",
"2569","11.961747000","host","1.7.0",
"2570","11.963125000","1.7.0","host",
"2571","11.991144000","1.2.3","host",
"2572","11.991161000","host","1.2.3",
"2573","12.024218000","1.2.3","host",
"2574","12.024239000","host","1.2.3",
"2575","12.027560000","host","1.7.0",
"2576","12.028999000","1.7.0","host",
"2577","12.074117000","1.2.3","host",
"2578","12.074138000","host","1.2.3",
"2579","12.092856000","host","1.7.0",
"2580","12.094271000","1.7.0","host",
"2581","12.127101000","host","1.7.0",
"2582","12.128490000","1.7.0","host",
"2583","12.158145000","1.2.3","host",
"2584","12.158161000","host","1.2.3",
"2585","12.192448000","host","1.7.0",
"2586","12.193849000","1.7.0","host",
"2587","12.225696000","host","1.7.0",
"2588","12.227099000","1.7.0","host",
"2589","12.290847000","host","1.7.0",
"2590","12.292199000","1.7.0","host",
"2591","12.324211000","host","1.7.0",
"2592","12.325745000","1.7.0","host",
"2593","12.390829000","host","1.7.0",
"2594","12.392200000","1.7.0","host",
"2595","12.455588000","host","1.7.0",
"2596","12.457096000","1.7.0","host",
"2597","12.490344000","host","1.7.0",
"2598","12.491789000","1.7.0","host",
"2599","12.554593000","host","1.7.0",
"2600","12.556098000","1.7.0","host",
"2601","12.588749000","host","1.7.0",
"2602","12.590270000","1.7.0","host",
"2603","12.622283000","host","1.7.0",
"2604","12.623759000","1.7.0","host",
"2605","12.687485000","host","1.7.0",
"2606","12.689000000","1.7.0","host",
"2607","12.754061000","host","1.7.0",
"2608","12.755596000","1.7.0","host",
"2609","12.787712000","host","1.7.0",
"2610","12.789268000","1.7.0","host",
"2611","12.823259000","1.2.1","host",
"2612","12.823281000","host","1.2.1",
"2613","12.823290000","1.2.3","host",
"2614","12.823295000","host","1.2.3",
"2615","12.827114000","1.2.3","host",
"2616","12.827133000","host","1.2.3",
"2617","12.844114000","1.2.3","host",
"2618","12.844135000","host","1.2.3",
"2619","12.852589000","host","1.7.0",
"2620","12.853929000","1.7.0","host",
"2621","12.919448000","host","1.7.0",
"2622","12.920869000","1.7.0","host",
"2623","12.985610000","host","1.7.0",
"2624","12.987121000","1.7.0","host",
"2625","13.050529000","host","1.7.0",
"2626","13.051972000","1.7.0","host",
"2627","13.084495000","host","1.7.0",
"2628","13.085881000","1.7.0","host",
"2629","13.150057000","host","1.7.0",
"2630","13.151486000","1.7.0","host",
"2631","13.212140000","1.2.3","host",
"2632","13.212158000","host","1.2.3",
"2633","13.215526000","host","1.7.0",
"2634","13.216818000","1.7.0","host",
"2635","13.283028000","host","1.7.0",
"2636","13.284512000","1.7.0","host",
"2637","13.295179000","1.2.3","host",
"2638","13.295194000","host","1.2.3",
"2639","13.316380000","host","1.7.0",
"2640","13.317844000","1.7.0","host",
"2641","13.329134000","1.2.3","host",
"2642","13.329218000","host","1.2.3",
"2643","13.346113000","1.2.3","host",
"2644","13.346134000","host","1.2.3",
"2645","13.380288000","host","1.7.0",
"2646","13.381736000","1.7.0","host",
"2647","13.414689000","host","1.7.0",
"2648","13.416136000","1.7.0","host",
"2649","13.479761000","host","1.7.0",
"2650","13.481321000","1.7.0","host",
"2651","13.513699000","host","1.7.0",
"2652","13.515124000","1.7.0","host",
"2653","13.578787000","host","1.7.0",
"2654","13.580292000","1.7.0","host",
"2655","13.643957000","host","1.7.0",
"2656","13.645346000","1.7.0","host",
"2657","13.678152000","host","1.7.0",
"2658","13.679564000","1.7.0","host",
"2659","13.698113000","1.2.3","host",
"2660","13.698129000","host","1.2.3",
"2661","13.742882000","host","1.7.0",
"2662","13.744322000","1.7.0","host",
"2663","13.809893000","host","1.7.0",
"2664","13.811320000","1.7.0","host",
"2665","13.849110000","1.2.3","host",
"2666","13.849130000","host","1.2.3",
"2667","13.876044000","host","1.7.0",
"2668","13.877588000","1.7.0","host",
"2669","13.909161000","host","1.7.0",
"2670","13.910584000","1.7.0","host",
"2671","13.973982000","host","1.7.0",
"2672","13.975509000","1.7.0","host",
"2673","14.007819000","host","1.7.0",
"2674","14.009319000","1.7.0","host",
"2675","14.074620000","host","1.7.0",
"2676","14.076067000","1.7.0","host",
"2677","14.138991000","host","1.7.0",
"2678","14.140506000","1.7.0","host",
"2679","14.173061000","host","1.7.0",
"2680","14.174483000","1.7.0","host",
"2681","14.238893000","host","1.7.0",
"2682","14.240318000","1.7.0","host",
"2683","14.251269000","1.2.1","host",
"2684","14.251340000","host","1.2.1",
"2685","14.251356000","1.2.3","host",
"2686","14.251362000","host","1.2.3",
"2687","14.252104000","1.2.3","host",
"2688","14.252118000","host","1.2.3",
"2689","14.305097000","host","1.7.0",
"2690","14.306588000","1.7.0","host",
"2691","14.338198000","host","1.7.0",
"2692","14.339718000","1.7.0","host",
"2693","14.368126000","1.2.3","host",
"2694","14.368142000","host","1.2.3",
"2695","14.404060000","host","1.7.0",
"2696","14.405507000","1.7.0","host",
"2697","14.419140000","1.2.3","host",
"2698","14.419162000","host","1.2.3",
"2699","14.452167000","1.2.3","host",
"2700","14.452271000","host","1.2.3",
"2701","14.469102000","host","1.7.0",
"2702","14.469109000","1.2.3","host",
"2703","14.469116000","host","1.2.3",
"2704","14.470560000","1.7.0","host",
"2705","14.486107000","1.2.3","host",
"2706","14.486128000","host","1.2.3",
"2707","14.502985000","host","1.7.0",
"2708","14.503108000","1.2.3","host",
"2709","14.503122000","host","1.2.3",
"2710","14.504481000","1.7.0","host",
"2711","14.553140000","1.2.3","host",
"2712","14.553184000","host","1.2.3",
"2713","14.569189000","host","1.7.0",
"2714","14.570563000","1.7.0","host",
"2715","14.602591000","host","1.7.0",
"2716","14.603897000","1.7.0","host",
"2717","14.667995000","host","1.7.0",
"2718","14.669344000","1.7.0","host",
"2719","14.733502000","host","1.7.0",
"2720","14.734969000","1.7.0","host",
"2721","14.800271000","host","1.7.0",
"2722","14.801715000","1.7.0","host",
"2723","14.865724000","host","1.7.0",
"2724","14.867287000","1.7.0","host",
"2725","14.899448000","host","1.7.0",
"2726","14.900835000","1.7.0","host",
"2727","14.932931000","host","1.7.0",
"2728","14.934341000","1.7.0","host",
"2729","14.966119000","host","1.7.0",
"2730","14.967584000","1.7.0","host",
"2731","15.030539000","host","1.7.0",
"2732","15.031987000","1.7.0","host",
"2733","15.096270000","host","1.7.0",
"2734","15.097735000","1.7.0","host",
"2735","15.129394000","host","1.7.0",
"2736","15.130836000","1.7.0","host",
"2737","15.162722000","host","1.7.0",
"2738","15.164113000","1.7.0","host",
"2739","15.228373000","host","1.7.0",
"2740","15.229834000","1.7.0","host",
"2741","15.261569000","host","1.7.0",
"2742","15.263086000","1.7.0","host",
"2743","15.326681000","host","1.7.0",
"2744","15.328188000","1.7.0","host",
"2745","15.361666000","host","1.7.0",
"2746","15.363061000","1.7.0","host",
"2747","15.395035000","host","1.7.0",
"2748","15.396477000","1.7.0","host",
"2749","15.459341000","host","1.7.0",
"2750","15.460812000","1.7.0","host",
"2751","15.525274000","host","1.7.0",
"2752","15.526708000","1.7.0","host",
"2753","15.558690000","host","1.7.0",
"2754","15.560096000","1.7.0","host",
"2755","15.624217000","host","1.7.0",
"2756","15.625709000","1.7.0","host",
"2757","15.690056000","host","1.7.0",
"2758","15.691478000","1.7.0","host",
"2759","15.724137000","host","1.7.0",
"2760","15.725654000","1.7.0","host",
"2761","15.790003000","host","1.7.0",
"2762","15.791477000","1.7.0","host",
"2763","15.855270000","host","1.7.0",
"2764","15.856708000","1.7.0","host",
"2765","15.888936000","host","1.7.0",
"2766","15.890289000","1.7.0","host",
"2767","15.954449000","host","1.7.0",
"2768","15.955861000","1.7.0","host",
"2769","15.967124000","1.2.1","host",
"2770","15.967146000","host","1.2.1",
"2771","15.967259000","1.2.3","host",
"2772","15.967264000","host","1.2.3",
"2773","15.976126000","1.2.3","host",
"2774","15.976210000","host","1.2.3",
"2775","15.988635000","host","1.7.0",
"2776","15.990061000","1.7.0","host",
"2777","15.993124000","1.2.3","host",
"2778","15.993209000","host","1.2.3",
"2779","16.054474000","host","1.7.0",
"2780","16.055964000","1.7.0","host",
"2781","16.087562000","host","1.7.0",
"2782","16.089093000","1.7.0","host",
"2783","16.152133000","host","1.7.0",
"2784","16.153581000","1.7.0","host",
"2785","16.185867000","host","1.7.0",
"2786","16.187337000","1.7.0","host",
"2787","16.219886000","host","1.7.0",
"2788","16.221337000","1.7.0","host",
"2789","16.253397000","host","1.7.0",
"2790","16.254855000","1.7.0","host",
"2791","16.294125000","1.2.3","host",
"2792","16.294142000","host","1.2.3",
"2793","16.317372000","host","1.7.0",
"2794","16.318836000","1.7.0","host",
"2795","16.350743000","host","1.7.0",
"2796","16.352213000","1.7.0","host",
"2797","16.378127000","1.2.3","host",
"2798","16.378148000","host","1.2.3",
"2799","16.416483000","host","1.7.0",
"2800","16.417987000","1.7.0","host",
"2801","16.449859000","host","1.7.0",
"2802","16.451336000","1.7.0","host",
"2803","16.462122000","1.2.3","host",
"2804","16.462140000","host","1.2.3",
"2805","16.496130000","1.2.3","host",
"2806","16.496212000","host","1.2.3",
"2807","16.516004000","host","1.7.0",
"2808","16.517393000","1.7.0","host",
"2809","16.581768000","host","1.7.0",
"2810","16.583257000","1.7.0","host",
"2811","16.615091000","host","1.7.0",
"2812","16.616583000","1.7.0","host",
"2813","16.680276000","host","1.7.0",
"2814","16.681755000","1.7.0","host",
"2815","16.697123000","1.2.3","host",
"2816","16.697205000","host","1.2.3",
"2817","16.713953000","host","1.7.0",
"2818","16.715310000","1.7.0","host",
"2819","16.730167000","1.2.3","host",
"2820","16.730245000","host","1.2.3",
"2821","16.779148000","host","1.7.0",
"2822","16.780650000","1.7.0","host",
"2823","16.845687000","host","1.7.0",
"2824","16.847106000","1.7.0","host",
"2825","16.864154000","1.2.3","host",
"2826","16.864234000","host","1.2.3",
"2827","16.910912000","host","1.7.0",
"2828","16.912340000","1.7.0","host",
"2829","16.945009000","host","1.7.0",
"2830","16.946497000","1.7.0","host",
"2831","16.978855000","host","1.7.0",
"2832","16.980333000","1.7.0","host",
"2833","17.044296000","host","1.7.0",
"2834","17.045859000","1.7.0","host",
"2835","17.106247000","1.2.1","host",
"2836","17.106273000","host","1.2.1",
"2837","17.106284000","1.2.3","host",
"2838","17.106288000","host","1.2.3",
"2839","17.110274000","host","1.7.0",
"2840","17.111702000","1.7.0","host",
"2841","17.116095000","1.2.3","host",
"2842","17.116112000","host","1.2.3",
"2843","17.149160000","1.2.3","host",
"2844","17.149240000","host","1.2.3",
"2845","17.176091000","host","1.7.0",
"2846","17.177629000","1.7.0","host",
"2847","17.216128000","1.2.3","host",
"2848","17.216193000","host","1.2.3",
"2849","17.241654000","host","1.7.0",
"2850","17.243077000","1.7.0","host",
"2851","17.249119000","1.2.3","host",
"2852","17.249199000","host","1.2.3",
"2853","17.283124000","1.2.3","host",
"2854","17.283145000","host","1.2.3",
"2855","17.299102000","1.2.3","host",
"2856","17.299129000","host","1.2.3",
"2857","17.307038000","host","1.7.0",
"2858","17.308471000","1.7.0","host",
"2859","17.316118000","1.2.3","host",
"2860","17.316210000","host","1.2.3",
"2861","17.333124000","1.2.3","host",
"2862","17.333145000","host","1.2.3",
"2863","17.373616000","host","1.7.0",
"2864","17.375091000","1.7.0","host",
"2865","17.383130000","1.2.3","host",
"2866","17.383217000","host","1.2.3",
"2867","17.440100000","host","1.7.0",
"2868","17.441576000","1.7.0","host",
"2869","17.505527000","host","1.7.0",
"2870","17.507034000","1.7.0","host",
"2871","17.570619000","host","1.7.0",
"2872","17.572079000","1.7.0","host",
"2873","17.604642000","host","1.7.0",
"2874","17.606277000","1.7.0","host",
"2875","17.670935000","host","1.7.0",
"2876","17.672331000","1.7.0","host",
"2877","17.704657000","host","1.7.0",
"2878","17.706106000","1.7.0","host",
"2879","17.770638000","host","1.7.0",
"2880","17.772077000","1.7.0","host",
"2881","17.835007000","host","1.7.0",
"2882","17.836471000","1.7.0","host",
"2883","17.869498000","host","1.7.0",
"2884","17.870958000","1.7.0","host",
"2885","17.934934000","host","1.7.0",
"2886","17.936326000","1.7.0","host",
"2887","18.001224000","host","1.7.0",
"2888","18.002602000","1.7.0","host",
"2889","18.066163000","host","1.7.0",
"2890","18.067726000","1.7.0","host",
"2891","18.131321000","host","1.7.0",
"2892","18.132682000","1.7.0","host",
"2893","18.166170000","host","1.7.0",
"2894","18.167725000","1.7.0","host",
"2895","18.230801000","host","1.7.0",
"2896","18.232178000","1.7.0","host",
"2897","18.264217000","host","1.7.0",
"2898","18.265724000","1.7.0","host",
"2899","18.330459000","host","1.7.0",
"2900","18.331974000","1.7.0","host",
"2901","18.396416000","host","1.7.0",
"2902","18.397976000","1.7.0","host",
"2903","18.462008000","host","1.7.0",
"2904","18.463468000","1.7.0","host",
"2905","18.495119000","host","1.7.0",
"2906","18.496546000","1.7.0","host",
"2907","18.528420000","host","1.7.0",
"2908","18.529824000","1.7.0","host",
"2909","18.561616000","host","1.7.0",
"2910","18.563097000","1.7.0","host",
"2911","18.595437000","host","1.7.0",
"2912","18.596850000","1.7.0","host",
"2913","18.648134000","1.2.1","host",
"2914","18.648218000","host","1.2.1",
"2915","18.648229000","1.2.3","host",
"2916","18.648234000","host","1.2.3",
"2917","18.656148000","1.2.3","host",
"2918","18.656226000","host","1.2.3",
"2919","18.662035000","host","1.7.0",
"2920","18.663467000","1.7.0","host",
"2921","18.673091000","1.2.3","host",
"2922","18.673111000","host","1.2.3",
"2923","18.707100000","1.2.3","host",
"2924","18.707121000","host","1.2.3",
"2925","18.723150000","1.2.3","host",
"2926","18.723227000","host","1.2.3",
"2927","18.726351000","host","1.7.0",
"2928","18.727838000","1.7.0","host",
"2929","18.759770000","host","1.7.0",
"2930","18.761305000","1.7.0","host",
"2931","18.826291000","host","1.7.0",
"2932","18.827725000","1.7.0","host",
"2933","18.892728000","host","1.7.0",
"2934","18.894181000","1.7.0","host",
"2935","18.957754000","host","1.7.0",
"2936","18.959175000","1.7.0","host",
"2937","19.023193000","host","1.7.0",
"2938","19.024720000","1.7.0","host",
"2939","19.025114000","1.2.3","host",
"2940","19.025130000","host","1.2.3",
"2941","19.057818000","host","1.7.0",
"2942","19.059201000","1.7.0","host",
"2943","19.091137000","1.2.3","host",
"2944","19.091188000","host","1.2.3",
"2945","19.122944000","host","1.7.0",
"2946","19.124490000","1.7.0","host",
"2947","19.125128000","1.2.3","host",
"2948","19.125222000","host","1.2.3",
"2949","19.175098000","1.2.3","host",
"2950","19.175118000","host","1.2.3",
"2951","19.187420000","host","1.7.0",
"2952","19.188948000","1.7.0","host",
"2953","19.221596000","host","1.7.0",
"2954","19.222922000","1.7.0","host",
"2955","19.254851000","host","1.7.0",
"2956","19.256300000","1.7.0","host",
"2957","19.320839000","host","1.7.0",
"2958","19.322325000","1.7.0","host",
"2959","19.377197000","1.2.3","host",
"2960","19.377217000","host","1.2.3",
"2961","19.388406000","host","1.7.0",
"2962","19.389922000","1.7.0","host",
"2963","19.452054000","host","1.7.0",
"2964","19.453464000","1.7.0","host",
"2965","19.485322000","host","1.7.0",
"2966","19.486719000","1.7.0","host",
"2967","19.552018000","host","1.7.0",
"2968","19.553488000","1.7.0","host",
"2969","19.580213000","1.2.1","host",
"2970","19.580234000","host","1.2.1",
"2971","19.580244000","1.2.3","host",
"2972","19.580248000","host","1.2.3",
"2973","19.585089000","host","1.7.0",
"2974","19.586637000","1.7.0","host",
"2975","19.594086000","1.2.3","host",
"2976","19.594102000","host","1.2.3",
"2977","19.611115000","1.2.3","host",
"2978","19.611136000","host","1.2.3",
"2979","19.628091000","1.2.3","host",
"2980","19.628112000","host","1.2.3",
"2981","19.644148000","1.2.3","host",
"2982","19.644228000","host","1.2.3",
"2983","19.650570000","host","1.7.0",
"2984","19.651920000","1.7.0","host",
"2985","19.695115000","1.2.3","host",
"2986","19.695134000","host","1.2.3",
"2987","19.712118000","1.2.3","host",
"2988","19.712140000","host","1.2.3",
"2989","19.717173000","host","1.7.0",
"2990","19.718693000","1.7.0","host",
"2991","19.745122000","1.2.3","host",
"2992","19.745140000","host","1.2.3",
"2993","19.782309000","host","1.7.0",
"2994","19.783701000","1.7.0","host",
"2995","19.816217000","host","1.7.0",
"2996","19.817693000","1.7.0","host",
"2997","19.881128000","host","1.7.0",
"2998","19.882567000","1.7.0","host",
"2999","19.914395000","host","1.7.0",
"3000","19.915943000","1.7.0","host",
"3001","19.979409000","host","1.7.0",
"3002","19.980970000","1.7.0","host",
"3003","20.015258000","host","1.7.0",
"3004","20.016708000","1.7.0","host",
"3005","20.079498000","host","1.7.0",
"3006","20.080945000","1.7.0","host",
"3007","20.113338000","host","1.7.0",
"3008","20.114847000","1.7.0","host",
"3009","20.178282000","host","1.7.0",
"3010","20.179723000","1.7.0","host",
"3011","20.211519000","host","1.7.0",
"3012","20.212969000","1.7.0","host",
"3013","20.277412000","host","1.7.0",
"3014","20.278918000","1.7.0","host",
"3015","20.343674000","host","1.7.0",
"3016","20.345192000","1.7.0","host",
"3017","20.409354000","host","1.7.0",
"3018","20.410841000","1.7.0","host",
"3019","20.475327000","host","1.7.0",
"3020","20.476841000","1.7.0","host",
"3021","20.509450000","host","1.7.0",
"3022","20.511029000","1.7.0","host",
"3023","20.575156000","host","1.7.0",
"3024","20.576688000","1.7.0","host",
"3025","20.641355000","host","1.7.0",
"3026","20.642791000","1.7.0","host",
"3027","20.706362000","host","1.7.0",
"3028","20.707843000","1.7.0","host",
"3029","20.773680000","host","1.7.0",
"3030","20.775092000","1.7.0","host",
"3031","20.838378000","host","1.7.0",
"3032","20.839814000","1.7.0","host",
"3033","20.889128000","1.2.1","host",
"3034","20.889211000","host","1.2.1",
"3035","20.889222000","1.2.3","host",
"3036","20.889227000","host","1.2.3",
"3037","20.898123000","1.2.3","host",
"3038","20.898141000","host","1.2.3",
"3039","20.905058000","host","1.7.0",
"3040","20.906458000","1.7.0","host",
"3041","20.931108000","1.2.3","host",
"3042","20.931190000","host","1.2.3",
"3043","20.938379000","host","1.7.0",
"3044","20.939791000","1.7.0","host",
"3045","20.948086000","1.2.3","host",
"3046","20.948104000","host","1.2.3",
"3047","20.998134000","1.2.3","host",
"3048","20.998211000","host","1.2.3",
"3049","21.002816000","host","1.7.0",
"3050","21.004169000","1.7.0","host",
"3051","21.036616000","host","1.7.0",
"3052","21.038075000","1.7.0","host",
"3053","21.069889000","host","1.7.0",
"3054","21.071295000","1.7.0","host",
"3055","21.103026000","host","1.7.0",
"3056","21.104458000","1.7.0","host",
"3057","21.169551000","host","1.7.0",
"3058","21.170993000","1.7.0","host",
"3059","21.234370000","host","1.7.0",
"3060","21.235840000","1.7.0","host",
"3061","21.266097000","1.2.3","host",
"3062","21.266114000","host","1.2.3",
"3063","21.300325000","host","1.7.0",
"3064","21.301815000","1.7.0","host",
"3065","21.316103000","1.2.3","host",
"3066","21.316123000","host","1.2.3",
"3067","21.333936000","host","1.7.0",
"3068","21.335320000","1.7.0","host",
"3069","21.384185000","1.2.3","host",
"3070","21.384266000","host","1.2.3",
"3071","21.400404000","host","1.7.0",
"3072","21.401848000","1.7.0","host",
"3073","21.465693000","host","1.7.0",
"3074","21.467061000","1.7.0","host",
"3075","21.499199000","host","1.7.0",
"3076","21.500689000","1.7.0","host",
"3077","21.518087000","1.2.3","host",
"3078","21.518115000","host","1.2.3",
"3079","21.532579000","host","1.7.0",
"3080","21.534043000","1.7.0","host",
"3081","21.598259000","host","1.7.0",
"3082","21.599687000","1.7.0","host",
"3083","21.663552000","host","1.7.0",
"3084","21.664939000","1.7.0","host",
"3085","21.730281000","host","1.7.0",
"3086","21.731686000","1.7.0","host",
"3087","21.781233000","1.2.1","host",
"3088","21.781318000","host","1.2.1",
"3089","21.781329000","1.2.3","host",
"3090","21.781334000","host","1.2.3",
"3091","21.786080000","1.2.3","host",
"3092","21.786096000","host","1.2.3",
"3093","21.795745000","host","1.7.0",
"3094","21.797164000","1.7.0","host",
"3095","21.803120000","1.2.3","host",
"3096","21.803136000","host","1.2.3",
"3097","21.819177000","1.2.3","host",
"3098","21.819198000","host","1.2.3",
"3099","21.829949000","host","1.7.0",
"3100","21.831455000","1.7.0","host",
"3101","21.836079000","1.2.3","host",
"3102","21.836095000","host","1.2.3",
"3103","21.852110000","1.2.3","host",
"3104","21.852194000","host","1.2.3",
"3105","21.869099000","1.2.3","host",
"3106","21.869119000","host","1.2.3",
"3107","21.895861000","host","1.7.0",
"3108","21.897317000","1.7.0","host",
"3109","21.960433000","host","1.7.0",
"3110","21.961838000","1.7.0","host",
"3111","21.994037000","host","1.7.0",
"3112","21.995480000","1.7.0","host",
"3113","22.059402000","host","1.7.0",
"3114","22.060785000","1.7.0","host",
"3115","22.125055000","host","1.7.0",
"3116","22.126559000","1.7.0","host",
"3117","22.158980000","host","1.7.0",
"3118","22.160372000","1.7.0","host",
"3119","22.192062000","host","1.7.0",
"3120","22.193479000","1.7.0","host",
"3121","22.257492000","host","1.7.0",
"3122","22.258935000","1.7.0","host",
"3123","22.291703000","host","1.7.0",
"3124","22.293137000","1.7.0","host",
"3125","22.356274000","host","1.7.0",
"3126","22.357714000","1.7.0","host",
"3127","22.423652000","host","1.7.0",
"3128","22.425086000","1.7.0","host",
"3129","22.488158000","host","1.7.0",
"3130","22.489710000","1.7.0","host",
"3131","22.522215000","host","1.7.0",
"3132","22.523588000","1.7.0","host",
"3133","22.555340000","host","1.7.0",
"3134","22.556681000","1.7.0","host",
"3135","22.588465000","host","1.7.0",
"3136","22.589927000","1.7.0","host",
"3137","22.653372000","host","1.7.0",
"3138","22.654808000","1.7.0","host",
"3139","22.687586000","host","1.7.0",
"3140","22.689059000","1.7.0","host",
"3141","22.752545000","host","1.7.0",
"3142","22.753933000","1.7.0","host",
"3143","22.785620000","host","1.7.0",
"3144","22.787036000","1.7.0","host",
"3145","22.851228000","host","1.7.0",
"3146","22.852680000","1.7.0","host",
"3147","22.917593000","host","1.7.0",
"3148","22.919086000","1.7.0","host",
"3149","22.951224000","host","1.7.0",
"3150","22.952707000","1.7.0","host",
"3151","23.017659000","host","1.7.0",
"3152","23.019059000","1.7.0","host",
"3153","23.082528000","host","1.7.0",
"3154","23.083962000","1.7.0","host",
"3155","23.115899000","host","1.7.0",
"3156","23.117315000","1.7.0","host",
"3157","23.149226000","host","1.7.0",
"3158","23.150657000","1.7.0","host",
"3159","23.215125000","host","1.7.0",
"3160","23.216554000","1.7.0","host",
"3161","23.248331000","host","1.7.0",
"3162","23.249684000","1.7.0","host",
"3163","23.313756000","host","1.7.0",
"3164","23.315184000","1.7.0","host",
"3165","23.379773000","host","1.7.0",
"3166","23.381184000","1.7.0","host",
"3167","23.444573000","host","1.7.0",
"3168","23.446084000","1.7.0","host",
"3169","23.477724000","host","1.7.0",
"3170","23.479157000","1.7.0","host",
"3171","23.513210000","host","1.7.0",
"3172","23.514680000","1.7.0","host",
"3173","23.578245000","host","1.7.0",
"3174","23.579808000","1.7.0","host",
"3175","23.612048000","host","1.7.0",
"3176","23.613451000","1.7.0","host",
"3177","23.655072000","1.2.1","host",
"3178","23.655097000","host","1.2.1",
"3179","23.655197000","1.2.3","host",
"3180","23.655202000","host","1.2.3",
"3181","23.660073000","1.2.3","host",
"3182","23.660092000","host","1.2.3",
"3183","23.676347000","host","1.7.0",
"3184","23.677098000","1.2.3","host",
"3185","23.677117000","host","1.2.3",
"3186","23.677802000","1.7.0","host",
"3187","23.710785000","host","1.7.0",
"3188","23.712128000","1.7.0","host",
"3189","23.760132000","1.2.3","host",
"3190","23.760206000","host","1.2.3",
"3191","23.775869000","host","1.7.0",
"3192","23.777449000","1.7.0","host",
"3193","23.793128000","1.2.3","host",
"3194","23.793208000","host","1.2.3",
"3195","23.809885000","host","1.7.0",
"3196","23.810094000","1.2.3","host",
"3197","23.810102000","host","1.2.3",
"3198","23.811304000","1.7.0","host",
"3199","23.860132000","1.2.3","host",
"3200","23.860206000","host","1.2.3",
"3201","23.874701000","host","1.7.0",
"3202","23.876032000","1.7.0","host",
"3203","23.927098000","1.2.3","host",
"3204","23.927118000","host","1.2.3",
"3205","23.940062000","host","1.7.0",
"3206","23.941551000","1.7.0","host",
"3207","23.974594000","host","1.7.0",
"3208","23.976056000","1.7.0","host",
"3209","24.027094000","1.2.3","host",
"3210","24.027114000","host","1.2.3",
"3211","24.040822000","host","1.7.0",
"3212","24.042334000","1.7.0","host",
"3213","24.094073000","1.2.3","host",
"3214","24.094090000","host","1.2.3",
"3215","24.105102000","host","1.7.0",
"3216","24.106551000","1.7.0","host",
"3217","24.138429000","host","1.7.0",
"3218","24.139804000","1.7.0","host",
"3219","24.161085000","1.2.3","host",
"3220","24.161102000","host","1.2.3",
"3221","24.171492000","host","1.7.0",
"3222","24.172956000","1.7.0","host",
"3223","24.204599000","host","1.7.0",
"3224","24.206056000","1.7.0","host",
"3225","24.237071000","1.2.1","host",
"3226","24.237095000","host","1.2.1",
"3227","24.270935000","host","1.7.0",
"3228","24.272259000","1.7.0","host",
"3229","24.338231000","host","1.7.0",
"3230","24.339682000","1.7.0","host",
"3231","24.402788000","host","1.7.0",
"3232","24.404253000","1.7.0","host",
"3233","24.455151000","1.2.1","host",
"3234","24.455176000","host","1.2.1",
"3235","24.457068000","1.2.1","host",
"3236","24.457087000","host","1.2.1",
"3237","24.460088000","1.2.1","host",
"3238","24.460183000","host","1.2.1",
"3239","24.462065000","1.2.1","host",
"3240","24.462082000","host","1.2.1",
"3241","24.463090000","1.2.1","host",
"3242","24.463163000","host","1.2.1",
"3243","24.464085000","1.2.1","host",
"3244","24.464164000","host","1.2.1",
"3245","24.466170000","1.2.1","host",
"3246","24.466184000","host","1.2.1",
"3247","24.467094000","1.2.1","host",
"3248","24.467188000","host","1.2.1",
"3249","24.468086000","1.2.1","host",
"3250","24.468164000","host","1.2.1",
"3251","24.469107000","1.2.1","host",
"3252","24.469121000","host","1.2.1",
"3253","24.469889000","host","1.7.0",
"3254","24.470063000","1.2.1","host",
"3255","24.470079000","host","1.2.1",
"3256","24.471064000","1.2.1","host",
"3257","24.471080000","host","1.2.1",
"3258","24.471284000","1.7.0","host",
"3259","24.472084000","1.2.1","host",
"3260","24.472130000","host","1.2.1",
"3261","24.473085000","1.2.1","host",
"3262","24.473161000","host","1.2.1",
"3263","24.474085000","1.2.1","host",
"3264","24.474175000","host","1.2.1",
"3265","24.476094000","1.2.1","host",
"3266","24.476172000","host","1.2.1",
"3267","24.477087000","1.2.1","host",
"3268","24.477182000","host","1.2.1",
"3269","24.478086000","1.2.1","host",
"3270","24.478184000","host","1.2.1",
"3271","24.479065000","1.2.1","host",
"3272","24.479081000","host","1.2.1",
"3273","24.480090000","1.2.1","host",
"3274","24.480168000","host","1.2.1",
"3275","24.481086000","1.2.1","host",
"3276","24.481163000","host","1.2.1",
"3277","24.482087000","1.2.1","host",
"3278","24.482164000","host","1.2.1",
"3279","24.483065000","1.2.1","host",
"3280","24.483080000","host","1.2.1",
"3281","24.484093000","1.2.1","host",
"3282","24.484107000","host","1.2.1",
"3283","24.485091000","1.2.1","host",
"3284","24.485105000","host","1.2.1",
"3285","24.486091000","1.2.1","host",
"3286","24.486105000","host","1.2.1",
"3287","24.487065000","1.2.1","host",
"3288","24.487079000","host","1.2.1",
"3289","24.488085000","1.2.1","host",
"3290","24.488184000","host","1.2.1",
"3291","24.489085000","1.2.1","host",
"3292","24.489165000","host","1.2.1",
"3293","24.490085000","1.2.1","host",
"3294","24.490184000","host","1.2.1",
"3295","24.491180000","1.2.1","host",
"3296","24.491193000","host","1.2.1",
"3297","24.492087000","1.2.1","host",
"3298","24.492184000","host","1.2.1",
"3299","24.493087000","1.2.1","host",
"3300","24.493164000","host","1.2.1",
"3301","24.494084000","1.2.1","host",
"3302","24.494161000","host","1.2.1",
"3303","24.495085000","1.2.1","host",
"3304","24.495142000","host","1.2.1",
"3305","24.496063000","1.2.1","host",
"3306","24.496078000","host","1.2.1",
"3307","24.497086000","1.2.1","host",
"3308","24.497160000","host","1.2.1",
"3309","24.498063000","1.2.1","host",
"3310","24.498077000","host","1.2.1",
"3311","24.499064000","1.2.1","host",
"3312","24.499079000","host","1.2.1",
"3313","24.500064000","1.2.1","host",
"3314","24.500080000","host","1.2.1",
"3315","24.501064000","1.2.1","host",
"3316","24.501080000","host","1.2.1",
"3317","24.502063000","1.2.1","host",
"3318","24.502077000","host","1.2.1",
"3319","24.503087000","1.2.1","host",
"3320","24.503164000","host","1.2.1",
"3321","24.504063000","1.2.1","host",
"3322","24.504078000","host","1.2.1",
"3323","24.505085000","1.2.1","host",
"3324","24.505160000","host","1.2.1",
"3325","24.506086000","1.2.1","host",
"3326","24.506184000","host","1.2.1",
"3327","24.507086000","1.2.1","host",
"3328","24.507161000","host","1.2.1",
"3329","24.508063000","1.2.1","host",
"3330","24.508077000","host","1.2.1",
"3331","24.509063000","1.2.1","host",
"3332","24.509077000","host","1.2.1",
"3333","24.510063000","1.2.1","host",
"3334","24.510077000","host","1.2.1",
"3335","24.511063000","1.2.1","host",
"3336","24.511076000","host","1.2.1",
"3337","24.512063000","1.2.1","host",
"3338","24.512077000","host","1.2.1",
"3339","24.513091000","1.2.1","host",
"3340","24.513173000","host","1.2.1",
"3341","24.514083000","1.2.1","host",
"3342","24.514171000","host","1.2.1",
"3343","24.515085000","1.2.1","host",
"3344","24.515175000","host","1.2.1",
"3345","24.516182000","1.2.1","host",
"3346","24.516196000","host","1.2.1",
"3347","24.517109000","1.2.1","host",
"3348","24.517127000","host","1.2.1",
"3349","24.518086000","1.2.1","host",
"3350","24.518164000","host","1.2.1",
"3351","24.519087000","1.2.1","host",
"3352","24.519182000","host","1.2.1",
"3353","24.520084000","1.2.1","host",
"3354","24.520160000","host","1.2.1",
"3355","24.521063000","1.2.1","host",
"3356","24.521078000","host","1.2.1",
"3357","24.522088000","1.2.1","host",
"3358","24.522184000","host","1.2.1",
"3359","24.523085000","1.2.1","host",
"3360","24.523160000","host","1.2.1",
"3361","24.524085000","1.2.1","host",
"3362","24.524161000","host","1.2.1",
"3363","24.525063000","1.2.1","host",
"3364","24.525078000","host","1.2.1",
"3365","24.526085000","1.2.1","host",
"3366","24.526160000","host","1.2.1",
"3367","24.527084000","1.2.1","host",
"3368","24.527160000","host","1.2.1",
"3369","24.528087000","1.2.1","host",
"3370","24.528181000","host","1.2.1",
"3371","24.529064000","1.2.1","host",
"3372","24.529080000","host","1.2.1",
"3373","24.530063000","1.2.1","host",
"3374","24.530077000","host","1.2.1",
"3375","24.531063000","1.2.1","host",
"3376","24.531077000","host","1.2.1",
"3377","24.532084000","1.2.1","host",
"3378","24.532160000","host","1.2.1",
"3379","24.533065000","1.2.1","host",
"3380","24.533083000","host","1.2.1",
"3381","24.534085000","1.2.1","host",
"3382","24.534187000","host","1.2.1",
"3383","24.534207000","host","1.7.0",
"3384","24.535086000","1.2.1","host",
"3385","24.535164000","host","1.2.1",
"3386","24.535673000","1.7.0","host",
"3387","24.536081000","1.2.1","host",
"3388","24.536151000","host","1.2.1",
"3389","24.537063000","1.2.1","host",
"3390","24.537078000","host","1.2.1",
"3391","24.538087000","1.2.1","host",
"3392","24.538160000","host","1.2.1",
"3393","24.539087000","1.2.1","host",
"3394","24.539175000","host","1.2.1",
"3395","24.540085000","1.2.1","host",
"3396","24.540158000","host","1.2.1",
"3397","24.541185000","1.2.1","host",
"3398","24.541200000","host","1.2.1",
"3399","24.542087000","1.2.1","host",
"3400","24.542165000","host","1.2.1",
"3401","24.543085000","1.2.1","host",
"3402","24.543163000","host","1.2.1",
"3403","24.544085000","1.2.1","host",
"3404","24.544161000","host","1.2.1",
"3405","24.545084000","1.2.1","host",
"3406","24.545159000","host","1.2.1",
"3407","24.546063000","1.2.1","host",
"3408","24.546077000","host","1.2.1",
"3409","24.547089000","1.2.1","host",
"3410","24.547165000","host","1.2.1",
"3411","24.548085000","1.2.1","host",
"3412","24.548161000","host","1.2.1",
"3413","24.549063000","1.2.1","host",
"3414","24.549076000","host","1.2.1",
"3415","24.550088000","1.2.1","host",
"3416","24.550148000","host","1.2.1",
"3417","24.551086000","1.2.1","host",
"3418","24.551163000","host","1.2.1",
"3419","24.552085000","1.2.1","host",
"3420","24.552163000","host","1.2.1",
"3421","24.553063000","1.2.1","host",
"3422","24.553077000","host","1.2.1",
"3423","24.554064000","1.2.1","host",
"3424","24.554078000","host","1.2.1",
"3425","24.555086000","1.2.1","host",
"3426","24.555164000","host","1.2.1",
"3427","24.556085000","1.2.1","host",
"3428","24.556182000","host","1.2.1",
"3429","24.557086000","1.2.1","host",
"3430","24.557160000","host","1.2.1",
"3431","24.558064000","1.2.1","host",
"3432","24.558078000","host","1.2.1",
"3433","24.559084000","1.2.1","host",
"3434","24.559159000","host","1.2.1",
"3435","24.560084000","1.2.1","host",
"3436","24.560168000","host","1.2.1",
"3437","24.561086000","1.2.1","host",
"3438","24.561162000","host","1.2.1",
"3439","24.562063000","1.2.1","host",
"3440","24.562079000","host","1.2.1",
"3441","24.563065000","1.2.1","host",
"3442","24.563080000","host","1.2.1",
"3443","24.564064000","1.2.1","host",
"3444","24.564079000","host","1.2.1",
"3445","24.565065000","1.2.1","host",
"3446","24.565081000","host","1.2.1",
"3447","24.566099000","1.2.1","host",
"3448","24.566114000","host","1.2.1",
"3449","24.567065000","1.2.1","host",
"3450","24.567084000","host","1.2.1",
"3451","24.568064000","1.2.1","host",
"3452","24.568079000","host","1.2.1",
"3453","24.568522000","host","1.7.0",
"3454","24.569064000","1.2.1","host",
"3455","24.569080000","host","1.2.1",
"3456","24.570026000","1.7.0","host",
"3457","24.570076000","1.2.1","host",
"3458","24.570083000","host","1.2.1",
"3459","24.571066000","1.2.1","host",
"3460","24.571083000","host","1.2.1",
"3461","24.572063000","1.2.1","host",
"3462","24.572078000","host","1.2.1",
"3463","24.573062000","1.2.1","host",
"3464","24.573076000","host","1.2.1",
"3465","24.574062000","1.2.1","host",
"3466","24.574076000","host","1.2.1",
"3467","24.575066000","1.2.1","host",
"3468","24.575086000","host","1.2.1",
"3469","24.576063000","1.2.1","host",
"3470","24.576077000","host","1.2.1",
"3471","24.577087000","1.2.1","host",
"3472","24.577184000","host","1.2.1",
"3473","24.578085000","1.2.1","host",
"3474","24.578174000","host","1.2.1",
"3475","24.579064000","1.2.1","host",
"3476","24.579080000","host","1.2.1",
"3477","24.580063000","1.2.1","host",
"3478","24.580077000","host","1.2.1",
"3479","24.581085000","1.2.1","host",
"3480","24.581172000","host","1.2.1",
"3481","24.582091000","1.2.1","host",
"3482","24.582182000","host","1.2.1",
"3483","24.583063000","1.2.1","host",
"3484","24.583078000","host","1.2.1",
"3485","24.584085000","1.2.1","host",
"3486","24.584154000","host","1.2.1",
"3487","24.585087000","1.2.1","host",
"3488","24.585154000","host","1.2.1",
"3489","24.586080000","1.2.1","host",
"3490","24.586151000","host","1.2.1",
"3491","24.587063000","1.2.1","host",
"3492","24.587077000","host","1.2.1",
"3493","24.588086000","1.2.1","host",
"3494","24.588165000","host","1.2.1",
"3495","24.589084000","1.2.1","host",
"3496","24.589160000","host","1.2.1",
"3497","24.590085000","1.2.1","host",
"3498","24.590159000","host","1.2.1",
"3499","24.591063000","1.2.1","host",
"3500","24.591105000","host","1.2.1",
"3501","24.592087000","1.2.1","host",
"3502","24.592135000","host","1.2.1",
"3503","24.593063000","1.2.1","host",
"3504","24.593077000","host","1.2.1",
"3505","24.594083000","1.2.1","host",
"3506","24.594172000","host","1.2.1",
"3507","24.595086000","1.2.1","host",
"3508","24.595166000","host","1.2.1",
"3509","24.596065000","1.2.1","host",
"3510","24.596082000","host","1.2.1",
"3511","24.597085000","1.2.1","host",
"3512","24.597160000","host","1.2.1",
"3513","24.598086000","1.2.1","host",
"3514","24.598161000","host","1.2.1",
"3515","24.599084000","1.2.1","host",
"3516","24.599159000","host","1.2.1",
"3517","24.600064000","1.2.1","host",
"3518","24.600081000","host","1.2.1",
"3519","24.601085000","1.2.1","host",
"3520","24.601135000","host","1.2.1",
"3521","24.602086000","1.2.1","host",
"3522","24.602163000","host","1.2.1",
"3523","24.603062000","1.2.1","host",
"3524","24.603076000","host","1.2.1",
"3525","24.604064000","1.2.1","host",
"3526","24.604080000","host","1.2.1",
"3527","24.605063000","1.2.1","host",
"3528","24.605076000","host","1.2.1",
"3529","24.606083000","1.2.1","host",
"3530","24.606176000","host","1.2.1",
"3531","24.607062000","1.2.1","host",
"3532","24.607075000","host","1.2.1",
"3533","24.609089000","1.2.1","host",
"3534","24.609163000","host","1.2.1",
"3535","24.610084000","1.2.1","host",
"3536","24.610155000","host","1.2.1",
"3537","24.611085000","1.2.1","host",
"3538","24.611161000","host","1.2.1",
"3539","24.612063000","1.2.1","host",
"3540","24.612077000","host","1.2.1",
"3541","24.613087000","1.2.1","host",
"3542","24.613122000","host","1.2.1",
"3543","24.614081000","1.2.1","host",
"3544","24.614157000","host","1.2.1",
"3545","24.615063000","1.2.1","host",
"3546","24.615076000","host","1.2.1",
"3547","24.616166000","1.2.1","host",
"3548","24.616179000","host","1.2.1",
"3549","24.617087000","1.2.1","host",
"3550","24.617184000","host","1.2.1",
"3551","24.618086000","1.2.1","host",
"3552","24.618180000","host","1.2.1",
"3553","24.619088000","1.2.1","host",
"3554","24.619180000","host","1.2.1",
"3555","24.620087000","1.2.1","host",
"3556","24.620160000","host","1.2.1",
"3557","24.621084000","1.2.1","host",
"3558","24.621158000","host","1.2.1",
"3559","24.622063000","1.2.1","host",
"3560","24.622076000","host","1.2.1",
"3561","24.623086000","1.2.1","host",
"3562","24.623179000","host","1.2.1",
"3563","24.624084000","1.2.1","host",
"3564","24.624176000","host","1.2.1",
"3565","24.625086000","1.2.1","host",
"3566","24.625182000","host","1.2.1",
"3567","24.626086000","1.2.1","host",
"3568","24.626183000","host","1.2.1",
"3569","24.627081000","1.2.1","host",
"3570","24.627147000","host","1.2.1",
"3571","24.629063000","1.2.1","host",
"3572","24.629077000","host","1.2.1",
"3573","24.630063000","1.2.1","host",
"3574","24.630076000","host","1.2.1",
"3575","24.631062000","1.2.1","host",
"3576","24.631076000","host","1.2.1",
"3577","24.632062000","1.2.1","host",
"3578","24.632075000","host","1.2.1",
"3579","24.632993000","host","1.7.0",
"3580","24.633062000","1.2.1","host",
"3581","24.633078000","host","1.2.1",
"3582","24.634079000","1.2.1","host",
"3583","24.634170000","host","1.2.1",
"3584","24.634362000","1.7.0","host",
"3585","24.635085000","1.2.1","host",
"3586","24.635160000","host","1.2.1",
"3587","24.636086000","1.2.1","host",
"3588","24.636160000","host","1.2.1",
"3589","24.637062000","1.2.1","host",
"3590","24.637078000","host","1.2.1",
"3591","24.638091000","1.2.1","host",
"3592","24.638178000","host","1.2.1",
"3593","24.639078000","1.2.1","host",
"3594","24.639176000","host","1.2.1",
"3595","24.640090000","1.2.1","host",
"3596","24.640180000","host","1.2.1",
"3597","24.641094000","1.2.1","host",
"3598","24.641182000","host","1.2.1",
"3599","24.642084000","1.2.1","host",
"3600","24.642160000","host","1.2.1",
"3601","24.643062000","1.2.1","host",
"3602","24.643076000","host","1.2.1",
"3603","24.644088000","1.2.1","host",
"3604","24.644176000","host","1.2.1",
"3605","24.645089000","1.2.1","host",
"3606","24.645179000","host","1.2.1",
"3607","24.646091000","1.2.1","host",
"3608","24.646181000","host","1.2.1",
"3609","24.647062000","1.2.1","host",
"3610","24.647075000","host","1.2.1",
"3611","24.648087000","1.2.1","host",
"3612","24.648174000","host","1.2.1",
"3613","24.649086000","1.2.1","host",
"3614","24.649124000","host","1.2.1",
"3615","24.650086000","1.2.1","host",
"3616","24.650183000","host","1.2.1",
"3617","24.651084000","1.2.1","host",
"3618","24.651164000","host","1.2.1",
"3619","24.652063000","1.2.1","host",
"3620","24.652076000","host","1.2.1",
"3621","24.653062000","1.2.1","host",
"3622","24.653076000","host","1.2.1",
"3623","24.654100000","1.2.1","host",
"3624","24.654131000","host","1.2.1",
"3625","24.655062000","1.2.1","host",
"3626","24.655075000","host","1.2.1",
"3627","24.656084000","1.2.1","host",
"3628","24.656176000","host","1.2.1",
"3629","24.657063000","1.2.1","host",
"3630","24.657078000","host","1.2.1",
"3631","24.658062000","1.2.1","host",
"3632","24.658076000","host","1.2.1",
"3633","24.660081000","1.2.1","host",
"3634","24.660152000","host","1.2.1",
"3635","24.661085000","1.2.1","host",
"3636","24.661183000","host","1.2.1",
"3637","24.663101000","1.2.1","host",
"3638","24.663133000","host","1.2.1",
"3639","24.664062000","1.2.1","host",
"3640","24.664077000","host","1.2.1",
"3641","24.666062000","1.2.1","host",
"3642","24.666075000","host","1.2.1",
"3643","24.667356000","host","1.7.0",
"3644","24.668085000","1.2.1","host",
"3645","24.668133000","host","1.2.1",
"3646","24.668798000","1.7.0","host",
"3647","24.670080000","1.2.1","host",
"3648","24.670183000","host","1.2.1",
"3649","24.671081000","1.2.1","host",
"3650","24.671095000","host","1.2.1",
"3651","24.673063000","1.2.1","host",
"3652","24.673077000","host","1.2.1",
"3653","24.675063000","1.2.1","host",
"3654","24.675079000","host","1.2.1",
"3655","24.677063000","1.2.1","host",
"3656","24.677078000","host","1.2.1",
"3657","24.679063000","1.2.1","host",
"3658","24.679077000","host","1.2.1",
"3659","24.680062000","1.2.1","host",
"3660","24.680076000","host","1.2.1",
"3661","24.682062000","1.2.1","host",
"3662","24.682075000","host","1.2.1",
"3663","24.684064000","1.2.1","host",
"3664","24.684079000","host","1.2.1",
"3665","24.685083000","1.2.1","host",
"3666","24.685126000","host","1.2.1",
"3667","24.686089000","1.2.1","host",
"3668","24.686131000","host","1.2.1",
"3669","24.687062000","1.2.1","host",
"3670","24.687077000","host","1.2.1",
"3671","24.688063000","1.2.1","host",
"3672","24.688077000","host","1.2.1",
"3673","24.689087000","1.2.1","host",
"3674","24.689178000","host","1.2.1",
"3675","24.690084000","1.2.1","host",
"3676","24.690176000","host","1.2.1",
"3677","24.691085000","1.2.1","host",
"3678","24.691180000","host","1.2.1",
"3679","24.692089000","1.2.1","host",
"3680","24.692136000","host","1.2.1",
"3681","24.694088000","1.2.1","host",
"3682","24.694176000","host","1.2.1",
"3683","24.695083000","1.2.1","host",
"3684","24.695134000","host","1.2.1",
"3685","24.696063000","1.2.1","host",
"3686","24.696078000","host","1.2.1",
"3687","24.697061000","1.2.1","host",
"3688","24.697075000","host","1.2.1",
"3689","24.698086000","1.2.1","host",
"3690","24.698126000","host","1.2.1",
"3691","24.699063000","1.2.1","host",
"3692","24.699079000","host","1.2.1",
"3693","24.700063000","1.2.1","host",
"3694","24.700079000","host","1.2.1",
"3695","24.701062000","1.2.1","host",
"3696","24.701077000","host","1.2.1",
"3697","24.702063000","1.2.1","host",
"3698","24.702076000","host","1.2.1",
"3699","24.703080000","1.2.1","host",
"3700","24.703147000","host","1.2.1",
"3701","24.704063000","1.2.1","host",
"3702","24.704077000","host","1.2.1",
"3703","24.705063000","1.2.1","host",
"3704","24.705078000","host","1.2.1",
"3705","24.706062000","1.2.1","host",
"3706","24.706076000","host","1.2.1",
"3707","24.707062000","1.2.1","host",
"3708","24.707074000","host","1.2.1",
"3709","24.708063000","1.2.1","host",
"3710","24.708077000","host","1.2.1",
"3711","24.709083000","1.2.1","host",
"3712","24.709180000","host","1.2.1",
"3713","24.710081000","1.2.1","host",
"3714","24.710108000","host","1.2.1",
"3715","24.711079000","1.2.1","host",
"3716","24.711102000","host","1.2.1",
"3717","24.712063000","1.2.1","host",
"3718","24.712070000","host","1.2.1",
"3719","24.713087000","1.2.1","host",
"3720","24.713120000","host","1.2.1",
"3721","24.714083000","1.2.1","host",
"3722","24.714111000","host","1.2.1",
"3723","24.715077000","1.2.1","host",
"3724","24.715100000","host","1.2.1",
"3725","24.716080000","1.2.1","host",
"3726","24.716112000","host","1.2.1",
"3727","24.717061000","1.2.1","host",
"3728","24.717066000","host","1.2.1",
"3729","24.718061000","1.2.1","host",
"3730","24.718066000","host","1.2.1",
"3731","24.719061000","1.2.1","host",
"3732","24.719069000","host","1.2.1",
"3733","24.721061000","1.2.1","host",
"3734","24.721067000","host","1.2.1",
"3735","24.722063000","1.2.1","host",
"3736","24.722071000","host","1.2.1",
"3737","24.723084000","1.2.1","host",
"3738","24.723116000","host","1.2.1",
"3739","24.724083000","1.2.1","host",
"3740","24.724119000","host","1.2.1",
"3741","24.725087000","1.2.1","host",
"3742","24.725120000","host","1.2.1",
"3743","24.726084000","1.2.1","host",
"3744","24.726116000","host","1.2.1",
"3745","24.728078000","1.2.1","host",
"3746","24.728103000","host","1.2.1",
"3747","24.729062000","1.2.1","host",
"3748","24.729068000","host","1.2.1",
"3749","24.730061000","1.2.1","host",
"3750","24.730065000","host","1.2.1",
"3751","24.731082000","1.2.1","host",
"3752","24.731114000","host","1.2.1",
"3753","24.733009000","host","1.7.0",
"3754","24.733065000","1.2.1","host",
"3755","24.733071000","host","1.2.1",
"3756","24.734443000","1.7.0","host",
"3757","24.736062000","1.2.1","host",
"3758","24.736068000","host","1.2.1",
"3759","24.740089000","1.2.1","host",
"3760","24.740120000","host","1.2.1",
"3761","24.743062000","1.2.1","host",
"3762","24.743068000","host","1.2.1",
"3763","24.744079000","1.2.1","host",
"3764","24.744104000","host","1.2.1",
"3765","24.748086000","1.2.1","host",
"3766","24.748117000","host","1.2.1",
"3767","24.750088000","1.2.1","host",
"3768","24.750122000","host","1.2.1",
"3769","24.755062000","1.2.1","host",
"3770","24.755068000","host","1.2.1",
"3771","24.756061000","1.2.1","host",
"3772","24.756065000","host","1.2.1",
"3773","24.760086000","1.2.1","host",
"3774","24.760119000","host","1.2.1",
"3775","24.761077000","1.2.1","host",
"3776","24.761100000","host","1.2.1",
"3777","24.765086000","1.2.1","host",
"3778","24.765117000","host","1.2.1",
"3779","24.766062000","1.2.1","host",
"3780","24.766067000","host","1.2.1",
"3781","24.766820000","host","1.7.0",
"3782","24.768279000","1.7.0","host",
"3783","24.769084000","1.2.1","host",
"3784","24.769119000","host","1.2.1",
"3785","24.770084000","1.2.1","host",
"3786","24.770116000","host","1.2.1",
"3787","24.774062000","1.2.1","host",
"3788","24.774067000","host","1.2.1",
"3789","24.776062000","1.2.1","host",
"3790","24.776068000","host","1.2.1",
"3791","24.778062000","1.2.1","host",
"3792","24.778067000","host","1.2.1",
"3793","24.780086000","1.2.1","host",
"3794","24.780118000","host","1.2.1",
"3795","24.782080000","1.2.1","host",
"3796","24.782106000","host","1.2.1",
"3797","24.784062000","1.2.1","host",
"3798","24.784068000","host","1.2.1",
"3799","24.786061000","1.2.1","host",
"3800","24.786065000","host","1.2.1",
"3801","24.788062000","1.2.1","host",
"3802","24.788067000","host","1.2.1",
"3803","24.790084000","1.2.1","host",
"3804","24.790116000","host","1.2.1",
"3805","24.791084000","1.2.1","host",
"3806","24.791120000","host","1.2.1",
"3807","24.793088000","1.2.1","host",
"3808","24.793120000","host","1.2.1",
"3809","24.794083000","1.2.1","host",
"3810","24.794113000","host","1.2.1",
"3811","24.797062000","1.2.1","host",
"3812","24.797068000","host","1.2.1",
"3813","24.798078000","1.2.1","host",
"3814","24.798099000","host","1.2.1",
"3815","24.800223000","host","1.7.0",
"3816","24.801062000","1.2.1","host",
"3817","24.801069000","host","1.2.1",
"3818","24.801673000","1.7.0","host",
"3819","24.802076000","1.2.1","host",
"3820","24.802110000","host","1.2.1",
"3821","24.805092000","1.2.1","host",
"3822","24.805120000","host","1.2.1",
"3823","24.807061000","1.2.1","host",
"3824","24.807065000","host","1.2.1",
"3825","24.810086000","1.2.1","host",
"3826","24.810116000","host","1.2.1",
"3827","24.813087000","1.2.1","host",
"3828","24.813115000","host","1.2.1",
"3829","24.817097000","1.2.1","host",
"3830","24.817102000","host","1.2.1",
"3831","24.823216000","1.2.3","host",
"3832","24.823243000","host","1.2.3",
"3833","24.823312000","1.2.1","host",
"3834","24.823317000","host","1.2.1",
"3835","24.827068000","1.2.1","host",
"3836","24.827084000","host","1.2.1",
"3837","24.830070000","1.2.1","host",
"3838","24.830098000","host","1.2.1",
"3839","24.831072000","1.2.3","host",
"3840","24.831091000","host","1.2.3",
"3841","24.848072000","1.2.3","host",
"3842","24.848095000","host","1.2.3",
"3843","24.864712000","host","1.7.0",
"3844","24.866156000","1.7.0","host",
"3845","24.867191000","1.2.1","host",
"3846","24.867212000","host","1.2.1",
"3847","24.867221000","1.2.3","host",
"3848","24.867226000","host","1.2.3",
"3849","24.882070000","1.2.3","host",
"3850","24.882090000","host","1.2.3",
"3851","24.885063000","1.2.1","host",
"3852","24.885083000","host","1.2.1",
"3853","24.888066000","1.2.1","host",
"3854","24.888088000","host","1.2.1",
"3855","24.893064000","1.2.1","host",
"3856","24.893083000","host","1.2.1",
"3857","24.894065000","1.2.1","host",
"3858","24.894081000","host","1.2.1",
"3859","24.896091000","1.2.1","host",
"3860","24.896182000","host","1.2.1",
"3861","24.898220000","host","1.7.0",
"3862","24.899235000","1.2.3","host",
"3863","24.899249000","host","1.2.3",
"3864","24.899312000","1.2.1","host",
"3865","24.899320000","host","1.2.1",
"3866","24.899671000","1.7.0","host",
"3867","24.900062000","1.2.1","host",
"3868","24.900080000","host","1.2.1",
"3869","24.902064000","1.2.1","host",
"3870","24.902082000","host","1.2.1",
"3871","24.903084000","1.2.1","host",
"3872","24.903180000","host","1.2.1",
"3873","24.904062000","1.2.1","host",
"3874","24.904077000","host","1.2.1",
"3875","24.906061000","1.2.1","host",
"3876","24.906075000","host","1.2.1",
"3877","24.907062000","1.2.1","host",
"3878","24.907077000","host","1.2.1",
"3879","24.908062000","1.2.1","host",
"3880","24.908076000","host","1.2.1",
"3881","24.909082000","1.2.1","host",
"3882","24.909155000","host","1.2.1",
"3883","24.910083000","1.2.1","host",
"3884","24.910155000","host","1.2.1",
"3885","24.911085000","1.2.1","host",
"3886","24.911177000","host","1.2.1",
"3887","24.912062000","1.2.1","host",
"3888","24.912075000","host","1.2.1",
"3889","24.913062000","1.2.1","host",
"3890","24.913076000","host","1.2.1",
"3891","24.914086000","1.2.1","host",
"3892","24.914170000","host","1.2.1",
"3893","24.915082000","1.2.1","host",
"3894","24.915175000","host","1.2.1",
"3895","24.916062000","1.2.1","host",
"3896","24.916075000","host","1.2.1",
"3897","24.917062000","1.2.1","host",
"3898","24.917075000","host","1.2.1",
"3899","24.918084000","1.2.1","host",
"3900","24.918155000","host","1.2.1",
"3901","24.919085000","1.2.1","host",
"3902","24.919177000","host","1.2.1",
"3903","24.920091000","1.2.1","host",
"3904","24.920123000","host","1.2.1",
"3905","24.921092000","1.2.1","host",
"3906","24.921131000","host","1.2.1",
"3907","24.922062000","1.2.1","host",
"3908","24.922075000","host","1.2.1",
"3909","24.923061000","1.2.1","host",
"3910","24.923074000","host","1.2.1",
"3911","24.924062000","1.2.1","host",
"3912","24.924077000","host","1.2.1",
"3913","24.925063000","1.2.1","host",
"3914","24.925077000","host","1.2.1",
"3915","24.926061000","1.2.1","host",
"3916","24.926077000","host","1.2.1",
"3917","24.927062000","1.2.1","host",
"3918","24.927077000","host","1.2.1",
"3919","24.928062000","1.2.1","host",
"3920","24.928075000","host","1.2.1",
"3921","24.929061000","1.2.1","host",
"3922","24.929076000","host","1.2.1",
"3923","24.930063000","1.2.1","host",
"3924","24.930077000","host","1.2.1",
"3925","24.931061000","1.2.1","host",
"3926","24.931076000","host","1.2.1",
"3927","24.931363000","host","1.7.0",
"3928","24.932062000","1.2.1","host",
"3929","24.932076000","host","1.2.1",
"3930","24.932773000","1.7.0","host",
"3931","24.933062000","1.2.1","host",
"3932","24.933078000","host","1.2.1",
"3933","24.934089000","1.2.1","host",
"3934","24.934182000","host","1.2.1",
"3935","24.935083000","1.2.1","host",
"3936","24.935130000","host","1.2.1",
"3937","24.936062000","1.2.1","host",
"3938","24.936075000","host","1.2.1",
"3939","24.937074000","1.2.1","host",
"3940","24.937089000","host","1.2.1",
"3941","24.938087000","1.2.1","host",
"3942","24.938133000","host","1.2.1",
"3943","24.939087000","1.2.1","host",
"3944","24.939162000","host","1.2.1",
"3945","24.940085000","1.2.1","host",
"3946","24.940155000","host","1.2.1",
"3947","24.941084000","1.2.1","host",
"3948","24.941162000","host","1.2.1",
"3949","24.942087000","1.2.1","host",
"3950","24.942165000","host","1.2.1",
"3951","24.943084000","1.2.1","host",
"3952","24.943155000","host","1.2.1",
"3953","24.944062000","1.2.1","host",
"3954","24.944076000","host","1.2.1",
"3955","24.945084000","1.2.1","host",
"3956","24.945175000","host","1.2.1",
"3957","24.946086000","1.2.1","host",
"3958","24.946162000","host","1.2.1",
"3959","24.947084000","1.2.1","host",
"3960","24.947161000","host","1.2.1",
"3961","24.948084000","1.2.1","host",
"3962","24.948154000","host","1.2.1",
"3963","24.949086000","1.2.1","host",
"3964","24.949156000","host","1.2.1",
"3965","24.950088000","1.2.1","host",
"3966","24.950179000","host","1.2.1",
"3967","24.951061000","1.2.1","host",
"3968","24.951076000","host","1.2.1",
"3969","24.952083000","1.2.1","host",
"3970","24.952150000","host","1.2.1",
"3971","24.953080000","1.2.1","host",
"3972","24.953148000","host","1.2.1",
"3973","24.954062000","1.2.1","host",
"3974","24.954075000","host","1.2.1",
"3975","24.955062000","1.2.1","host",
"3976","24.955076000","host","1.2.1",
"3977","24.956082000","1.2.1","host",
"3978","24.956139000","host","1.2.1",
"3979","24.957061000","1.2.1","host",
"3980","24.957074000","host","1.2.1",
"3981","24.958061000","1.2.1","host",
"3982","24.958077000","host","1.2.1",
"3983","24.959086000","1.2.1","host",
"3984","24.959101000","host","1.2.1",
"3985","24.960088000","1.2.1","host",
"3986","24.960100000","host","1.2.1",
"3987","24.961062000","1.2.1","host",
"3988","24.961076000","host","1.2.1",
"3989","24.962074000","1.2.1","host",
"3990","24.962088000","host","1.2.1",
"3991","24.963062000","1.2.1","host",
"3992","24.963077000","host","1.2.1",
"3993","24.964061000","1.2.1","host",
"3994","24.964074000","host","1.2.1",
"3995","24.965085000","1.2.1","host",
"3996","24.965161000","host","1.2.1",
"3997","24.966061000","1.2.1","host",
"3998","24.966075000","host","1.2.1",
"3999","24.967062000","1.2.1","host",
"4000","24.967076000","host","1.2.1",
"4001","24.968061000","1.2.1","host",
"4002","24.968075000","host","1.2.1",
"4003","24.969081000","1.2.1","host",
"4004","24.969153000","host","1.2.1",
"4005","24.970081000","1.2.1","host",
"4006","24.970116000","host","1.2.1",
"4007","24.971085000","1.2.1","host",
"4008","24.971166000","host","1.2.1",
"4009","24.972084000","1.2.1","host",
"4010","24.972155000","host","1.2.1",
"4011","24.973063000","1.2.1","host",
"4012","24.973076000","host","1.2.1",
"4013","24.974062000","1.2.1","host",
"4014","24.974077000","host","1.2.1",
"4015","24.975062000","1.2.1","host",
"4016","24.975079000","host","1.2.1",
"4017","24.976061000","1.2.1","host",
"4018","24.976076000","host","1.2.1",
"4019","24.977062000","1.2.1","host",
"4020","24.977076000","host","1.2.1",
"4021","24.978060000","1.2.1","host",
"4022","24.978074000","host","1.2.1",
"4023","24.979062000","1.2.1","host",
"4024","24.979077000","host","1.2.1",
"4025","24.980061000","1.2.1","host",
"4026","24.980075000","host","1.2.1",
"4027","24.981062000","1.2.1","host",
"4028","24.981078000","host","1.2.1",
"4029","24.982062000","1.2.1","host",
"4030","24.982077000","host","1.2.1",
"4031","24.983062000","1.2.1","host",
"4032","24.983076000","host","1.2.1",
"4033","24.984061000","1.2.1","host",
"4034","24.984074000","host","1.2.1",
"4035","24.985061000","1.2.1","host",
"4036","24.985074000","host","1.2.1",
"4037","24.986062000","1.2.1","host",
"4038","24.986076000","host","1.2.1",
"4039","24.987063000","1.2.1","host",
"4040","24.987080000","host","1.2.1",
"4041","24.988062000","1.2.1","host",
"4042","24.988077000","host","1.2.1",
"4043","24.989061000","1.2.1","host",
"4044","24.989074000","host","1.2.1",
"4045","24.990060000","1.2.1","host",
"4046","24.990074000","host","1.2.1",
"4047","24.991061000","1.2.1","host",
"4048","24.991074000","host","1.2.1",
"4049","24.992062000","1.2.1","host",
"4050","24.992076000","host","1.2.1",
"4051","24.993064000","1.2.1","host",
"4052","24.993078000","host","1.2.1",
"4053","24.994086000","1.2.1","host",
"4054","24.994176000","host","1.2.1",
"4055","24.995062000","1.2.1","host",
"4056","24.995077000","host","1.2.1",
"4057","24.996064000","1.2.1","host",
"4058","24.996081000","host","1.2.1",
"4059","24.996649000","host","1.7.0",
"4060","24.997090000","1.2.1","host",
"4061","24.997149000","host","1.2.1",
"4062","24.998060000","1.2.1","host",
"4063","24.998073000","host","1.2.1",
"4064","24.998113000","1.7.0","host",
"4065","24.999083000","1.2.1","host",
"4066","24.999175000","host","1.2.1",
"4067","25.000063000","1.2.1","host",
"4068","25.000080000","host","1.2.1",
"4069","25.001062000","1.2.1","host",
"4070","25.001075000","host","1.2.1",
"4071","25.002080000","1.2.1","host",
"4072","25.002150000","host","1.2.1",
"4073","25.003062000","1.2.1","host",
"4074","25.003076000","host","1.2.1",
"4075","25.004063000","1.2.1","host",
"4076","25.004080000","host","1.2.1",
"4077","25.005062000","1.2.1","host",
"4078","25.005077000","host","1.2.1",
"4079","25.006087000","1.2.1","host",
"4080","25.006131000","host","1.2.1",
"4081","25.007081000","1.2.1","host",
"4082","25.007177000","host","1.2.1",
"4083","25.008062000","1.2.1","host",
"4084","25.008080000","host","1.2.1",
"4085","25.009063000","1.2.1","host",
"4086","25.009078000","host","1.2.1",
"4087","25.010061000","1.2.1","host",
"4088","25.010075000","host","1.2.1",
"4089","25.011061000","1.2.1","host",
"4090","25.011076000","host","1.2.1",
"4091","25.012068000","1.2.1","host",
"4092","25.012089000","host","1.2.1",
"4093","25.013093000","1.2.1","host",
"4094","25.013185000","host","1.2.1",
"4095","25.014086000","1.2.1","host",
"4096","25.014178000","host","1.2.1",
"4097","25.015079000","1.2.1","host",
"4098","25.015175000","host","1.2.1",
"4099","25.016105000","1.2.1","host",
"4100","25.016118000","host","1.2.1",
"4101","25.017062000","1.2.1","host",
"4102","25.017077000","host","1.2.1",
"4103","25.018085000","1.2.1","host",
"4104","25.018159000","host","1.2.1",
"4105","25.019080000","1.2.1","host",
"4106","25.019175000","host","1.2.1",
"4107","25.020080000","1.2.1","host",
"4108","25.020149000","host","1.2.1",
"4109","25.021063000","1.2.1","host",
"4110","25.021080000","host","1.2.1",
"4111","25.022086000","1.2.1","host",
"4112","25.022160000","host","1.2.1",
"4113","25.023083000","1.2.1","host",
"4114","25.023179000","host","1.2.1",
"4115","25.024083000","1.2.1","host",
"4116","25.024154000","host","1.2.1",
"4117","25.025062000","1.2.1","host",
"4118","25.025078000","host","1.2.1",
"4119","25.026062000","1.2.1","host",
"4120","25.026075000","host","1.2.1",
"4121","25.027081000","1.2.1","host",
"4122","25.027123000","host","1.2.1",
"4123","25.028062000","1.2.1","host",
"4124","25.028076000","host","1.2.1",
"4125","25.029065000","1.2.1","host",
"4126","25.029082000","host","1.2.1",
"4127","25.030084000","1.2.1","host",
"4128","25.030160000","host","1.2.1",
"4129","25.031082000","1.2.1","host",
"4130","25.031150000","host","1.2.1",
"4131","25.032060000","1.2.1","host",
"4132","25.032074000","host","1.2.1",
"4133","25.033064000","1.2.1","host",
"4134","25.033079000","host","1.2.1",
"4135","25.034063000","1.2.1","host",
"4136","25.034078000","host","1.2.1",
"4137","25.035062000","1.2.1","host",
"4138","25.035077000","host","1.2.1",
"4139","25.036063000","1.2.1","host",
"4140","25.036080000","host","1.2.1",
"4141","25.037063000","1.2.1","host",
"4142","25.037078000","host","1.2.1",
"4143","25.038064000","1.2.1","host",
"4144","25.038082000","host","1.2.1",
"4145","25.040062000","1.2.1","host",
"4146","25.040077000","host","1.2.1",
"4147","25.041062000","1.2.1","host",
"4148","25.041076000","host","1.2.1",
"4149","25.042061000","1.2.1","host",
"4150","25.042077000","host","1.2.1",
"4151","25.043062000","1.2.1","host",
"4152","25.043077000","host","1.2.1",
"4153","25.044061000","1.2.1","host",
"4154","25.044075000","host","1.2.1",
"4155","25.045062000","1.2.1","host",
"4156","25.045075000","host","1.2.1",
"4157","25.046066000","1.2.1","host",
"4158","25.046087000","host","1.2.1",
"4159","25.047087000","1.2.1","host",
"4160","25.047163000","host","1.2.1",
"4161","25.048061000","1.2.1","host",
"4162","25.048077000","host","1.2.1",
"4163","25.049061000","1.2.1","host",
"4164","25.049076000","host","1.2.1",
"4165","25.050063000","1.2.1","host",
"4166","25.050079000","host","1.2.1",
"4167","25.051061000","1.2.1","host",
"4168","25.051074000","host","1.2.1",
"4169","25.052061000","1.2.1","host",
"4170","25.052075000","host","1.2.1",
"4171","25.053060000","1.2.1","host",
"4172","25.053073000","host","1.2.1",
"4173","25.054062000","1.2.1","host",
"4174","25.054079000","host","1.2.1",
"4175","25.055088000","1.2.1","host",
"4176","25.055174000","host","1.2.1",
"4177","25.056084000","1.2.1","host",
"4178","25.056174000","host","1.2.1",
"4179","25.057060000","1.2.1","host",
"4180","25.057073000","host","1.2.1",
"4181","25.058063000","1.2.1","host",
"4182","25.058079000","host","1.2.1",
"4183","25.059105000","1.2.1","host",
"4184","25.059119000","host","1.2.1",
"4185","25.060087000","1.2.1","host",
"4186","25.060174000","host","1.2.1",
"4187","25.061079000","1.2.1","host",
"4188","25.061147000","host","1.2.1",
"4189","25.062062000","1.2.1","host",
"4190","25.062076000","host","1.2.1",
"4191","25.063056000","host","1.7.0",
"4192","25.063062000","1.2.1","host",
"4193","25.063068000","host","1.2.1",
"4194","25.064087000","1.2.1","host",
"4195","25.064185000","host","1.2.1",
"4196","25.064445000","1.7.0","host",
"4197","25.065060000","1.2.1","host",
"4198","25.065074000","host","1.2.1",
"4199","25.066062000","1.2.1","host",
"4200","25.066077000","host","1.2.1",
"4201","25.067073000","1.2.1","host",
"4202","25.067089000","host","1.2.1",
"4203","25.068086000","1.2.1","host",
"4204","25.068181000","host","1.2.1",
"4205","25.069077000","1.2.1","host",
"4206","25.069137000","host","1.2.1",
"4207","25.070080000","1.2.1","host",
"4208","25.070150000","host","1.2.1",
"4209","25.071062000","1.2.1","host",
"4210","25.071076000","host","1.2.1",
"4211","25.073090000","1.2.1","host",
"4212","25.073154000","host","1.2.1",
"4213","25.074060000","1.2.1","host",
"4214","25.074075000","host","1.2.1",
"4215","25.075061000","1.2.1","host",
"4216","25.075075000","host","1.2.1",
"4217","25.076079000","1.2.1","host",
"4218","25.076149000","host","1.2.1",
"4219","25.077081000","1.2.1","host",
"4220","25.077151000","host","1.2.1",
"4221","25.078062000","1.2.1","host",
"4222","25.078080000","host","1.2.1",
"4223","25.079064000","1.2.1","host",
"4224","25.079083000","host","1.2.1",
"4225","25.080063000","1.2.1","host",
"4226","25.080080000","host","1.2.1",
"4227","25.081061000","1.2.1","host",
"4228","25.081077000","host","1.2.1",
"4229","25.082085000","1.2.1","host",
"4230","25.082186000","host","1.2.1",
"4231","25.083061000","1.2.1","host",
"4232","25.083079000","host","1.2.1",
"4233","25.084089000","1.2.1","host",
"4234","25.084163000","host","1.2.1",
"4235","25.085060000","1.2.1","host",
"4236","25.085074000","host","1.2.1",
"4237","25.086088000","1.2.1","host",
"4238","25.086164000","host","1.2.1",
"4239","25.087062000","1.2.1","host",
"4240","25.087077000","host","1.2.1",
"4241","25.088086000","1.2.1","host",
"4242","25.088163000","host","1.2.1",
"4243","25.089061000","1.2.1","host",
"4244","25.089075000","host","1.2.1",
"4245","25.090060000","1.2.1","host",
"4246","25.090073000","host","1.2.1",
"4247","25.091062000","1.2.1","host",
"4248","25.091075000","host","1.2.1",
"4249","25.092061000","1.2.1","host",
"4250","25.092075000","host","1.2.1",
"4251","25.093061000","1.2.1","host",
"4252","25.093074000","host","1.2.1",
"4253","25.094061000","1.2.1","host",
"4254","25.094075000","host","1.2.1",
"4255","25.095082000","1.2.1","host",
"4256","25.095179000","host","1.2.1",
"4257","25.096086000","1.2.1","host",
"4258","25.096164000","host","1.2.1",
"4259","25.097080000","1.2.1","host",
"4260","25.097152000","host","1.2.1",
"4261","25.098061000","1.2.1","host",
"4262","25.098074000","host","1.2.1",
"4263","25.099071000","1.2.1","host",
"4264","25.099087000","host","1.2.1",
"4265","25.100062000","1.2.1","host",
"4266","25.100076000","host","1.2.1",
"4267","25.102085000","1.2.1","host",
"4268","25.102175000","host","1.2.1",
"4269","25.103081000","1.2.1","host",
"4270","25.103153000","host","1.2.1",
"4271","25.104062000","1.2.1","host",
"4272","25.104076000","host","1.2.1",
"4273","25.105090000","1.2.1","host",
"4274","25.105180000","host","1.2.1",
"4275","25.106081000","1.2.1","host",
"4276","25.106175000","host","1.2.1",
"4277","25.107062000","1.2.1","host",
"4278","25.107077000","host","1.2.1",
"4279","25.108061000","1.2.1","host",
"4280","25.108076000","host","1.2.1",
"4281","25.110083000","1.2.1","host",
"4282","25.110131000","host","1.2.1",
"4283","25.111077000","1.2.1","host",
"4284","25.111128000","host","1.2.1",
"4285","25.112062000","1.2.1","host",
"4286","25.112083000","host","1.2.1",
"4287","25.113061000","1.2.1","host",
"4288","25.113077000","host","1.2.1",
"4289","25.114063000","1.2.1","host",
"4290","25.114081000","host","1.2.1",
"4291","25.115063000","1.2.1","host",
"4292","25.115080000","host","1.2.1",
"4293","25.116060000","1.2.1","host",
"4294","25.116072000","host","1.2.1",
"4295","25.117061000","1.2.1","host",
"4296","25.117075000","host","1.2.1",
"4297","25.119061000","1.2.1","host",
"4298","25.119075000","host","1.2.1",
"4299","25.120083000","1.2.1","host",
"4300","25.120156000","host","1.2.1",
"4301","25.121062000","1.2.1","host",
"4302","25.121076000","host","1.2.1",
"4303","25.122083000","1.2.1","host",
"4304","25.122176000","host","1.2.1",
"4305","25.123082000","1.2.1","host",
"4306","25.123180000","host","1.2.1",
"4307","25.125062000","1.2.1","host",
"4308","25.125076000","host","1.2.1",
"4309","25.126086000","1.2.1","host",
"4310","25.126175000","host","1.2.1",
"4311","25.127083000","1.2.1","host",
"4312","25.127154000","host","1.2.1",
"4313","25.128835000","host","1.7.0",
"4314","25.129062000","1.2.1","host",
"4315","25.129076000","host","1.2.1",
"4316","25.130278000","1.7.0","host",
"4317","25.131079000","1.2.1","host",
"4318","25.131148000","host","1.2.1",
"4319","25.132061000","1.2.1","host",
"4320","25.132076000","host","1.2.1",
"4321","25.134083000","1.2.1","host",
"4322","25.134144000","host","1.2.1",
"4323","25.136060000","1.2.1","host",
"4324","25.136073000","host","1.2.1",
"4325","25.138061000","1.2.1","host",
"4326","25.138074000","host","1.2.1",
"4327","25.139086000","1.2.1","host",
"4328","25.139177000","host","1.2.1",
"4329","25.141088000","1.2.1","host",
"4330","25.141150000","host","1.2.1",
"4331","25.142061000","1.2.1","host",
"4332","25.142074000","host","1.2.1",
"4333","25.143061000","1.2.1","host",
"4334","25.143074000","host","1.2.1",
"4335","25.144061000","1.2.1","host",
"4336","25.144075000","host","1.2.1",
"4337","25.145061000","1.2.1","host",
"4338","25.145075000","host","1.2.1",
"4339","25.146064000","1.2.1","host",
"4340","25.146083000","host","1.2.1",
"4341","25.148068000","1.2.1","host",
"4342","25.148095000","host","1.2.1",
"4343","25.149065000","1.2.1","host",
"4344","25.149084000","host","1.2.1",
"4345","25.151067000","1.2.1","host",
"4346","25.151093000","host","1.2.1",
"4347","25.153065000","1.2.1","host",
"4348","25.153089000","host","1.2.1",
"4349","25.155070000","1.2.1","host",
"4350","25.155095000","host","1.2.1",
"4351","25.156063000","1.2.1","host",
"4352","25.156081000","host","1.2.1",
"4353","25.157061000","1.2.1","host",
"4354","25.157076000","host","1.2.1",
"4355","25.158064000","1.2.1","host",
"4356","25.158086000","host","1.2.1",
"4357","25.160068000","1.2.1","host",
"4358","25.160094000","host","1.2.1",
"4359","25.161063000","1.2.1","host",
"4360","25.161079000","host","1.2.1",
"4361","25.162061000","1.2.1","host",
"4362","25.162076000","host","1.2.1",
"4363","25.162129000","host","1.7.0",
"4364","25.163524000","1.7.0","host",
"4365","25.164062000","1.2.1","host",
"4366","25.164081000","host","1.2.1",
"4367","25.166063000","1.2.1","host",
"4368","25.166081000","host","1.2.1",
"4369","25.167062000","1.2.1","host",
"4370","25.167081000","host","1.2.1",
"4371","25.168061000","1.2.1","host",
"4372","25.168076000","host","1.2.1",
"4373","25.170062000","1.2.1","host",
"4374","25.170078000","host","1.2.1",
"4375","25.172066000","1.2.1","host",
"4376","25.172089000","host","1.2.1",
"4377","25.174063000","1.2.1","host",
"4378","25.174080000","host","1.2.1",
"4379","25.176063000","1.2.1","host",
"4380","25.176082000","host","1.2.1",
"4381","25.177061000","1.2.1","host",
"4382","25.177074000","host","1.2.1",
"4383","25.180066000","1.2.1","host",
"4384","25.180089000","host","1.2.1",
"4385","25.183067000","1.2.1","host",
"4386","25.183093000","host","1.2.1",
"4387","25.184064000","1.2.1","host",
"4388","25.184081000","host","1.2.1",
"4389","25.185062000","1.2.1","host",
"4390","25.185075000","host","1.2.1",
"4391","25.189088000","1.2.1","host",
"4392","25.189178000","host","1.2.1",
"4393","25.193063000","1.2.1","host",
"4394","25.193078000","host","1.2.1",
"4395","25.194088000","1.2.1","host",
"4396","25.194179000","host","1.2.1",
"4397","25.203094000","1.2.1","host",
"4398","25.203109000","host","1.2.1",
"4399","25.212062000","1.2.1","host",
"4400","25.212076000","host","1.2.1",
"4401","25.216062000","1.2.1","host",
"4402","25.216078000","host","1.2.1",
"4403","25.219088000","1.2.1","host",
"4404","25.219181000","host","1.2.1",
"4405","25.224089000","1.2.1","host",
"4406","25.224183000","host","1.2.1",
"4407","25.227063000","1.2.1","host",
"4408","25.227083000","host","1.2.1",
"4409","25.227622000","host","1.7.0",
"4410","25.229028000","1.7.0","host",
"4411","25.229079000","1.2.1","host",
"4412","25.229085000","host","1.2.1",
"4413","25.233060000","1.2.1","host",
"4414","25.233073000","host","1.2.1",
"4415","25.236061000","1.2.1","host",
"4416","25.236075000","host","1.2.1",
"4417","25.238083000","1.2.1","host",
"4418","25.238174000","host","1.2.1",
"4419","25.243061000","1.2.1","host",
"4420","25.243075000","host","1.2.1",
"4421","25.244084000","1.2.1","host",
"4422","25.244174000","host","1.2.1",
"4423","25.248084000","1.2.1","host",
"4424","25.248173000","host","1.2.1",
"4425","25.251085000","1.2.1","host",
"4426","25.251167000","host","1.2.1",
"4427","25.255062000","1.2.1","host",
"4428","25.255078000","host","1.2.1",
"4429","25.259061000","1.2.1","host",
"4430","25.259075000","host","1.2.1",
"4431","25.262114000","host","1.7.0",
"4432","25.263108000","1.2.1","host",
"4433","25.263123000","host","1.2.1",
"4434","25.263544000","1.7.0","host",
"4435","25.269083000","1.2.1","host",
"4436","25.269157000","host","1.2.1",
"4437","25.272107000","1.2.1","host",
"4438","25.272194000","host","1.2.1",
"4439","25.282128000","1.2.1","host",
"4440","25.282142000","host","1.2.1",
"4441","25.292105000","1.2.1","host",
"4442","25.292190000","host","1.2.1",
"4443","25.300109000","1.2.1","host",
"4444","25.300145000","host","1.2.1",
"4445","25.302107000","1.2.1","host",
"4446","25.302180000","host","1.2.1",
"4447","25.307110000","1.2.1","host",
"4448","25.307195000","host","1.2.1",
"4449","25.311088000","1.2.1","host",
"4450","25.311103000","host","1.2.1",
"4451","25.316108000","1.2.1","host",
"4452","25.316219000","host","1.2.1",
"4453","25.327154000","host","1.7.0",
"4454","25.328699000","1.7.0","host",
"4455","25.390227000","1.2.3","host",
"4456","25.390303000","host","1.2.3",
"4457","25.390315000","1.2.1","host",
"4458","25.390324000","host","1.2.1",
"4459","25.393142000","host","1.7.0",
"4460","25.394647000","1.7.0","host",
"4461","25.402066000","1.2.3","host",
"4462","25.402083000","host","1.2.3",
"4463","25.418105000","1.2.3","host",
"4464","25.418182000","host","1.2.3",
"4465","25.426308000","host","1.7.0",
"4466","25.427735000","1.7.0","host",
"4467","25.437126000","1.2.1","host",
"4468","25.437147000","host","1.2.1",
"4469","25.437191000","1.2.3","host",
"4470","25.437196000","host","1.2.3",
"4471","25.451067000","1.2.3","host",
"4472","25.451085000","host","1.2.3",
"4473","25.468065000","1.2.1","host",
"4474","25.468091000","host","1.2.1",
"4475","25.492061000","host","1.7.0",
"4476","25.493523000","1.7.0","host",
"4477","25.525302000","host","1.7.0",
"4478","25.526774000","1.7.0","host",
"4479","25.558237000","host","1.7.0",
"4480","25.559675000","1.7.0","host",
"4481","25.622765000","host","1.7.0",
"4482","25.624157000","1.7.0","host",
"4483","25.656393000","host","1.7.0",
"4484","25.657797000","1.7.0","host",
"4485","25.708062000","1.2.1","host",
"4486","25.708083000","host","1.2.1",
"4487","25.714098000","1.2.1","host",
"4488","25.714113000","host","1.2.1",
"4489","25.716081000","1.2.1","host",
"4490","25.716167000","host","1.2.1",
"4491","25.717086000","1.2.1","host",
"4492","25.717131000","host","1.2.1",
"4493","25.721060000","1.2.1","host",
"4494","25.721074000","host","1.2.1",
"4495","25.722727000","host","1.7.0",
"4496","25.724058000","1.2.1","host",
"4497","25.724074000","host","1.2.1",
"4498","25.724149000","1.7.0","host",
"4499","25.725082000","1.2.1","host",
"4500","25.725162000","host","1.2.1",
"4501","25.727095000","1.2.1","host",
"4502","25.727109000","host","1.2.1",
"4503","25.729058000","1.2.1","host",
"4504","25.729071000","host","1.2.1",
"4505","25.730080000","1.2.1","host",
"4506","25.730094000","host","1.2.1",
"4507","25.731083000","1.2.1","host",
"4508","25.731174000","host","1.2.1",
"4509","25.732087000","1.2.1","host",
"4510","25.732166000","host","1.2.1",
"4511","25.733058000","1.2.1","host",
"4512","25.733072000","host","1.2.1",
"4513","25.735060000","1.2.1","host",
"4514","25.735078000","host","1.2.1",
"4515","25.736060000","1.2.1","host",
"4516","25.736076000","host","1.2.1",
"4517","25.738060000","1.2.1","host",
"4518","25.738074000","host","1.2.1",
"4519","25.739058000","1.2.1","host",
"4520","25.739072000","host","1.2.1",
"4521","25.740058000","1.2.1","host",
"4522","25.740069000","host","1.2.1",
"4523","25.742060000","1.2.1","host",
"4524","25.742074000","host","1.2.1",
"4525","25.743059000","1.2.1","host",
"4526","25.743075000","host","1.2.1",
"4527","25.744059000","1.2.1","host",
"4528","25.744073000","host","1.2.1",
"4529","25.745059000","1.2.1","host",
"4530","25.745073000","host","1.2.1",
"4531","25.746060000","1.2.1","host",
"4532","25.746075000","host","1.2.1",
"4533","25.747082000","1.2.1","host",
"4534","25.747153000","host","1.2.1",
"4535","25.748080000","1.2.1","host",
"4536","25.748176000","host","1.2.1",
"4537","25.749078000","1.2.1","host",
"4538","25.749147000","host","1.2.1",
"4539","25.750059000","1.2.1","host",
"4540","25.750073000","host","1.2.1",
"4541","25.751059000","1.2.1","host",
"4542","25.751072000","host","1.2.1",
"4543","25.752084000","1.2.1","host",
"4544","25.752170000","host","1.2.1",
"4545","25.753089000","1.2.1","host",
"4546","25.753122000","host","1.2.1",
"4547","25.754059000","1.2.1","host",
"4548","25.754073000","host","1.2.1",
"4549","25.755081000","1.2.1","host",
"4550","25.755178000","host","1.2.1",
"4551","25.756083000","1.2.1","host",
"4552","25.756163000","host","1.2.1",
"4553","25.757078000","1.2.1","host",
"4554","25.757147000","host","1.2.1",
"4555","25.758058000","1.2.1","host",
"4556","25.758071000","host","1.2.1",
"4557","25.759079000","1.2.1","host",
"4558","25.759132000","host","1.2.1",
"4559","25.760058000","1.2.1","host",
"4560","25.760074000","host","1.2.1",
"4561","25.761082000","1.2.1","host",
"4562","25.761174000","host","1.2.1",
"4563","25.762174000","1.2.1","host",
"4564","25.762188000","host","1.2.1",
"4565","25.763084000","1.2.1","host",
"4566","25.763180000","host","1.2.1",
"4567","25.764089000","1.2.1","host",
"4568","25.764102000","host","1.2.1",
"4569","25.765084000","1.2.1","host",
"4570","25.765179000","host","1.2.1",
"4571","25.766083000","1.2.1","host",
"4572","25.766142000","host","1.2.1",
"4573","25.767058000","1.2.1","host",
"4574","25.767072000","host","1.2.1",
"4575","25.768058000","1.2.1","host",
"4576","25.768073000","host","1.2.1",
"4577","25.769091000","1.2.1","host",
"4578","25.769128000","host","1.2.1",
"4579","25.770082000","1.2.1","host",
"4580","25.770125000","host","1.2.1",
"4581","25.771058000","1.2.1","host",
"4582","25.771073000","host","1.2.1",
"4583","25.772081000","1.2.1","host",
"4584","25.772178000","host","1.2.1",
"4585","25.773080000","1.2.1","host",
"4586","25.773177000","host","1.2.1",
"4587","25.774077000","1.2.1","host",
"4588","25.774162000","host","1.2.1",
"4589","25.775102000","1.2.1","host",
"4590","25.775115000","host","1.2.1",
"4591","25.776081000","1.2.1","host",
"4592","25.776157000","host","1.2.1",
"4593","25.777058000","1.2.1","host",
"4594","25.777071000","host","1.2.1",
"4595","25.778101000","1.2.1","host",
"4596","25.778115000","host","1.2.1",
"4597","25.779060000","1.2.1","host",
"4598","25.779074000","host","1.2.1",
"4599","25.780058000","1.2.1","host",
"4600","25.780071000","host","1.2.1",
"4601","25.781059000","1.2.1","host",
"4602","25.781072000","host","1.2.1",
"4603","25.782058000","1.2.1","host",
"4604","25.782072000","host","1.2.1",
"4605","25.783059000","1.2.1","host",
"4606","25.783080000","host","1.2.1",
"4607","25.784083000","1.2.1","host",
"4608","25.784178000","host","1.2.1",
"4609","25.785085000","1.2.1","host",
"4610","25.785172000","host","1.2.1",
"4611","25.786075000","1.2.1","host",
"4612","25.786143000","host","1.2.1",
"4613","25.787174000","1.2.1","host",
"4614","25.787188000","host","1.2.1",
"4615","25.788089000","1.2.1","host",
"4616","25.788131000","host","1.2.1",
"4617","25.788579000","host","1.7.0",
"4618","25.789088000","1.2.1","host",
"4619","25.789179000","host","1.2.1",
"4620","25.790023000","1.7.0","host",
"4621","25.790079000","1.2.1","host",
"4622","25.790084000","host","1.2.1",
"4623","25.791097000","1.2.1","host",
"4624","25.791131000","host","1.2.1",
"4625","25.792058000","1.2.1","host",
"4626","25.792072000","host","1.2.1",
"4627","25.793059000","1.2.1","host",
"4628","25.793075000","host","1.2.1",
"4629","25.794081000","1.2.1","host",
"4630","25.794176000","host","1.2.1",
"4631","25.795082000","1.2.1","host",
"4632","25.795178000","host","1.2.1",
"4633","25.796080000","1.2.1","host",
"4634","25.796159000","host","1.2.1",
"4635","25.797080000","1.2.1","host",
"4636","25.797157000","host","1.2.1",
"4637","25.798077000","1.2.1","host",
"4638","25.798145000","host","1.2.1",
"4639","25.799058000","1.2.1","host",
"4640","25.799072000","host","1.2.1",
"4641","25.800113000","1.2.1","host",
"4642","25.800127000","host","1.2.1",
"4643","25.801058000","1.2.1","host",
"4644","25.801071000","host","1.2.1",
"4645","25.802077000","1.2.1","host",
"4646","25.802146000","host","1.2.1",
"4647","25.803081000","1.2.1","host",
"4648","25.803172000","host","1.2.1",
"4649","25.804077000","1.2.1","host",
"4650","25.804090000","host","1.2.1",
"4651","25.805059000","1.2.1","host",
"4652","25.805073000","host","1.2.1",
"4653","25.806059000","1.2.1","host",
"4654","25.806075000","host","1.2.1",
"4655","25.807058000","1.2.1","host",
"4656","25.807072000","host","1.2.1",
"4657","25.808060000","1.2.1","host",
"4658","25.808074000","host","1.2.1",
"4659","25.809080000","1.2.1","host",
"4660","25.809172000","host","1.2.1",
"4661","25.810058000","1.2.1","host",
"4662","25.810071000","host","1.2.1",
"4663","25.811058000","1.2.1","host",
"4664","25.811074000","host","1.2.1",
"4665","25.812057000","1.2.1","host",
"4666","25.812097000","host","1.2.1",
"4667","25.813058000","1.2.1","host",
"4668","25.813072000","host","1.2.1",
"4669","25.814058000","1.2.1","host",
"4670","25.814072000","host","1.2.1",
"4671","25.815058000","1.2.1","host",
"4672","25.815072000","host","1.2.1",
"4673","25.816059000","1.2.1","host",
"4674","25.816073000","host","1.2.1",
"4675","25.817058000","1.2.1","host",
"4676","25.817072000","host","1.2.1",
"4677","25.818058000","1.2.1","host",
"4678","25.818071000","host","1.2.1",
"4679","25.819082000","1.2.1","host",
"4680","25.819178000","host","1.2.1",
"4681","25.820081000","1.2.1","host",
"4682","25.820173000","host","1.2.1",
"4683","25.821059000","1.2.1","host",
"4684","25.821074000","host","1.2.1",
"4685","25.821852000","host","1.7.0",
"4686","25.822058000","1.2.1","host",
"4687","25.822072000","host","1.2.1",
"4688","25.823058000","1.2.1","host",
"4689","25.823072000","host","1.2.1",
"4690","25.823278000","1.7.0","host",
"4691","25.824076000","1.2.1","host",
"4692","25.824172000","host","1.2.1",
"4693","25.825082000","1.2.1","host",
"4694","25.825096000","host","1.2.1",
"4695","25.826059000","1.2.1","host",
"4696","25.826074000","host","1.2.1",
"4697","25.827058000","1.2.1","host",
"4698","25.827073000","host","1.2.1",
"4699","25.828057000","1.2.1","host",
"4700","25.828070000","host","1.2.1",
"4701","25.829058000","1.2.1","host",
"4702","25.829072000","host","1.2.1",
"4703","25.830085000","1.2.1","host",
"4704","25.830147000","host","1.2.1",
"4705","25.831079000","1.2.1","host",
"4706","25.831141000","host","1.2.1",
"4707","25.832058000","1.2.1","host",
"4708","25.832071000","host","1.2.1",
"4709","25.833058000","1.2.1","host",
"4710","25.833092000","host","1.2.1",
"4711","25.834060000","1.2.1","host",
"4712","25.834076000","host","1.2.1",
"4713","25.835059000","1.2.1","host",
"4714","25.835073000","host","1.2.1",
"4715","25.836078000","1.2.1","host",
"4716","25.836149000","host","1.2.1",
"4717","25.837177000","1.2.1","host",
"4718","25.837191000","host","1.2.1",
"4719","25.838088000","1.2.1","host",
"4720","25.838134000","host","1.2.1",
"4721","25.839058000","1.2.1","host",
"4722","25.839074000","host","1.2.1",
"4723","25.840058000","1.2.1","host",
"4724","25.840070000","host","1.2.1",
"4725","25.841058000","1.2.1","host",
"4726","25.841073000","host","1.2.1",
"4727","25.842059000","1.2.1","host",
"4728","25.842072000","host","1.2.1",
"4729","25.843081000","1.2.1","host",
"4730","25.843155000","host","1.2.1",
"4731","25.844059000","1.2.1","host",
"4732","25.844072000","host","1.2.1",
"4733","25.845057000","1.2.1","host",
"4734","25.845070000","host","1.2.1",
"4735","25.846121000","1.2.1","host",
"4736","25.846139000","host","1.2.1",
"4737","25.847059000","1.2.1","host",
"4738","25.847075000","host","1.2.1",
"4739","25.848057000","1.2.1","host",
"4740","25.848070000","host","1.2.1",
"4741","25.849058000","1.2.1","host",
"4742","25.849074000","host","1.2.1",
"4743","25.850058000","1.2.1","host",
"4744","25.850072000","host","1.2.1",
"4745","25.851058000","1.2.1","host",
"4746","25.851071000","host","1.2.1",
"4747","25.852058000","1.2.1","host",
"4748","25.852072000","host","1.2.1",
"4749","25.853057000","1.2.1","host",
"4750","25.853071000","host","1.2.1",
"4751","25.854061000","1.2.1","host",
"4752","25.854078000","host","1.2.1",
"4753","25.855059000","1.2.1","host",
"4754","25.855077000","host","1.2.1",
"4755","25.855081000","host","1.7.0",
"4756","25.856059000","1.2.1","host",
"4757","25.856074000","host","1.2.1",
"4758","25.856518000","1.7.0","host",
"4759","25.857057000","1.2.1","host",
"4760","25.857071000","host","1.2.1",
"4761","25.858059000","1.2.1","host",
"4762","25.858074000","host","1.2.1",
"4763","25.859059000","1.2.1","host",
"4764","25.859073000","host","1.2.1",
"4765","25.860080000","1.2.1","host",
"4766","25.860152000","host","1.2.1",
"4767","25.861058000","1.2.1","host",
"4768","25.861071000","host","1.2.1",
"4769","25.862174000","1.2.1","host",
"4770","25.862188000","host","1.2.1",
"4771","25.863080000","1.2.1","host",
"4772","25.863147000","host","1.2.1",
"4773","25.864059000","1.2.1","host",
"4774","25.864073000","host","1.2.1",
"4775","25.865058000","1.2.1","host",
"4776","25.865073000","host","1.2.1",
"4777","25.866058000","1.2.1","host",
"4778","25.866071000","host","1.2.1",
"4779","25.867058000","1.2.1","host",
"4780","25.867072000","host","1.2.1",
"4781","25.868083000","1.2.1","host",
"4782","25.868177000","host","1.2.1",
"4783","25.869081000","1.2.1","host",
"4784","25.869156000","host","1.2.1",
"4785","25.870074000","1.2.1","host",
"4786","25.870148000","host","1.2.1",
"4787","25.871058000","1.2.1","host",
"4788","25.871072000","host","1.2.1",
"4789","25.872080000","1.2.1","host",
"4790","25.872136000","host","1.2.1",
"4791","25.873078000","1.2.1","host",
"4792","25.873147000","host","1.2.1",
"4793","25.874080000","1.2.1","host",
"4794","25.874151000","host","1.2.1",
"4795","25.875059000","1.2.1","host",
"4796","25.875074000","host","1.2.1",
"4797","25.876058000","1.2.1","host",
"4798","25.876072000","host","1.2.1",
"4799","25.877058000","1.2.1","host",
"4800","25.877071000","host","1.2.1",
"4801","25.878058000","1.2.1","host",
"4802","25.878073000","host","1.2.1",
"4803","25.921200000","host","1.7.0",
"4804","25.922735000","1.7.0","host",
