OPEN Col02 path=b'\\\\?\\HID#VID_046D&PID_C54D&MI_02&Col02#7&20812e2d&0&0001#{4d1e55b2-f16f-11cf-88cb-001111000030}'
TX PRESSURE.enable.short(mode=0x02,arg=0x00) write()=-1 10 01 0C 3C 02 3C 00
TX PRESSURE.enable.short(mode=0x02,arg=0x00) send_feature_report()=-1
TX PRESSURE.enable.long_fallback(mode=0x02,arg=0x00) write()=20 11 01 0C 3C 02 3C 00 00 00 00 00 00 00 00 00 00 00 00 00 00
RX PRESSURE.enable.long_fallback(mode=0x02,arg=0x00) len=20 11 01 0C 3C 02 3C 00 00 00 00 00 00 00 00 00 00 00 00 00 00
RX PRESSURE.enable.long_fallback(mode=0x02,arg=0x00) len=20 11 01 0C 10 4E C0 4E 40 00 00 00 00 00 00 00 00 00 00 00 00
RX PRESSURE.enable.long_fallback(mode=0x02,arg=0x00) len=20 11 01 0C 20 4E DD 4E 41 00 00 00 00 00 00 00 00 00 00 00 00
RX PRESSURE.enable.long_fallback(mode=0x02,arg=0x00) len=20 11 01 0C 30 81 1D 79 01 00 00 00 00 00 00 00 00 00 00 00 00
RX PRESSURE.enable.long_fallback(mode=0x02,arg=0x00) len=20 11 01 0C 10 4F 00 4E 40 00 00 00 00 00 00 00 00 00 00 00 00
RX PRESSURE.enable.long_fallback(mode=0x02,arg=0x00) len=20 11 01 0C 20 4E DC 4E 40 00 00 00 00 00 00 00 00 00 00 00 00
RX PRESSURE.enable.long_fallback(mode=0x02,arg=0x00) len=20 11 01 0C 30 81 1C 79 00 00 00 00 00 00 00 00 00 00 00 00 00
RX PRESSURE.enable.long_fallback(mode=0x02,arg=0x00) len=20 11 01 0C 10 4E C0 4E 00 00 00 00 00 00 00 00 00 00 00 00 00
RX PRESSURE.enable.long_fallback(mode=0x02,arg=0x00) len=20 11 01 0C 20 4E DA 4E 3E 00 00 00 00 00 00 00 00 00 00 00 00
RX PRESSURE.enable.long_fallback(mode=0x02,arg=0x00) len=20 11 01 0C 30 81 1A 78 FE 00 00 00 00 00 00 00 00 00 00 00 00
RX PRESSURE.enable.long_fallback(mode=0x02,arg=0x00) len=20 11 01 0C 10 4E C0 4E 80 00 00 00 00 00 00 00 00 00 00 00 00
RX PRESSURE.enable.long_fallback(mode=0x02,arg=0x00) len=20 11 01 0C 20 4E DA 4E 40 00 00 00 00 00 00 00 00 00 00 00 00
RX PRESSURE.enable.long_fallback(mode=0x02,arg=0x00) len=20 11 01 0C 30 81 1A 79 00 00 00 00 00 00 00 00 00 00 00 00 00
RX PRESSURE.enable.long_fallback(mode=0x02,arg=0x00) len=20 11 01 0C 10 4E C0 4E 40 00 00 00 00 00 00 00 00 00 00 00 00
RX PRESSURE.enable.long_fallback(mode=0x02,arg=0x00) len=20 11 01 0C 20 4E DC 4E 42 00 00 00 00 00 00 00 00 00 00 00 00
RX PRESSURE.enable.long_fallback(mode=0x02,arg=0x00) len=20 11 01 0C 30 81 1C 79 02 00 00 00 00 00 00 00 00 00 00 00 00
RX PRESSURE.enable.long_fallback(mode=0x02,arg=0x00) len=20 11 01 0C 10 4E C0 4E 40 00 00 00 00 00 00 00 00 00 00 00 00
RX PRESSURE.enable.long_fallback(mode=0x02,arg=0x00) len=20 11 01 0C 20 4E DC 4E 40 00 00 00 00 00 00 00 00 00 00 00 00
RX PRESSURE.enable.long_fallback(mode=0x02,arg=0x00) len=20 11 01 0C 30 81 1C 79 00 00 00 00 00 00 00 00 00 00 00 00 00
RX PRESSURE.enable.long_fallback(mode=0x02,arg=0x00) len=20 11 01 0C 10 4F 00 4E 40 00 00 00 00 00 00 00 00 00 00 00 00
RX PRESSURE.enable.long_fallback(mode=0x02,arg=0x00) len=20 11 01 0C 20 4E DC 4E 40 00 00 00 00 00 00 00 00 00 00 00 00
RX PRESSURE.enable.long_fallback(mode=0x02,arg=0x00) len=20 11 01 0C 30 81 1C 79 00 00 00 00 00 00 00 00 00 00 00 00 00
RX PRESSURE.enable.long_fallback(mode=0x02,arg=0x00) len=20 11 01 0C 10 4F 00 4E 40 00 00 00 00 00 00 00 00 00 00 00 00
RX PRESSURE.enable.long_fallback(mode=0x02,arg=0x00) len=20 11 01 0C 20 4E DE 4E 40 00 00 00 00 00 00 00 00 00 00 00 00
RX PRESSURE.enable.long_fallback(mode=0x02,arg=0x00) len=20 11 01 0C 30 81 1E 79 00 00 00 00 00 00 00 00 00 00 00 00 00
RX PRESSURE.enable.long_fallback(mode=0x02,arg=0x00) len=20 11 01 0C 10 4F 00 4E 40 00 00 00 00 00 00 00 00 00 00 00 00
RX PRESSURE.enable.long_fallback(mode=0x02,arg=0x00) len=20 11 01 0C 20 4E DF 4E 41 00 00 00 00 00 00 00 00 00 00 00 00
RX PRESSURE.enable.long_fallback(mode=0x02,arg=0x00) len=20 11 01 0C 30 81 1F 79 01 00 00 00 00 00 00 00 00 00 00 00 00
RX PRESSURE.enable.long_fallback(mode=0x02,arg=0x00) len=20 11 01 0C 10 4F 40 4E 40 00 00 00 00 00 00 00 00 00 00 00 00
RX PRESSURE.enable.long_fallback(mode=0x02,arg=0x00) len=20 11 01 0C 20 4E E1 4E 41 00 00 00 00 00 00 00 00 00 00 00 00
RX PRESSURE.enable.long_fallback(mode=0x02,arg=0x00) len=20 11 01 0C 30 81 21 79 01 00 00 00 00 00 00 00 00 00 00 00 00
READ begin (Ctrl+C to stop)
[   0.534s] feature0x0C addr=0x10 raw=11 01 0C 10 4F 00 4E 40 00 00 00 00 00 00 00 00 00 00 00 00
[   0.534s] feature0x0C addr=0x20 raw=11 01 0C 20 4E DF 4E 41 00 00 00 00 00 00 00 00 00 00 00 00
[   0.536s] feature0x0C addr=0x30 raw=11 01 0C 30 81 1F 79 01 00 00 00 00 00 00 00 00 00 00 00 00
[   0.549s] feature0x0C addr=0x10 raw=11 01 0C 10 4E C0 4E 40 00 00 00 00 00 00 00 00 00 00 00 00
[   0.551s] feature0x0C addr=0x20 raw=11 01 0C 20 4E DD 4E 41 00 00 00 00 00 00 00 00 00 00 00 00
[   0.551s] feature0x0C addr=0x30 raw=11 01 0C 30 81 1D 79 01 00 00 00 00 00 00 00 00 00 00 00 00
[   0.567s] feature0x0C addr=0x10 raw=11 01 0C 10 4E C0 4E 40 00 00 00 00 00 00 00 00 00 00 00 00
[   0.568s] feature0x0C addr=0x20 raw=11 01 0C 20 4E DF 4E 41 00 00 00 00 00 00 00 00 00 00 00 00
[   0.568s] feature0x0C addr=0x30 raw=11 01 0C 30 81 1F 79 01 00 00 00 00 00 00 00 00 00 00 00 00
[   0.582s] feature0x0C addr=0x10 raw=11 01 0C 10 4F 00 4E 40 00 00 00 00 00 00 00 00 00 00 00 00
[   0.584s] feature0x0C addr=0x20 raw=11 01 0C 20 4E DF 4E 41 00 00 00 00 00 00 00 00 00 00 00 00
[   0.585s] feature0x0C addr=0x30 raw=11 01 0C 30 81 1F 79 01 00 00 00 00 00 00 00 00 00 00 00 00
[   0.599s] feature0x0C addr=0x10 raw=11 01 0C 10 4F 00 4E 40 00 00 00 00 00 00 00 00 00 00 00 00
[   0.601s] feature0x0C addr=0x20 raw=11 01 0C 20 4E DE 4E 40 00 00 00 00 00 00 00 00 00 00 00 00
[   0.601s] feature0x0C addr=0x30 raw=11 01 0C 30 81 1E 79 00 00 00 00 00 00 00 00 00 00 00 00 00
[   0.616s] feature0x0C addr=0x10 raw=11 01 0C 10 4F 00 4E 80 00 00 00 00 00 00 00 00 00 00 00 00
[   0.618s] feature0x0C addr=0x20 raw=11 01 0C 20 4E DC 4E 42 00 00 00 00 00 00 00 00 00 00 00 00
[   0.618s] feature0x0C addr=0x30 raw=11 01 0C 30 81 1C 79 02 00 00 00 00 00 00 00 00 00 00 00 00
[   0.633s] feature0x0C addr=0x10 raw=11 01 0C 10 4E 80 4E 00 00 00 00 00 00 00 00 00 00 00 00 00
[   0.634s] feature0x0C addr=0x20 raw=11 01 0C 20 4E DA 4E 40 00 00 00 00 00 00 00 00 00 00 00 00
[   0.634s] feature0x0C addr=0x30 raw=11 01 0C 30 81 1A 79 00 00 00 00 00 00 00 00 00 00 00 00 00
[   0.649s] feature0x0C addr=0x10 raw=11 01 0C 10 4F 00 4E 80 00 00 00 00 00 00 00 00 00 00 00 00
[   0.651s] feature0x0C addr=0x20 raw=11 01 0C 20 4E DA 4E 40 00 00 00 00 00 00 00 00 00 00 00 00
[   0.651s] feature0x0C addr=0x30 raw=11 01 0C 30 81 1A 79 00 00 00 00 00 00 00 00 00 00 00 00 00
[   0.665s] feature0x0C addr=0x10 raw=11 01 0C 10 4E C0 4E 40 00 00 00 00 00 00 00 00 00 00 00 00
[   0.667s] feature0x0C addr=0x20 raw=11 01 0C 20 4E D8 4E 40 00 00 00 00 00 00 00 00 00 00 00 00
[   0.667s] feature0x0C addr=0x30 raw=11 01 0C 30 81 18 79 00 00 00 00 00 00 00 00 00 00 00 00 00
[   0.683s] feature0x0C addr=0x10 raw=11 01 0C 10 4E C0 4E 40 00 00 00 00 00 00 00 00 00 00 00 00
[   0.683s] feature0x0C addr=0x20 raw=11 01 0C 20 4E D8 4E 40 00 00 00 00 00 00 00 00 00 00 00 00
[   0.685s] feature0x0C addr=0x30 raw=11 01 0C 30 81 18 79 00 00 00 00 00 00 00 00 00 00 00 00 00
[   0.699s] feature0x0C addr=0x10 raw=11 01 0C 10 4E C0 4E 40 00 00 00 00 00 00 00 00 00 00 00 00
[   0.700s] feature0x0C addr=0x20 raw=11 01 0C 20 4E D8 4E 40 00 00 00 00 00 00 00 00 00 00 00 00
[   0.702s] feature0x0C addr=0x30 raw=11 01 0C 30 81 18 79 00 00 00 00 00 00 00 00 00 00 00 00 00
[   0.715s] feature0x0C addr=0x10 raw=11 01 0C 10 4E C0 4E 40 00 00 00 00 00 00 00 00 00 00 00 00
[   0.716s] feature0x0C addr=0x20 raw=11 01 0C 20 4E D9 4E 41 00 00 00 00 00 00 00 00 00 00 00 00
[   0.718s] feature0x0C addr=0x30 raw=11 01 0C 30 81 19 79 01 00 00 00 00 00 00 00 00 00 00 00 00
[   0.733s] feature0x0C addr=0x10 raw=11 01 0C 10 4E C0 4E 80 00 00 00 00 00 00 00 00 00 00 00 00
[   0.733s] feature0x0C addr=0x20 raw=11 01 0C 20 4E DB 4E 41 00 00 00 00 00 00 00 00 00 00 00 00
[   0.734s] feature0x0C addr=0x30 raw=11 01 0C 30 81 1B 79 01 00 00 00 00 00 00 00 00 00 00 00 00
[   0.748s] feature0x0C addr=0x10 raw=11 01 0C 10 4F 00 4E 40 00 00 00 00 00 00 00 00 00 00 00 00
[   0.750s] feature0x0C addr=0x20 raw=11 01 0C 20 4E D9 4E 41 00 00 00 00 00 00 00 00 00 00 00 00
[   0.750s] feature0x0C addr=0x30 raw=11 01 0C 30 81 19 79 01 00 00 00 00 00 00 00 00 00 00 00 00
[   0.765s] feature0x0C addr=0x10 raw=11 01 0C 10 4E C0 4E 40 00 00 00 00 00 00 00 00 00 00 00 00
[   0.767s] feature0x0C addr=0x20 raw=11 01 0C 20 4E D7 4E 43 00 00 00 00 00 00 00 00 00 00 00 00
[   0.767s] feature0x0C addr=0x30 raw=11 01 0C 30 81 17 79 03 00 00 00 00 00 00 00 00 00 00 00 00
[   0.782s] feature0x0C addr=0x10 raw=11 01 0C 10 4E C0 4E 40 00 00 00 00 00 00 00 00 00 00 00 00
[   0.784s] feature0x0C addr=0x20 raw=11 01 0C 20 4E D7 4E 41 00 00 00 00 00 00 00 00 00 00 00 00
[   0.784s] feature0x0C addr=0x30 raw=11 01 0C 30 81 17 79 01 00 00 00 00 00 00 00 00 00 00 00 00
[   0.799s] feature0x0C addr=0x10 raw=11 01 0C 10 4E C0 4E 00 00 00 00 00 00 00 00 00 00 00 00 00
[   0.800s] feature0x0C addr=0x20 raw=11 01 0C 20 4E D5 4E 3F 00 00 00 00 00 00 00 00 00 00 00 00
[   0.801s] feature0x0C addr=0x30 raw=11 01 0C 30 81 15 78 FF 00 00 00 00 00 00 00 00 00 00 00 00
[   0.816s] feature0x0C addr=0x10 raw=11 01 0C 10 4E C0 4E 40 00 00 00 00 00 00 00 00 00 00 00 00
[   0.816s] feature0x0C addr=0x20 raw=11 01 0C 20 4E D4 4E 3E 00 00 00 00 00 00 00 00 00 00 00 00
[   0.818s] feature0x0C addr=0x30 raw=11 01 0C 30 81 14 78 FE 00 00 00 00 00 00 00 00 00 00 00 00
[   0.832s] feature0x0C addr=0x10 raw=11 01 0C 10 4F 00 4E 40 00 00 00 00 00 00 00 00 00 00 00 00
[   0.832s] feature0x0C addr=0x20 raw=11 01 0C 20 4E D2 4E 40 00 00 00 00 00 00 00 00 00 00 00 00
[   0.834s] feature0x0C addr=0x30 raw=11 01 0C 30 81 12 79 00 00 00 00 00 00 00 00 00 00 00 00 00
[   0.849s] feature0x0C addr=0x10 raw=11 01 0C 10 4E C0 4E 40 00 00 00 00 00 00 00 00 00 00 00 00
[   0.850s] feature0x0C addr=0x20 raw=11 01 0C 20 4E D4 4E 42 00 00 00 00 00 00 00 00 00 00 00 00
[   0.850s] feature0x0C addr=0x30 raw=11 01 0C 30 81 14 79 02 00 00 00 00 00 00 00 00 00 00 00 00
[   0.867s] feature0x0C addr=0x10 raw=11 01 0C 10 4E C0 4E 80 00 00 00 00 00 00 00 00 00 00 00 00
[   0.867s] feature0x0C addr=0x20 raw=11 01 0C 20 4E D6 4E 42 00 00 00 00 00 00 00 00 00 00 00 00
[   0.867s] feature0x0C addr=0x30 raw=11 01 0C 30 81 16 79 02 00 00 00 00 00 00 00 00 00 00 00 00
[   0.881s] feature0x0C addr=0x10 raw=11 01 0C 10 4E C0 4E 40 00 00 00 00 00 00 00 00 00 00 00 00
[   0.883s] feature0x0C addr=0x20 raw=11 01 0C 20 4E D8 4E 42 00 00 00 00 00 00 00 00 00 00 00 00
[   0.883s] feature0x0C addr=0x30 raw=11 01 0C 30 81 18 79 02 00 00 00 00 00 00 00 00 00 00 00 00
[   0.899s] feature0x0C addr=0x10 raw=11 01 0C 10 4F 00 4E 40 00 00 00 00 00 00 00 00 00 00 00 00
[   0.899s] feature0x0C addr=0x20 raw=11 01 0C 20 4E DA 4E 42 00 00 00 00 00 00 00 00 00 00 00 00
[   0.901s] feature0x0C addr=0x30 raw=11 01 0C 30 81 1A 79 02 00 00 00 00 00 00 00 00 00 00 00 00
[   0.914s] feature0x0C addr=0x10 raw=11 01 0C 10 4F 00 4E 80 00 00 00 00 00 00 00 00 00 00 00 00
[   0.916s] feature0x0C addr=0x20 raw=11 01 0C 20 4E D9 4E 43 00 00 00 00 00 00 00 00 00 00 00 00
[   0.916s] feature0x0C addr=0x30 raw=11 01 0C 30 81 19 79 03 00 00 00 00 00 00 00 00 00 00 00 00
[   0.931s] feature0x0C addr=0x10 raw=11 01 0C 10 4F 00 4E 40 00 00 00 00 00 00 00 00 00 00 00 00
[   0.933s] feature0x0C addr=0x20 raw=11 01 0C 20 4E D9 4E 45 00 00 00 00 00 00 00 00 00 00 00 00
[   0.933s] feature0x0C addr=0x30 raw=11 01 0C 30 81 19 79 05 00 00 00 00 00 00 00 00 00 00 00 00
[   0.948s] feature0x0C addr=0x10 raw=11 01 0C 10 4E 80 4E 40 00 00 00 00 00 00 00 00 00 00 00 00
[   0.950s] feature0x0C addr=0x20 raw=11 01 0C 20 4E D9 4E 47 00 00 00 00 00 00 00 00 00 00 00 00
[   0.950s] feature0x0C addr=0x30 raw=11 01 0C 30 81 19 79 07 00 00 00 00 00 00 00 00 00 00 00 00
[   0.964s] feature0x0C addr=0x10 raw=11 01 0C 10 4F 40 4E 80 00 00 00 00 00 00 00 00 00 00 00 00
[   0.966s] feature0x0C addr=0x20 raw=11 01 0C 20 4E DB 4E 47 00 00 00 00 00 00 00 00 00 00 00 00
[   0.967s] feature0x0C addr=0x30 raw=11 01 0C 30 81 1B 79 07 00 00 00 00 00 00 00 00 00 00 00 00
[   0.982s] feature0x0C addr=0x10 raw=11 01 0C 10 4F 00 4E 40 00 00 00 00 00 00 00 00 00 00 00 00
[   0.983s] feature0x0C addr=0x20 raw=11 01 0C 20 4E DD 4E 47 00 00 00 00 00 00 00 00 00 00 00 00
[   0.983s] feature0x0C addr=0x30 raw=11 01 0C 30 81 1D 79 07 00 00 00 00 00 00 00 00 00 00 00 00
[   0.998s] feature0x0C addr=0x10 raw=11 01 0C 10 4E C0 4E 80 00 00 00 00 00 00 00 00 00 00 00 00
[   0.998s] feature0x0C addr=0x20 raw=11 01 0C 20 4E DD 4E 45 00 00 00 00 00 00 00 00 00 00 00 00
[   1.000s] feature0x0C addr=0x30 raw=11 01 0C 30 81 1D 79 05 00 00 00 00 00 00 00 00 00 00 00 00
[   1.015s] feature0x0C addr=0x10 raw=11 01 0C 10 4F 00 4E 40 00 00 00 00 00 00 00 00 00 00 00 00
[   1.015s] feature0x0C addr=0x20 raw=11 01 0C 20 4E DD 4E 43 00 00 00 00 00 00 00 00 00 00 00 00
[   1.017s] feature0x0C addr=0x30 raw=11 01 0C 30 81 1D 79 03 00 00 00 00 00 00 00 00 00 00 00 00
[   1.032s] feature0x0C addr=0x10 raw=11 01 0C 10 4F 00 4E 80 00 00 00 00 00 00 00 00 00 00 00 00
[   1.032s] feature0x0C addr=0x20 raw=11 01 0C 20 4E DE 4E 44 00 00 00 00 00 00 00 00 00 00 00 00
[   1.034s] feature0x0C addr=0x30 raw=11 01 0C 30 81 1E 79 04 00 00 00 00 00 00 00 00 00 00 00 00
[   1.047s] feature0x0C addr=0x10 raw=11 01 0C 10 4E C0 4E 80 00 00 00 00 00 00 00 00 00 00 00 00
[   1.049s] feature0x0C addr=0x20 raw=11 01 0C 20 4E E0 4E 42 00 00 00 00 00 00 00 00 00 00 00 00
[   1.049s] feature0x0C addr=0x30 raw=11 01 0C 30 81 20 79 02 00 00 00 00 00 00 00 00 00 00 00 00
[   1.066s] feature0x0C addr=0x10 raw=11 01 0C 10 4E C0 4E 00 00 00 00 00 00 00 00 00 00 00 00 00
[   1.066s] feature0x0C addr=0x20 raw=11 01 0C 20 4E E0 4E 40 00 00 00 00 00 00 00 00 00 00 00 00
[   1.066s] feature0x0C addr=0x30 raw=11 01 0C 30 81 20 79 00 00 00 00 00 00 00 00 00 00 00 00 00
[   1.080s] feature0x0C addr=0x10 raw=11 01 0C 10 4F 00 4E 40 00 00 00 00 00 00 00 00 00 00 00 00
[   1.081s] feature0x0C addr=0x20 raw=11 01 0C 20 4E E0 4E 42 00 00 00 00 00 00 00 00 00 00 00 00
[   1.083s] feature0x0C addr=0x30 raw=11 01 0C 30 81 20 79 02 00 00 00 00 00 00 00 00 00 00 00 00
[   1.098s] feature0x0C addr=0x10 raw=11 01 0C 10 4E C0 4E 40 00 00 00 00 00 00 00 00 00 00 00 00
[   1.098s] feature0x0C addr=0x20 raw=11 01 0C 20 4E E2 4E 40 00 00 00 00 00 00 00 00 00 00 00 00
[   1.100s] feature0x0C addr=0x30 raw=11 01 0C 30 81 22 79 00 00 00 00 00 00 00 00 00 00 00 00 00
[   1.115s] feature0x0C addr=0x10 raw=11 01 0C 10 4E C0 4E 80 00 00 00 00 00 00 00 00 00 00 00 00
[   1.115s] feature0x0C addr=0x20 raw=11 01 0C 20 4E E2 4E 42 00 00 00 00 00 00 00 00 00 00 00 00
[   1.116s] feature0x0C addr=0x30 raw=11 01 0C 30 81 22 79 02 00 00 00 00 00 00 00 00 00 00 00 00
[   1.130s] feature0x0C addr=0x10 raw=11 01 0C 10 4E C0 4E 40 00 00 00 00 00 00 00 00 00 00 00 00
[   1.132s] feature0x0C addr=0x20 raw=11 01 0C 20 4E E1 4E 41 00 00 00 00 00 00 00 00 00 00 00 00
[   1.132s] feature0x0C addr=0x30 raw=11 01 0C 30 81 21 79 01 00 00 00 00 00 00 00 00 00 00 00 00
[   1.148s] feature0x0C addr=0x10 raw=11 01 0C 10 4F 00 4E 40 00 00 00 00 00 00 00 00 00 00 00 00
[   1.148s] feature0x0C addr=0x20 raw=11 01 0C 20 4E E3 4E 41 00 00 00 00 00 00 00 00 00 00 00 00
[   1.150s] feature0x0C addr=0x30 raw=11 01 0C 30 81 23 79 01 00 00 00 00 00 00 00 00 00 00 00 00
[   1.163s] feature0x0C addr=0x10 raw=11 01 0C 10 4E C0 4E 40 00 00 00 00 00 00 00 00 00 00 00 00
[   1.165s] feature0x0C addr=0x20 raw=11 01 0C 20 4E E1 4E 41 00 00 00 00 00 00 00 00 00 00 00 00
[   1.165s] feature0x0C addr=0x30 raw=11 01 0C 30 81 21 79 01 00 00 00 00 00 00 00 00 00 00 00 00
[   1.180s] feature0x0C addr=0x10 raw=11 01 0C 10 4E C0 4E 40 00 00 00 00 00 00 00 00 00 00 00 00
[   1.182s] feature0x0C addr=0x20 raw=11 01 0C 20 4E DF 4E 43 00 00 00 00 00 00 00 00 00 00 00 00
[   1.183s] feature0x0C addr=0x30 raw=11 01 0C 30 81 1F 79 03 00 00 00 00 00 00 00 00 00 00 00 00
[   1.200s] feature0x0C addr=0x10 raw=11 01 0C 10 4E C0 4E 40 00 00 00 00 00 00 00 00 00 00 00 00
[   1.200s] feature0x0C addr=0x20 raw=11 01 0C 20 4E DF 4E 43 00 00 00 00 00 00 00 00 00 00 00 00
[   1.200s] feature0x0C addr=0x30 raw=11 01 0C 30 81 1F 79 03 00 00 00 00 00 00 00 00 00 00 00 00
[   1.214s] feature0x0C addr=0x10 raw=11 01 0C 10 4E C0 4E 40 00 00 00 00 00 00 00 00 00 00 00 00
[   1.214s] feature0x0C addr=0x20 raw=11 01 0C 20 4E DF 4E 41 00 00 00 00 00 00 00 00 00 00 00 00
[   1.215s] feature0x0C addr=0x30 raw=11 01 0C 30 81 1F 79 01 00 00 00 00 00 00 00 00 00 00 00 00
[   1.231s] feature0x0C addr=0x10 raw=11 01 0C 10 4E C0 4E 40 00 00 00 00 00 00 00 00 00 00 00 00
[   1.231s] feature0x0C addr=0x20 raw=11 01 0C 20 4E DF 4E 41 00 00 00 00 00 00 00 00 00 00 00 00
[   1.233s] feature0x0C addr=0x30 raw=11 01 0C 30 81 1F 79 01 00 00 00 00 00 00 00 00 00 00 00 00
[   1.249s] feature0x0C addr=0x10 raw=11 01 0C 10 4E C0 4E 40 00 00 00 00 00 00 00 00 00 00 00 00
[   1.249s] feature0x0C addr=0x20 raw=11 01 0C 20 4E E0 4E 40 00 00 00 00 00 00 00 00 00 00 00 00
[   1.249s] feature0x0C addr=0x30 raw=11 01 0C 30 81 20 79 00 00 00 00 00 00 00 00 00 00 00 00 00
[   1.264s] feature0x0C addr=0x10 raw=11 01 0C 10 4F 00 4E 40 00 00 00 00 00 00 00 00 00 00 00 00
[   1.266s] feature0x0C addr=0x20 raw=11 01 0C 20 4E E0 4E 40 00 00 00 00 00 00 00 00 00 00 00 00
[   1.266s] feature0x0C addr=0x30 raw=11 01 0C 30 81 20 79 00 00 00 00 00 00 00 00 00 00 00 00 00
[   1.281s] feature0x0C addr=0x10 raw=11 01 0C 10 4E C0 4E 40 00 00 00 00 00 00 00 00 00 00 00 00
[   1.283s] feature0x0C addr=0x20 raw=11 01 0C 20 4E DE 4E 40 00 00 00 00 00 00 00 00 00 00 00 00
[   1.284s] feature0x0C addr=0x30 raw=11 01 0C 30 81 1E 79 00 00 00 00 00 00 00 00 00 00 00 00 00
[   1.298s] feature0x0C addr=0x10 raw=11 01 0C 10 4E C0 4E 40 00 00 00 00 00 00 00 00 00 00 00 00
[   1.298s] feature0x0C addr=0x20 raw=11 01 0C 20 4E DE 4E 40 00 00 00 00 00 00 00 00 00 00 00 00
[   1.300s] feature0x0C addr=0x30 raw=11 01 0C 30 81 1E 79 00 00 00 00 00 00 00 00 00 00 00 00 00
[   1.314s] feature0x0C addr=0x10 raw=11 01 0C 10 4F 00 4E 40 00 00 00 00 00 00 00 00 00 00 00 00
[   1.316s] feature0x0C addr=0x20 raw=11 01 0C 20 4E E0 4E 40 00 00 00 00 00 00 00 00 00 00 00 00
[   1.316s] feature0x0C addr=0x30 raw=11 01 0C 30 81 20 79 00 00 00 00 00 00 00 00 00 00 00 00 00
[   1.330s] feature0x0C addr=0x10 raw=11 01 0C 10 4E C0 4E 40 00 00 00 00 00 00 00 00 00 00 00 00
[   1.332s] feature0x0C addr=0x20 raw=11 01 0C 20 4E E0 4E 40 00 00 00 00 00 00 00 00 00 00 00 00
[   1.332s] feature0x0C addr=0x30 raw=11 01 0C 30 81 20 79 00 00 00 00 00 00 00 00 00 00 00 00 00
[   1.348s] feature0x0C addr=0x10 raw=11 01 0C 10 4F 00 4E 40 00 00 00 00 00 00 00 00 00 00 00 00
[   1.348s] feature0x0C addr=0x20 raw=11 01 0C 20 4E E0 4E 40 00 00 00 00 00 00 00 00 00 00 00 00
[   1.350s] feature0x0C addr=0x30 raw=11 01 0C 30 81 20 79 00 00 00 00 00 00 00 00 00 00 00 00 00
[   1.364s] feature0x0C addr=0x10 raw=11 01 0C 10 4E C0 4E 80 00 00 00 00 00 00 00 00 00 00 00 00
[   1.366s] feature0x0C addr=0x20 raw=11 01 0C 20 4E E1 4E 41 00 00 00 00 00 00 00 00 00 00 00 00
[   1.366s] feature0x0C addr=0x30 raw=11 01 0C 30 81 21 79 01 00 00 00 00 00 00 00 00 00 00 00 00
[   1.380s] feature0x0C addr=0x10 raw=11 01 0C 10 4E C0 4E 40 00 00 00 00 00 00 00 00 00 00 00 00
[   1.382s] feature0x0C addr=0x20 raw=11 01 0C 20 4E E1 4E 41 00 00 00 00 00 00 00 00 00 00 00 00
[   1.382s] feature0x0C addr=0x30 raw=11 01 0C 30 81 21 79 01 00 00 00 00 00 00 00 00 00 00 00 00
[   1.399s] feature0x0C addr=0x10 raw=11 01 0C 10 4F 00 4E 80 00 00 00 00 00 00 00 00 00 00 00 00
[   1.399s] feature0x0C addr=0x20 raw=11 01 0C 20 4E E1 4E 41 00 00 00 00 00 00 00 00 00 00 00 00
[   1.399s] feature0x0C addr=0x30 raw=11 01 0C 30 81 21 79 01 00 00 00 00 00 00 00 00 00 00 00 00
[   1.413s] feature0x0C addr=0x10 raw=11 01 0C 10 4F 00 4E 40 00 00 00 00 00 00 00 00 00 00 00 00
[   1.414s] feature0x0C addr=0x20 raw=11 01 0C 20 4E E1 4E 43 00 00 00 00 00 00 00 00 00 00 00 00
[   1.416s] feature0x0C addr=0x30 raw=11 01 0C 30 81 21 79 03 00 00 00 00 00 00 00 00 00 00 00 00
[   1.431s] feature0x0C addr=0x10 raw=11 01 0C 10 4F 00 4E 80 00 00 00 00 00 00 00 00 00 00 00 00
[   1.431s] feature0x0C addr=0x20 raw=11 01 0C 20 4E E3 4E 41 00 00 00 00 00 00 00 00 00 00 00 00
[   1.432s] feature0x0C addr=0x30 raw=11 01 0C 30 81 23 79 01 00 00 00 00 00 00 00 00 00 00 00 00
[   1.447s] feature0x0C addr=0x10 raw=11 01 0C 10 4F 00 4E 40 00 00 00 00 00 00 00 00 00 00 00 00
[   1.449s] feature0x0C addr=0x20 raw=11 01 0C 20 4E E5 4E 41 00 00 00 00 00 00 00 00 00 00 00 00
[   1.450s] feature0x0C addr=0x30 raw=11 01 0C 30 81 25 79 01 00 00 00 00 00 00 00 00 00 00 00 00
[   1.464s] feature0x0C addr=0x10 raw=11 01 0C 10 52 40 4E 40 00 00 00 00 00 00 00 00 00 00 00 00
[   1.464s] feature0x0C addr=0x20 raw=11 01 0C 20 4E E6 4E 40 00 00 00 00 00 00 00 00 00 00 00 00
[   1.466s] feature0x0C addr=0x30 raw=11 01 0C 30 81 26 79 00 00 00 00 00 00 00 00 00 00 00 00 00
[   1.480s] feature0x0C addr=0x10 raw=11 01 0C 10 64 00 4E 40 00 00 00 00 00 00 00 00 00 00 00 00
[   1.481s] feature0x0C addr=0x20 raw=11 01 0C 20 4E E6 4E 40 00 00 00 00 00 00 00 00 00 00 00 00
[   1.483s] feature0x0C addr=0x30 raw=11 01 0C 30 81 26 79 00 00 00 00 00 00 00 00 00 00 00 00 00
[   1.498s] feature0x0C addr=0x10 raw=11 01 0C 10 79 00 4E 40 00 00 00 00 00 00 00 00 00 00 00 00
[   1.498s] feature0x0C addr=0x20 raw=11 01 0C 20 4E E6 4E 40 00 00 00 00 00 00 00 00 00 00 00 00
[   1.500s] feature0x0C addr=0x30 raw=11 01 0C 30 81 26 79 00 00 00 00 00 00 00 00 00 00 00 00 00
[   1.514s] feature0x0C addr=0x10 raw=11 01 0C 10 80 80 4E 80 00 00 00 00 00 00 00 00 00 00 00 00
[   1.516s] feature0x0C addr=0x20 raw=11 01 0C 20 4E E6 4E 40 00 00 00 00 00 00 00 00 00 00 00 00
[   1.516s] feature0x0C addr=0x30 raw=11 01 0C 30 81 26 79 00 00 00 00 00 00 00 00 00 00 00 00 00
[   1.531s] feature0x0C addr=0x10 raw=11 01 0C 10 86 40 4E 80 00 00 00 00 00 00 00 00 00 00 00 00
[   1.532s] feature0x0C addr=0x20 raw=11 01 0C 20 4E E6 4E 42 00 00 00 00 00 00 00 00 00 00 00 00
[   1.534s] feature0x0C addr=0x30 raw=11 01 0C 30 81 26 79 02 00 00 00 00 00 00 00 00 00 00 00 00
[   1.547s] feature0x0C addr=0x10 raw=11 01 0C 10 8B 80 4E 40 00 00 00 00 00 00 00 00 00 00 00 00
[   1.549s] feature0x0C addr=0x20 raw=11 01 0C 20 4E E6 4E 44 00 00 00 00 00 00 00 00 00 00 00 00
[   1.549s] feature0x0C addr=0x30 raw=11 01 0C 30 81 26 79 04 00 00 00 00 00 00 00 00 00 00 00 00
[   1.566s] feature0x0C addr=0x10 raw=11 01 0C 10 8F 40 4E 40 00 00 00 00 00 00 00 00 00 00 00 00
[   1.566s] feature0x0C addr=0x20 raw=11 01 0C 20 4E E6 4E 42 00 00 00 00 00 00 00 00 00 00 00 00
[   1.566s] feature0x0C addr=0x30 raw=11 01 0C 30 81 26 79 02 00 00 00 00 00 00 00 00 00 00 00 00
[   1.582s] feature0x0C addr=0x10 raw=11 01 0C 10 91 40 4E 40 00 00 00 00 00 00 00 00 00 00 00 00
[   1.582s] feature0x0C addr=0x20 raw=11 01 0C 20 4E E6 4E 41 00 00 00 00 00 00 00 00 00 00 00 00
[   1.582s] feature0x0C addr=0x30 raw=11 01 0C 30 81 26 79 01 00 00 00 00 00 00 00 00 00 00 00 00
[   1.598s] feature0x0C addr=0x10 raw=11 01 0C 10 92 40 4E 40 00 00 00 00 00 00 00 00 00 00 00 00
[   1.598s] feature0x0C addr=0x20 raw=11 01 0C 20 4E E6 4E 43 00 00 00 00 00 00 00 00 00 00 00 00
[   1.600s] feature0x0C addr=0x30 raw=11 01 0C 30 81 26 79 03 00 00 00 00 00 00 00 00 00 00 00 00
[   1.614s] feature0x0C addr=0x10 raw=11 01 0C 10 93 40 4E 40 00 00 00 00 00 00 00 00 00 00 00 00
[   1.615s] feature0x0C addr=0x20 raw=11 01 0C 20 4E E6 4E 43 00 00 00 00 00 00 00 00 00 00 00 00
[   1.617s] feature0x0C addr=0x30 raw=11 01 0C 30 81 26 79 03 00 00 00 00 00 00 00 00 00 00 00 00
[   1.631s] feature0x0C addr=0x10 raw=11 01 0C 10 93 80 4E 40 00 00 00 00 00 00 00 00 00 00 00 00
[   1.631s] feature0x0C addr=0x20 raw=11 01 0C 20 4E E6 4E 43 00 00 00 00 00 00 00 00 00 00 00 00
[   1.633s] feature0x0C addr=0x30 raw=11 01 0C 30 81 26 79 03 00 00 00 00 00 00 00 00 00 00 00 00
[   1.648s] feature0x0C addr=0x10 raw=11 01 0C 10 93 C0 4E 40 00 00 00 00 00 00 00 00 00 00 00 00
[   1.649s] feature0x0C addr=0x20 raw=11 01 0C 20 4E E6 4E 45 00 00 00 00 00 00 00 00 00 00 00 00
[   1.650s] feature0x0C addr=0x30 raw=11 01 0C 30 81 26 79 05 00 00 00 00 00 00 00 00 00 00 00 00
[   1.663s] feature0x0C addr=0x10 raw=11 01 0C 10 93 80 4E 00 00 00 00 00 00 00 00 00 00 00 00 00
[   1.665s] feature0x0C addr=0x20 raw=11 01 0C 20 4E E6 4E 45 00 00 00 00 00 00 00 00 00 00 00 00
[   1.665s] feature0x0C addr=0x30 raw=11 01 0C 30 81 26 79 05 00 00 00 00 00 00 00 00 00 00 00 00
[   1.680s] feature0x0C addr=0x10 raw=11 01 0C 10 93 C0 4E 00 00 00 00 00 00 00 00 00 00 00 00 00
[   1.682s] feature0x0C addr=0x20 raw=11 01 0C 20 4E E6 4E 45 00 00 00 00 00 00 00 00 00 00 00 00
[   1.683s] feature0x0C addr=0x30 raw=11 01 0C 30 81 26 79 05 00 00 00 00 00 00 00 00 00 00 00 00
[   1.697s] feature0x0C addr=0x10 raw=11 01 0C 10 93 C0 4E 80 00 00 00 00 00 00 00 00 00 00 00 00
[   1.699s] feature0x0C addr=0x20 raw=11 01 0C 20 4E E6 4E 44 00 00 00 00 00 00 00 00 00 00 00 00
[   1.699s] feature0x0C addr=0x30 raw=11 01 0C 30 81 26 79 04 00 00 00 00 00 00 00 00 00 00 00 00
[   1.714s] feature0x0C addr=0x10 raw=11 01 0C 10 94 00 4E 40 00 00 00 00 00 00 00 00 00 00 00 00
[   1.714s] feature0x0C addr=0x20 raw=11 01 0C 20 4E E6 4E 44 00 00 00 00 00 00 00 00 00 00 00 00
[   1.716s] feature0x0C addr=0x30 raw=11 01 0C 30 81 26 79 04 00 00 00 00 00 00 00 00 00 00 00 00
[   1.730s] feature0x0C addr=0x10 raw=11 01 0C 10 93 C0 4E C0 00 00 00 00 00 00 00 00 00 00 00 00
[   1.732s] feature0x0C addr=0x20 raw=11 01 0C 20 4E E6 4E 44 00 00 00 00 00 00 00 00 00 00 00 00
[   1.732s] feature0x0C addr=0x30 raw=11 01 0C 30 81 26 79 04 00 00 00 00 00 00 00 00 00 00 00 00
[   1.747s] feature0x0C addr=0x10 raw=11 01 0C 10 94 00 4E 40 00 00 00 00 00 00 00 00 00 00 00 00
[   1.748s] feature0x0C addr=0x20 raw=11 01 0C 20 4E E6 4E 44 00 00 00 00 00 00 00 00 00 00 00 00
[   1.749s] feature0x0C addr=0x30 raw=11 01 0C 30 81 26 79 04 00 00 00 00 00 00 00 00 00 00 00 00
[   1.763s] feature0x0C addr=0x10 raw=11 01 0C 10 94 40 4E 80 00 00 00 00 00 00 00 00 00 00 00 00
[   1.765s] feature0x0C addr=0x20 raw=11 01 0C 20 4E E6 4E 46 00 00 00 00 00 00 00 00 00 00 00 00
[   1.765s] feature0x0C addr=0x30 raw=11 01 0C 30 81 26 79 06 00 00 00 00 00 00 00 00 00 00 00 00
[   1.781s] feature0x0C addr=0x10 raw=11 01 0C 10 94 00 4E 80 00 00 00 00 00 00 00 00 00 00 00 00
[   1.781s] feature0x0C addr=0x20 raw=11 01 0C 20 4E E6 4E 44 00 00 00 00 00 00 00 00 00 00 00 00
[   1.783s] feature0x0C addr=0x30 raw=11 01 0C 30 81 26 79 04 00 00 00 00 00 00 00 00 00 00 00 00
[   1.798s] feature0x0C addr=0x10 raw=11 01 0C 10 94 80 4E 40 00 00 00 00 00 00 00 00 00 00 00 00
[   1.798s] feature0x0C addr=0x20 raw=11 01 0C 20 4E E6 4E 43 00 00 00 00 00 00 00 00 00 00 00 00
[   1.798s] feature0x0C addr=0x30 raw=11 01 0C 30 81 26 79 03 00 00 00 00 00 00 00 00 00 00 00 00
[   1.814s] feature0x0C addr=0x10 raw=11 01 0C 10 94 40 4E 40 00 00 00 00 00 00 00 00 00 00 00 00
[   1.814s] feature0x0C addr=0x20 raw=11 01 0C 20 4E E6 4E 43 00 00 00 00 00 00 00 00 00 00 00 00
[   1.815s] feature0x0C addr=0x30 raw=11 01 0C 30 81 26 79 03 00 00 00 00 00 00 00 00 00 00 00 00
[   1.830s] feature0x0C addr=0x10 raw=11 01 0C 10 94 80 4E 80 00 00 00 00 00 00 00 00 00 00 00 00
[   1.830s] feature0x0C addr=0x20 raw=11 01 0C 20 4E E6 4E 43 00 00 00 00 00 00 00 00 00 00 00 00
[   1.832s] feature0x0C addr=0x30 raw=11 01 0C 30 81 26 79 03 00 00 00 00 00 00 00 00 00 00 00 00
[   1.847s] feature0x0C addr=0x10 raw=11 01 0C 10 94 40 4E C0 00 00 00 00 00 00 00 00 00 00 00 00
[   1.847s] feature0x0C addr=0x20 raw=11 01 0C 20 4E E6 4E 45 00 00 00 00 00 00 00 00 00 00 00 00
[   1.849s] feature0x0C addr=0x30 raw=11 01 0C 30 81 26 79 05 00 00 00 00 00 00 00 00 00 00 00 00
[   1.864s] feature0x0C addr=0x10 raw=11 01 0C 10 93 40 4E 40 00 00 00 00 00 00 00 00 00 00 00 00
[   1.864s] feature0x0C addr=0x20 raw=11 01 0C 20 4E E6 4E 45 00 00 00 00 00 00 00 00 00 00 00 00
[   1.866s] feature0x0C addr=0x30 raw=11 01 0C 30 81 26 79 05 00 00 00 00 00 00 00 00 00 00 00 00
[   1.879s] feature0x0C addr=0x10 raw=11 01 0C 10 91 00 4E 80 00 00 00 00 00 00 00 00 00 00 00 00
[   1.881s] feature0x0C addr=0x20 raw=11 01 0C 20 4E E6 4E 43 00 00 00 00 00 00 00 00 00 00 00 00
[   1.881s] feature0x0C addr=0x30 raw=11 01 0C 30 81 26 79 03 00 00 00 00 00 00 00 00 00 00 00 00
[   1.896s] feature0x0C addr=0x10 raw=11 01 0C 10 7A 40 4E 40 00 00 00 00 00 00 00 00 00 00 00 00
[   1.898s] feature0x0C addr=0x20 raw=11 01 0C 20 4E E6 4E 43 00 00 00 00 00 00 00 00 00 00 00 00
[   1.898s] feature0x0C addr=0x30 raw=11 01 0C 30 81 26 79 03 00 00 00 00 00 00 00 00 00 00 00 00
[   1.914s] feature0x0C addr=0x10 raw=11 01 0C 10 64 00 4E 40 00 00 00 00 00 00 00 00 00 00 00 00
[   1.914s] feature0x0C addr=0x20 raw=11 01 0C 20 4E E6 4E 44 00 00 00 00 00 00 00 00 00 00 00 00
[   1.916s] feature0x0C addr=0x30 raw=11 01 0C 30 81 26 79 04 00 00 00 00 00 00 00 00 00 00 00 00
[   1.931s] feature0x0C addr=0x10 raw=11 01 0C 10 59 40 4E 80 00 00 00 00 00 00 00 00 00 00 00 00
[   1.931s] feature0x0C addr=0x20 raw=11 01 0C 20 4E E6 4E 42 00 00 00 00 00 00 00 00 00 00 00 00
[   1.933s] feature0x0C addr=0x30 raw=11 01 0C 30 81 26 79 02 00 00 00 00 00 00 00 00 00 00 00 00
[   1.947s] feature0x0C addr=0x10 raw=11 01 0C 10 51 80 4D C0 00 00 00 00 00 00 00 00 00 00 00 00
[   1.949s] feature0x0C addr=0x20 raw=11 01 0C 20 4E E6 4E 40 00 00 00 00 00 00 00 00 00 00 00 00
[   1.950s] feature0x0C addr=0x30 raw=11 01 0C 30 81 26 79 00 00 00 00 00 00 00 00 00 00 00 00 00
[   1.964s] feature0x0C addr=0x10 raw=11 01 0C 10 50 40 4E 00 00 00 00 00 00 00 00 00 00 00 00 00
[   1.964s] feature0x0C addr=0x20 raw=11 01 0C 20 4E E6 4E 40 00 00 00 00 00 00 00 00 00 00 00 00
[   1.966s] feature0x0C addr=0x30 raw=11 01 0C 30 81 26 79 00 00 00 00 00 00 00 00 00 00 00 00 00
[   1.980s] feature0x0C addr=0x10 raw=11 01 0C 10 50 00 4E 40 00 00 00 00 00 00 00 00 00 00 00 00
[   1.982s] feature0x0C addr=0x20 raw=11 01 0C 20 4E E6 4E 40 00 00 00 00 00 00 00 00 00 00 00 00
[   1.982s] feature0x0C addr=0x30 raw=11 01 0C 30 81 26 79 00 00 00 00 00 00 00 00 00 00 00 00 00
[   1.996s] feature0x0C addr=0x10 raw=11 01 0C 10 4F C0 4E 40 00 00 00 00 00 00 00 00 00 00 00 00
[   1.998s] feature0x0C addr=0x20 raw=11 01 0C 20 4E E6 4E 40 00 00 00 00 00 00 00 00 00 00 00 00
[   1.998s] feature0x0C addr=0x30 raw=11 01 0C 30 81 26 79 00 00 00 00 00 00 00 00 00 00 00 00 00
[   2.013s] feature0x0C addr=0x10 raw=11 01 0C 10 4F 40 4E 00 00 00 00 00 00 00 00 00 00 00 00 00
[   2.015s] feature0x0C addr=0x20 raw=11 01 0C 20 4E E7 4E 40 00 00 00 00 00 00 00 00 00 00 00 00
[   2.015s] feature0x0C addr=0x30 raw=11 01 0C 30 81 27 79 00 00 00 00 00 00 00 00 00 00 00 00 00
[   2.030s] feature0x0C addr=0x10 raw=11 01 0C 10 4F 40 4E 40 00 00 00 00 00 00 00 00 00 00 00 00
[   2.032s] feature0x0C addr=0x20 raw=11 01 0C 20 4E E8 4E 41 00 00 00 00 00 00 00 00 00 00 00 00
[   2.032s] feature0x0C addr=0x30 raw=11 01 0C 30 81 28 79 01 00 00 00 00 00 00 00 00 00 00 00 00
[   2.046s] feature0x0C addr=0x10 raw=11 01 0C 10 4F 80 4E 80 00 00 00 00 00 00 00 00 00 00 00 00
[   2.048s] feature0x0C addr=0x20 raw=11 01 0C 20 4E EA 4E 3F 00 00 00 00 00 00 00 00 00 00 00 00
[   2.048s] feature0x0C addr=0x30 raw=11 01 0C 30 81 2A 78 FF 00 00 00 00 00 00 00 00 00 00 00 00
[   2.064s] feature0x0C addr=0x10 raw=11 01 0C 10 4F 80 4E 40 00 00 00 00 00 00 00 00 00 00 00 00
[   2.065s] feature0x0C addr=0x20 raw=11 01 0C 20 4E EC 4E 41 00 00 00 00 00 00 00 00 00 00 00 00
[   2.066s] feature0x0C addr=0x30 raw=11 01 0C 30 81 2C 79 01 00 00 00 00 00 00 00 00 00 00 00 00
[   2.080s] feature0x0C addr=0x10 raw=11 01 0C 10 4F 80 4E 40 00 00 00 00 00 00 00 00 00 00 00 00
[   2.080s] feature0x0C addr=0x20 raw=11 01 0C 20 4E EE 4E 41 00 00 00 00 00 00 00 00 00 00 00 00
[   2.081s] feature0x0C addr=0x30 raw=11 01 0C 30 81 2E 79 01 00 00 00 00 00 00 00 00 00 00 00 00
[   2.098s] feature0x0C addr=0x10 raw=11 01 0C 10 4F 00 4E 40 00 00 00 00 00 00 00 00 00 00 00 00
[   2.098s] feature0x0C addr=0x20 raw=11 01 0C 20 4E F0 4E 41 00 00 00 00 00 00 00 00 00 00 00 00
[   2.098s] feature0x0C addr=0x30 raw=11 01 0C 30 81 30 79 01 00 00 00 00 00 00 00 00 00 00 00 00
[   2.114s] feature0x0C addr=0x10 raw=11 01 0C 10 4F 40 4E 80 00 00 00 00 00 00 00 00 00 00 00 00
[   2.114s] feature0x0C addr=0x20 raw=11 01 0C 20 4E F2 4E 41 00 00 00 00 00 00 00 00 00 00 00 00
[   2.115s] feature0x0C addr=0x30 raw=11 01 0C 30 81 32 79 01 00 00 00 00 00 00 00 00 00 00 00 00
[   2.129s] feature0x0C addr=0x10 raw=11 01 0C 10 4F 40 4E 00 00 00 00 00 00 00 00 00 00 00 00 00
[   2.130s] feature0x0C addr=0x20 raw=11 01 0C 20 4E F3 4E 40 00 00 00 00 00 00 00 00 00 00 00 00
[   2.132s] feature0x0C addr=0x30 raw=11 01 0C 30 81 33 79 00 00 00 00 00 00 00 00 00 00 00 00 00
[   2.147s] feature0x0C addr=0x10 raw=11 01 0C 10 4F C0 4E 80 00 00 00 00 00 00 00 00 00 00 00 00
[   2.147s] feature0x0C addr=0x20 raw=11 01 0C 20 4E F5 4E 40 00 00 00 00 00 00 00 00 00 00 00 00
[   2.149s] feature0x0C addr=0x30 raw=11 01 0C 30 81 35 79 00 00 00 00 00 00 00 00 00 00 00 00 00
[   2.162s] feature0x0C addr=0x10 raw=11 01 0C 10 52 00 4E 40 00 00 00 00 00 00 00 00 00 00 00 00
[   2.164s] feature0x0C addr=0x20 raw=11 01 0C 20 4E F7 4E 40 00 00 00 00 00 00 00 00 00 00 00 00
[   2.164s] feature0x0C addr=0x30 raw=11 01 0C 30 81 37 79 00 00 00 00 00 00 00 00 00 00 00 00 00
[   2.180s] feature0x0C addr=0x10 raw=11 01 0C 10 5C 80 4E 40 00 00 00 00 00 00 00 00 00 00 00 00
[   2.180s] feature0x0C addr=0x20 raw=11 01 0C 20 4E F7 4E 42 00 00 00 00 00 00 00 00 00 00 00 00
[   2.181s] feature0x0C addr=0x30 raw=11 01 0C 30 81 37 79 02 00 00 00 00 00 00 00 00 00 00 00 00
[   2.196s] feature0x0C addr=0x10 raw=11 01 0C 10 74 80 4E 80 00 00 00 00 00 00 00 00 00 00 00 00
[   2.198s] feature0x0C addr=0x20 raw=11 01 0C 20 4E F7 4E 44 00 00 00 00 00 00 00 00 00 00 00 00
[   2.199s] feature0x0C addr=0x30 raw=11 01 0C 30 81 37 79 04 00 00 00 00 00 00 00 00 00 00 00 00
[   2.212s] feature0x0C addr=0x10 raw=11 01 0C 10 86 40 4E 40 00 00 00 00 00 00 00 00 00 00 00 00
[   2.214s] feature0x0C addr=0x20 raw=11 01 0C 20 4E F7 4E 44 00 00 00 00 00 00 00 00 00 00 00 00
[   2.214s] feature0x0C addr=0x30 raw=11 01 0C 30 81 37 79 04 00 00 00 00 00 00 00 00 00 00 00 00
[   2.230s] feature0x0C addr=0x10 raw=11 01 0C 10 93 80 4E 40 00 00 00 00 00 00 00 00 00 00 00 00
[   2.230s] feature0x0C addr=0x20 raw=11 01 0C 20 4E F7 4E 44 00 00 00 00 00 00 00 00 00 00 00 00
[   2.232s] feature0x0C addr=0x30 raw=11 01 0C 30 81 37 79 04 00 00 00 00 00 00 00 00 00 00 00 00
[   2.246s] feature0x0C addr=0x10 raw=11 01 0C 10 93 C0 4E 40 00 00 00 00 00 00 00 00 00 00 00 00
[   2.246s] feature0x0C addr=0x20 raw=11 01 0C 20 4E F7 4E 43 00 00 00 00 00 00 00 00 00 00 00 00
[   2.247s] feature0x0C addr=0x30 raw=11 01 0C 30 81 37 79 03 00 00 00 00 00 00 00 00 00 00 00 00
[   2.262s] feature0x0C addr=0x10 raw=11 01 0C 10 94 40 4E 40 00 00 00 00 00 00 00 00 00 00 00 00
[   2.264s] feature0x0C addr=0x20 raw=11 01 0C 20 4E F7 4E 43 00 00 00 00 00 00 00 00 00 00 00 00
[   2.264s] feature0x0C addr=0x30 raw=11 01 0C 30 81 37 79 03 00 00 00 00 00 00 00 00 00 00 00 00
[   2.280s] feature0x0C addr=0x10 raw=11 01 0C 10 94 00 4E 80 00 00 00 00 00 00 00 00 00 00 00 00
[   2.281s] feature0x0C addr=0x20 raw=11 01 0C 20 4E F7 4E 43 00 00 00 00 00 00 00 00 00 00 00 00
[   2.281s] feature0x0C addr=0x30 raw=11 01 0C 30 81 37 79 03 00 00 00 00 00 00 00 00 00 00 00 00
[   2.296s] feature0x0C addr=0x10 raw=11 01 0C 10 94 40 4E 80 00 00 00 00 00 00 00 00 00 00 00 00
[   2.296s] feature0x0C addr=0x20 raw=11 01 0C 20 4E F7 4E 45 00 00 00 00 00 00 00 00 00 00 00 00
[   2.297s] feature0x0C addr=0x30 raw=11 01 0C 30 81 37 79 05 00 00 00 00 00 00 00 00 00 00 00 00
[   2.313s] feature0x0C addr=0x10 raw=11 01 0C 10 94 40 4E 40 00 00 00 00 00 00 00 00 00 00 00 00
[   2.313s] feature0x0C addr=0x20 raw=11 01 0C 20 4E F7 4E 45 00 00 00 00 00 00 00 00 00 00 00 00
[   2.314s] feature0x0C addr=0x30 raw=11 01 0C 30 81 37 79 05 00 00 00 00 00 00 00 00 00 00 00 00
[   2.329s] feature0x0C addr=0x10 raw=11 01 0C 10 93 C0 4E 40 00 00 00 00 00 00 00 00 00 00 00 00
[   2.331s] feature0x0C addr=0x20 raw=11 01 0C 20 4E F7 4E 45 00 00 00 00 00 00 00 00 00 00 00 00
[   2.331s] feature0x0C addr=0x30 raw=11 01 0C 30 81 37 79 05 00 00 00 00 00 00 00 00 00 00 00 00
[   2.346s] feature0x0C addr=0x10 raw=11 01 0C 10 93 C0 4E 80 00 00 00 00 00 00 00 00 00 00 00 00
[   2.348s] feature0x0C addr=0x20 raw=11 01 0C 20 4E F7 4E 47 00 00 00 00 00 00 00 00 00 00 00 00
[   2.348s] feature0x0C addr=0x30 raw=11 01 0C 30 81 37 79 07 00 00 00 00 00 00 00 00 00 00 00 00
[   2.364s] feature0x0C addr=0x10 raw=11 01 0C 10 92 C0 4E 80 00 00 00 00 00 00 00 00 00 00 00 00
[   2.364s] feature0x0C addr=0x20 raw=11 01 0C 20 4E F7 4E 48 00 00 00 00 00 00 00 00 00 00 00 00
[   2.366s] feature0x0C addr=0x30 raw=11 01 0C 30 81 37 79 08 00 00 00 00 00 00 00 00 00 00 00 00
[   2.379s] feature0x0C addr=0x10 raw=11 01 0C 10 8F 40 4E 40 00 00 00 00 00 00 00 00 00 00 00 00
[   2.381s] feature0x0C addr=0x20 raw=11 01 0C 20 4E F7 4E 48 00 00 00 00 00 00 00 00 00 00 00 00
[   2.381s] feature0x0C addr=0x30 raw=11 01 0C 30 81 37 79 08 00 00 00 00 00 00 00 00 00 00 00 00
[   2.396s] feature0x0C addr=0x10 raw=11 01 0C 10 80 80 4E 80 00 00 00 00 00 00 00 00 00 00 00 00
[   2.398s] feature0x0C addr=0x20 raw=11 01 0C 20 4E F7 4E 46 00 00 00 00 00 00 00 00 00 00 00 00
[   2.398s] feature0x0C addr=0x30 raw=11 01 0C 30 81 37 79 06 00 00 00 00 00 00 00 00 00 00 00 00
[   2.413s] feature0x0C addr=0x10 raw=11 01 0C 10 63 00 4E 80 00 00 00 00 00 00 00 00 00 00 00 00
[   2.413s] feature0x0C addr=0x20 raw=11 01 0C 20 4E F7 4E 46 00 00 00 00 00 00 00 00 00 00 00 00
[   2.414s] feature0x0C addr=0x30 raw=11 01 0C 30 81 37 79 06 00 00 00 00 00 00 00 00 00 00 00 00
[   2.429s] feature0x0C addr=0x10 raw=11 01 0C 10 53 80 4E 40 00 00 00 00 00 00 00 00 00 00 00 00
[   2.431s] feature0x0C addr=0x20 raw=11 01 0C 20 4E F7 4E 44 00 00 00 00 00 00 00 00 00 00 00 00
[   2.431s] feature0x0C addr=0x30 raw=11 01 0C 30 81 37 79 04 00 00 00 00 00 00 00 00 00 00 00 00
[   2.447s] feature0x0C addr=0x10 raw=11 01 0C 10 50 C0 4E 40 00 00 00 00 00 00 00 00 00 00 00 00
[   2.448s] feature0x0C addr=0x20 raw=11 01 0C 20 4E F7 4E 42 00 00 00 00 00 00 00 00 00 00 00 00
[   2.448s] feature0x0C addr=0x30 raw=11 01 0C 30 81 37 79 02 00 00 00 00 00 00 00 00 00 00 00 00
[   2.462s] feature0x0C addr=0x10 raw=11 01 0C 10 4F 80 4E 40 00 00 00 00 00 00 00 00 00 00 00 00
[   2.464s] feature0x0C addr=0x20 raw=11 01 0C 20 4E F7 4E 41 00 00 00 00 00 00 00 00 00 00 00 00
[   2.464s] feature0x0C addr=0x30 raw=11 01 0C 30 81 37 79 01 00 00 00 00 00 00 00 00 00 00 00 00
[   2.479s] feature0x0C addr=0x10 raw=11 01 0C 10 4F 00 4E 40 00 00 00 00 00 00 00 00 00 00 00 00
[   2.481s] feature0x0C addr=0x20 raw=11 01 0C 20 4E F7 4E 41 00 00 00 00 00 00 00 00 00 00 00 00
[   2.482s] feature0x0C addr=0x30 raw=11 01 0C 30 81 37 79 01 00 00 00 00 00 00 00 00 00 00 00 00
[   2.496s] feature0x0C addr=0x10 raw=11 01 0C 10 4F 40 4E 00 00 00 00 00 00 00 00 00 00 00 00 00
[   2.496s] feature0x0C addr=0x20 raw=11 01 0C 20 4E F9 4E 41 00 00 00 00 00 00 00 00 00 00 00 00
[   2.498s] feature0x0C addr=0x30 raw=11 01 0C 30 81 39 79 01 00 00 00 00 00 00 00 00 00 00 00 00
[   2.512s] feature0x0C addr=0x10 raw=11 01 0C 10 4F 00 4E 40 00 00 00 00 00 00 00 00 00 00 00 00
[   2.514s] feature0x0C addr=0x20 raw=11 01 0C 20 4E FB 4E 41 00 00 00 00 00 00 00 00 00 00 00 00
[   2.515s] feature0x0C addr=0x30 raw=11 01 0C 30 81 3B 79 01 00 00 00 00 00 00 00 00 00 00 00 00
[   2.529s] feature0x0C addr=0x10 raw=11 01 0C 10 4E 80 4E 40 00 00 00 00 00 00 00 00 00 00 00 00
[   2.530s] feature0x0C addr=0x20 raw=11 01 0C 20 4E FB 4E 41 00 00 00 00 00 00 00 00 00 00 00 00
[   2.532s] feature0x0C addr=0x30 raw=11 01 0C 30 81 3B 79 01 00 00 00 00 00 00 00 00 00 00 00 00
[   2.545s] feature0x0C addr=0x10 raw=11 01 0C 10 4E 80 4E 80 00 00 00 00 00 00 00 00 00 00 00 00
[   2.547s] feature0x0C addr=0x20 raw=11 01 0C 20 4E F9 4E 41 00 00 00 00 00 00 00 00 00 00 00 00
[   2.547s] feature0x0C addr=0x30 raw=11 01 0C 30 81 39 79 01 00 00 00 00 00 00 00 00 00 00 00 00
[   2.563s] feature0x0C addr=0x10 raw=11 01 0C 10 4E C0 4E 40 00 00 00 00 00 00 00 00 00 00 00 00
[   2.563s] feature0x0C addr=0x20 raw=11 01 0C 20 4E F7 4E 41 00 00 00 00 00 00 00 00 00 00 00 00
[   2.565s] feature0x0C addr=0x30 raw=11 01 0C 30 81 37 79 01 00 00 00 00 00 00 00 00 00 00 00 00
[   2.579s] feature0x0C addr=0x10 raw=11 01 0C 10 4F 00 4E 40 00 00 00 00 00 00 00 00 00 00 00 00
[   2.579s] feature0x0C addr=0x20 raw=11 01 0C 20 4E F6 4E 40 00 00 00 00 00 00 00 00 00 00 00 00
[   2.581s] feature0x0C addr=0x30 raw=11 01 0C 30 81 36 79 00 00 00 00 00 00 00 00 00 00 00 00 00
[   2.596s] feature0x0C addr=0x10 raw=11 01 0C 10 4F 00 4E 40 00 00 00 00 00 00 00 00 00 00 00 00
[   2.597s] feature0x0C addr=0x20 raw=11 01 0C 20 4E F6 4E 40 00 00 00 00 00 00 00 00 00 00 00 00
[   2.597s] feature0x0C addr=0x30 raw=11 01 0C 30 81 36 79 00 00 00 00 00 00 00 00 00 00 00 00 00
[   2.613s] feature0x0C addr=0x10 raw=11 01 0C 10 4E C0 4E 80 00 00 00 00 00 00 00 00 00 00 00 00
[   2.613s] feature0x0C addr=0x20 raw=11 01 0C 20 4E F6 4E 40 00 00 00 00 00 00 00 00 00 00 00 00
[   2.615s] feature0x0C addr=0x30 raw=11 01 0C 30 81 36 79 00 00 00 00 00 00 00 00 00 00 00 00 00
[   2.629s] feature0x0C addr=0x10 raw=11 01 0C 10 4E C0 4E 40 00 00 00 00 00 00 00 00 00 00 00 00
[   2.630s] feature0x0C addr=0x20 raw=11 01 0C 20 4E F8 4E 40 00 00 00 00 00 00 00 00 00 00 00 00
[   2.631s] feature0x0C addr=0x30 raw=11 01 0C 30 81 38 79 00 00 00 00 00 00 00 00 00 00 00 00 00
[   2.645s] feature0x0C addr=0x10 raw=11 01 0C 10 4F 00 4E 40 00 00 00 00 00 00 00 00 00 00 00 00
[   2.647s] feature0x0C addr=0x20 raw=11 01 0C 20 4E F8 4E 40 00 00 00 00 00 00 00 00 00 00 00 00
[   2.647s] feature0x0C addr=0x30 raw=11 01 0C 30 81 38 79 00 00 00 00 00 00 00 00 00 00 00 00 00
[   2.662s] feature0x0C addr=0x10 raw=11 01 0C 10 4F 00 4E 40 00 00 00 00 00 00 00 00 00 00 00 00
[   2.662s] feature0x0C addr=0x20 raw=11 01 0C 20 4E F8 4E 40 00 00 00 00 00 00 00 00 00 00 00 00
[   2.663s] feature0x0C addr=0x30 raw=11 01 0C 30 81 38 79 00 00 00 00 00 00 00 00 00 00 00 00 00
[   2.679s] feature0x0C addr=0x10 raw=11 01 0C 10 4E C0 4E 40 00 00 00 00 00 00 00 00 00 00 00 00
[   2.679s] feature0x0C addr=0x20 raw=11 01 0C 20 4E F9 4E 3F 00 00 00 00 00 00 00 00 00 00 00 00
[   2.681s] feature0x0C addr=0x30 raw=11 01 0C 30 81 39 78 FF 00 00 00 00 00 00 00 00 00 00 00 00
[   2.695s] feature0x0C addr=0x10 raw=11 01 0C 10 4E 40 4E 80 00 00 00 00 00 00 00 00 00 00 00 00
[   2.697s] feature0x0C addr=0x20 raw=11 01 0C 20 4E F7 4E 41 00 00 00 00 00 00 00 00 00 00 00 00
[   2.697s] feature0x0C addr=0x30 raw=11 01 0C 30 81 37 79 01 00 00 00 00 00 00 00 00 00 00 00 00
[   2.712s] feature0x0C addr=0x10 raw=11 01 0C 10 4E 80 4E 40 00 00 00 00 00 00 00 00 00 00 00 00
[   2.712s] feature0x0C addr=0x20 raw=11 01 0C 20 4E F5 4E 41 00 00 00 00 00 00 00 00 00 00 00 00
[   2.714s] feature0x0C addr=0x30 raw=11 01 0C 30 81 35 79 01 00 00 00 00 00 00 00 00 00 00 00 00
[   2.728s] feature0x0C addr=0x10 raw=11 01 0C 10 4E C0 4E 80 00 00 00 00 00 00 00 00 00 00 00 00
[   2.729s] feature0x0C addr=0x20 raw=11 01 0C 20 4E F3 4E 41 00 00 00 00 00 00 00 00 00 00 00 00
[   2.731s] feature0x0C addr=0x30 raw=11 01 0C 30 81 33 79 01 00 00 00 00 00 00 00 00 00 00 00 00
[   2.744s] feature0x0C addr=0x10 raw=11 01 0C 10 4F 00 4E 40 00 00 00 00 00 00 00 00 00 00 00 00
[   2.746s] feature0x0C addr=0x20 raw=11 01 0C 20 4E F3 4E 41 00 00 00 00 00 00 00 00 00 00 00 00
[   2.747s] feature0x0C addr=0x30 raw=11 01 0C 30 81 33 79 01 00 00 00 00 00 00 00 00 00 00 00 00
[   2.762s] feature0x0C addr=0x10 raw=11 01 0C 10 4E C0 4E 80 00 00 00 00 00 00 00 00 00 00 00 00
[   2.762s] feature0x0C addr=0x20 raw=11 01 0C 20 4E F1 4E 41 00 00 00 00 00 00 00 00 00 00 00 00
[   2.763s] feature0x0C addr=0x30 raw=11 01 0C 30 81 31 79 01 00 00 00 00 00 00 00 00 00 00 00 00
[   2.779s] feature0x0C addr=0x10 raw=11 01 0C 10 4E C0 4E 00 00 00 00 00 00 00 00 00 00 00 00 00
[   2.779s] feature0x0C addr=0x20 raw=11 01 0C 20 4E EF 4E 41 00 00 00 00 00 00 00 00 00 00 00 00
[   2.781s] feature0x0C addr=0x30 raw=11 01 0C 30 81 2F 79 01 00 00 00 00 00 00 00 00 00 00 00 00
[   2.794s] feature0x0C addr=0x10 raw=11 01 0C 10 4E C0 4E 40 00 00 00 00 00 00 00 00 00 00 00 00
[   2.796s] feature0x0C addr=0x20 raw=11 01 0C 20 4E EE 4E 40 00 00 00 00 00 00 00 00 00 00 00 00
[   2.797s] feature0x0C addr=0x30 raw=11 01 0C 30 81 2E 79 00 00 00 00 00 00 00 00 00 00 00 00 00
[   2.812s] feature0x0C addr=0x10 raw=11 01 0C 10 4E C0 4E 40 00 00 00 00 00 00 00 00 00 00 00 00
[   2.812s] feature0x0C addr=0x20 raw=11 01 0C 20 4E EE 4E 40 00 00 00 00 00 00 00 00 00 00 00 00
[   2.814s] feature0x0C addr=0x30 raw=11 01 0C 30 81 2E 79 00 00 00 00 00 00 00 00 00 00 00 00 00
[   2.827s] feature0x0C addr=0x10 raw=11 01 0C 10 4F 80 4E 40 00 00 00 00 00 00 00 00 00 00 00 00
[   2.829s] feature0x0C addr=0x20 raw=11 01 0C 20 4E F0 4E 40 00 00 00 00 00 00 00 00 00 00 00 00
[   2.829s] feature0x0C addr=0x30 raw=11 01 0C 30 81 30 79 00 00 00 00 00 00 00 00 00 00 00 00 00
[   2.844s] feature0x0C addr=0x10 raw=11 01 0C 10 52 80 4E 40 00 00 00 00 00 00 00 00 00 00 00 00
[   2.846s] feature0x0C addr=0x20 raw=11 01 0C 20 4E F1 4E 40 00 00 00 00 00 00 00 00 00 00 00 00
[   2.847s] feature0x0C addr=0x30 raw=11 01 0C 30 81 31 79 00 00 00 00 00 00 00 00 00 00 00 00 00
[   2.861s] feature0x0C addr=0x10 raw=11 01 0C 10 6E C0 4E 80 00 00 00 00 00 00 00 00 00 00 00 00
[   2.863s] feature0x0C addr=0x20 raw=11 01 0C 20 4E F1 4E 42 00 00 00 00 00 00 00 00 00 00 00 00
[   2.863s] feature0x0C addr=0x30 raw=11 01 0C 30 81 31 79 02 00 00 00 00 00 00 00 00 00 00 00 00
[   2.878s] feature0x0C addr=0x10 raw=11 01 0C 10 82 00 4E 80 00 00 00 00 00 00 00 00 00 00 00 00
[   2.878s] feature0x0C addr=0x20 raw=11 01 0C 20 4E F1 4E 44 00 00 00 00 00 00 00 00 00 00 00 00
[   2.879s] feature0x0C addr=0x30 raw=11 01 0C 30 81 31 79 04 00 00 00 00 00 00 00 00 00 00 00 00
[   2.894s] feature0x0C addr=0x10 raw=11 01 0C 10 8C C0 4E 80 00 00 00 00 00 00 00 00 00 00 00 00
[   2.896s] feature0x0C addr=0x20 raw=11 01 0C 20 4E F1 4E 43 00 00 00 00 00 00 00 00 00 00 00 00
[   2.896s] feature0x0C addr=0x30 raw=11 01 0C 30 81 31 79 03 00 00 00 00 00 00 00 00 00 00 00 00
[   2.910s] feature0x0C addr=0x10 raw=11 01 0C 10 93 00 4E 80 00 00 00 00 00 00 00 00 00 00 00 00
[   2.912s] feature0x0C addr=0x20 raw=11 01 0C 20 4E F1 4E 45 00 00 00 00 00 00 00 00 00 00 00 00
[   2.912s] feature0x0C addr=0x30 raw=11 01 0C 30 81 31 79 05 00 00 00 00 00 00 00 00 00 00 00 00
[   2.927s] feature0x0C addr=0x10 raw=11 01 0C 10 93 80 4E 80 00 00 00 00 00 00 00 00 00 00 00 00
[   2.928s] feature0x0C addr=0x20 raw=11 01 0C 20 4E F1 4E 43 00 00 00 00 00 00 00 00 00 00 00 00
[   2.930s] feature0x0C addr=0x30 raw=11 01 0C 30 81 31 79 03 00 00 00 00 00 00 00 00 00 00 00 00
[   2.944s] feature0x0C addr=0x10 raw=11 01 0C 10 93 C0 4E 80 00 00 00 00 00 00 00 00 00 00 00 00
[   2.946s] feature0x0C addr=0x20 raw=11 01 0C 20 4E F1 4E 43 00 00 00 00 00 00 00 00 00 00 00 00
[   2.946s] feature0x0C addr=0x30 raw=11 01 0C 30 81 31 79 03 00 00 00 00 00 00 00 00 00 00 00 00
[   2.960s] feature0x0C addr=0x10 raw=11 01 0C 10 94 40 4E 80 00 00 00 00 00 00 00 00 00 00 00 00
[   2.962s] feature0x0C addr=0x20 raw=11 01 0C 20 4E F1 4E 43 00 00 00 00 00 00 00 00 00 00 00 00
[   2.962s] feature0x0C addr=0x30 raw=11 01 0C 30 81 31 79 03 00 00 00 00 00 00 00 00 00 00 00 00
[   2.977s] feature0x0C addr=0x10 raw=11 01 0C 10 94 40 4E 80 00 00 00 00 00 00 00 00 00 00 00 00
[   2.978s] feature0x0C addr=0x20 raw=11 01 0C 20 4E F1 4E 45 00 00 00 00 00 00 00 00 00 00 00 00
[   2.980s] feature0x0C addr=0x30 raw=11 01 0C 30 81 31 79 05 00 00 00 00 00 00 00 00 00 00 00 00
[   2.994s] feature0x0C addr=0x10 raw=11 01 0C 10 94 00 4E 80 00 00 00 00 00 00 00 00 00 00 00 00
[   2.995s] feature0x0C addr=0x20 raw=11 01 0C 20 4E F1 4E 45 00 00 00 00 00 00 00 00 00 00 00 00
[   2.997s] feature0x0C addr=0x30 raw=11 01 0C 30 81 31 79 05 00 00 00 00 00 00 00 00 00 00 00 00
[   3.011s] feature0x0C addr=0x10 raw=11 01 0C 10 94 40 4E 80 00 00 00 00 00 00 00 00 00 00 00 00
[   3.013s] feature0x0C addr=0x20 raw=11 01 0C 20 4E F1 4E 44 00 00 00 00 00 00 00 00 00 00 00 00
[   3.013s] feature0x0C addr=0x30 raw=11 01 0C 30 81 31 79 04 00 00 00 00 00 00 00 00 00 00 00 00
[   3.029s] feature0x0C addr=0x10 raw=11 01 0C 10 94 00 4E 80 00 00 00 00 00 00 00 00 00 00 00 00
[   3.029s] feature0x0C addr=0x20 raw=11 01 0C 20 4E F1 4E 44 00 00 00 00 00 00 00 00 00 00 00 00
[   3.031s] feature0x0C addr=0x30 raw=11 01 0C 30 81 31 79 04 00 00 00 00 00 00 00 00 00 00 00 00
[   3.044s] feature0x0C addr=0x10 raw=11 01 0C 10 93 00 4E 40 00 00 00 00 00 00 00 00 00 00 00 00
[   3.046s] feature0x0C addr=0x20 raw=11 01 0C 20 4E F1 4E 44 00 00 00 00 00 00 00 00 00 00 00 00
[   3.046s] feature0x0C addr=0x30 raw=11 01 0C 30 81 31 79 04 00 00 00 00 00 00 00 00 00 00 00 00
[   3.061s] feature0x0C addr=0x10 raw=11 01 0C 10 8C 00 4E 40 00 00 00 00 00 00 00 00 00 00 00 00
[   3.063s] feature0x0C addr=0x20 raw=11 01 0C 20 4E F1 4E 44 00 00 00 00 00 00 00 00 00 00 00 00
[   3.063s] feature0x0C addr=0x30 raw=11 01 0C 30 81 31 79 04 00 00 00 00 00 00 00 00 00 00 00 00
[   3.077s] feature0x0C addr=0x10 raw=11 01 0C 10 76 C0 4E 00 00 00 00 00 00 00 00 00 00 00 00 00
[   3.078s] feature0x0C addr=0x20 raw=11 01 0C 20 4E F1 4E 44 00 00 00 00 00 00 00 00 00 00 00 00
[   3.080s] feature0x0C addr=0x30 raw=11 01 0C 30 81 31 79 04 00 00 00 00 00 00 00 00 00 00 00 00
[   3.095s] feature0x0C addr=0x10 raw=11 01 0C 10 60 40 4E 80 00 00 00 00 00 00 00 00 00 00 00 00
[   3.095s] feature0x0C addr=0x20 raw=11 01 0C 20 4E F1 4E 44 00 00 00 00 00 00 00 00 00 00 00 00
[   3.097s] feature0x0C addr=0x30 raw=11 01 0C 30 81 31 79 04 00 00 00 00 00 00 00 00 00 00 00 00
[   3.112s] feature0x0C addr=0x10 raw=11 01 0C 10 54 80 4E 80 00 00 00 00 00 00 00 00 00 00 00 00
[   3.112s] feature0x0C addr=0x20 raw=11 01 0C 20 4E F1 4E 46 00 00 00 00 00 00 00 00 00 00 00 00
[   3.113s] feature0x0C addr=0x30 raw=11 01 0C 30 81 31 79 06 00 00 00 00 00 00 00 00 00 00 00 00
[   3.127s] feature0x0C addr=0x10 raw=11 01 0C 10 51 00 4E 80 00 00 00 00 00 00 00 00 00 00 00 00
[   3.128s] feature0x0C addr=0x20 raw=11 01 0C 20 4E F1 4E 47 00 00 00 00 00 00 00 00 00 00 00 00
[   3.130s] feature0x0C addr=0x30 raw=11 01 0C 30 81 31 79 07 00 00 00 00 00 00 00 00 00 00 00 00
[   3.144s] feature0x0C addr=0x10 raw=11 01 0C 10 50 00 4E 40 00 00 00 00 00 00 00 00 00 00 00 00
[   3.145s] feature0x0C addr=0x20 raw=11 01 0C 20 4E F1 4E 45 00 00 00 00 00 00 00 00 00 00 00 00
[   3.148s] feature0x0C addr=0x30 raw=11 01 0C 30 81 31 79 05 00 00 00 00 00 00 00 00 00 00 00 00
[   3.160s] feature0x0C addr=0x10 raw=11 01 0C 10 4F 40 4E 40 00 00 00 00 00 00 00 00 00 00 00 00
[   3.162s] feature0x0C addr=0x20 raw=11 01 0C 20 4E F3 4E 45 00 00 00 00 00 00 00 00 00 00 00 00
[   3.162s] feature0x0C addr=0x30 raw=11 01 0C 30 81 33 79 05 00 00 00 00 00 00 00 00 00 00 00 00
[   3.177s] feature0x0C addr=0x10 raw=11 01 0C 10 4E C0 4E 40 00 00 00 00 00 00 00 00 00 00 00 00
[   3.179s] feature0x0C addr=0x20 raw=11 01 0C 20 4E F5 4E 43 00 00 00 00 00 00 00 00 00 00 00 00
[   3.180s] feature0x0C addr=0x30 raw=11 01 0C 30 81 35 79 03 00 00 00 00 00 00 00 00 00 00 00 00
[   3.194s] feature0x0C addr=0x10 raw=11 01 0C 10 4F 00 4E 40 00 00 00 00 00 00 00 00 00 00 00 00
[   3.196s] feature0x0C addr=0x20 raw=11 01 0C 20 4E F7 4E 41 00 00 00 00 00 00 00 00 00 00 00 00
[   3.196s] feature0x0C addr=0x30 raw=11 01 0C 30 81 37 79 01 00 00 00 00 00 00 00 00 00 00 00 00
[   3.210s] feature0x0C addr=0x10 raw=11 01 0C 10 4F 00 4E 40 00 00 00 00 00 00 00 00 00 00 00 00
[   3.211s] feature0x0C addr=0x20 raw=11 01 0C 20 4E F9 4E 41 00 00 00 00 00 00 00 00 00 00 00 00
[   3.213s] feature0x0C addr=0x30 raw=11 01 0C 30 81 39 79 01 00 00 00 00 00 00 00 00 00 00 00 00
[   3.228s] feature0x0C addr=0x10 raw=11 01 0C 10 4F 00 4E 40 00 00 00 00 00 00 00 00 00 00 00 00
[   3.228s] feature0x0C addr=0x20 raw=11 01 0C 20 4E F8 4E 40 00 00 00 00 00 00 00 00 00 00 00 00
[   3.230s] feature0x0C addr=0x30 raw=11 01 0C 30 81 38 79 00 00 00 00 00 00 00 00 00 00 00 00 00
[   3.243s] feature0x0C addr=0x10 raw=11 01 0C 10 4F 00 4E 40 00 00 00 00 00 00 00 00 00 00 00 00
[   3.244s] feature0x0C addr=0x20 raw=11 01 0C 20 4E F8 4E 40 00 00 00 00 00 00 00 00 00 00 00 00
[   3.246s] feature0x0C addr=0x30 raw=11 01 0C 30 81 38 79 00 00 00 00 00 00 00 00 00 00 00 00 00
[   3.260s] feature0x0C addr=0x10 raw=11 01 0C 10 4F 00 4E 40 00 00 00 00 00 00 00 00 00 00 00 00
[   3.262s] feature0x0C addr=0x20 raw=11 01 0C 20 4E F8 4E 42 00 00 00 00 00 00 00 00 00 00 00 00
[   3.262s] feature0x0C addr=0x30 raw=11 01 0C 30 81 38 79 02 00 00 00 00 00 00 00 00 00 00 00 00
[   3.278s] feature0x0C addr=0x10 raw=11 01 0C 10 4F 00 4E 40 00 00 00 00 00 00 00 00 00 00 00 00
[   3.278s] feature0x0C addr=0x20 raw=11 01 0C 20 4E F8 4E 42 00 00 00 00 00 00 00 00 00 00 00 00
[   3.279s] feature0x0C addr=0x30 raw=11 01 0C 30 81 38 79 02 00 00 00 00 00 00 00 00 00 00 00 00
[   3.293s] feature0x0C addr=0x10 raw=11 01 0C 10 4F 00 4E 40 00 00 00 00 00 00 00 00 00 00 00 00
[   3.295s] feature0x0C addr=0x20 raw=11 01 0C 20 4E F8 4E 40 00 00 00 00 00 00 00 00 00 00 00 00
[   3.295s] feature0x0C addr=0x30 raw=11 01 0C 30 81 38 79 00 00 00 00 00 00 00 00 00 00 00 00 00
[   3.310s] feature0x0C addr=0x10 raw=11 01 0C 10 4E C0 4E 40 00 00 00 00 00 00 00 00 00 00 00 00
[   3.312s] feature0x0C addr=0x20 raw=11 01 0C 20 4E FA 4E 42 00 00 00 00 00 00 00 00 00 00 00 00
[   3.312s] feature0x0C addr=0x30 raw=11 01 0C 30 81 3A 79 02 00 00 00 00 00 00 00 00 00 00 00 00
[   3.328s] feature0x0C addr=0x10 raw=11 01 0C 10 4E C0 4E 00 00 00 00 00 00 00 00 00 00 00 00 00
[   3.328s] feature0x0C addr=0x20 raw=11 01 0C 20 4E F8 4E 40 00 00 00 00 00 00 00 00 00 00 00 00
[   3.330s] feature0x0C addr=0x30 raw=11 01 0C 30 81 38 79 00 00 00 00 00 00 00 00 00 00 00 00 00
[   3.344s] feature0x0C addr=0x10 raw=11 01 0C 10 4E C0 4E 40 00 00 00 00 00 00 00 00 00 00 00 00
[   3.345s] feature0x0C addr=0x20 raw=11 01 0C 20 4E F9 4E 3F 00 00 00 00 00 00 00 00 00 00 00 00
[   3.347s] feature0x0C addr=0x30 raw=11 01 0C 30 81 39 78 FF 00 00 00 00 00 00 00 00 00 00 00 00
[   3.362s] feature0x0C addr=0x10 raw=11 01 0C 10 4F 00 4E 40 00 00 00 00 00 00 00 00 00 00 00 00
[   3.362s] feature0x0C addr=0x20 raw=11 01 0C 20 4E FB 4E 41 00 00 00 00 00 00 00 00 00 00 00 00
[   3.363s] feature0x0C addr=0x30 raw=11 01 0C 30 81 3B 79 01 00 00 00 00 00 00 00 00 00 00 00 00
[   3.378s] feature0x0C addr=0x10 raw=11 01 0C 10 50 00 4E 40 00 00 00 00 00 00 00 00 00 00 00 00
[   3.378s] feature0x0C addr=0x20 raw=11 01 0C 20 4E FD 4E 41 00 00 00 00 00 00 00 00 00 00 00 00
[   3.379s] feature0x0C addr=0x30 raw=11 01 0C 30 81 3D 79 01 00 00 00 00 00 00 00 00 00 00 00 00
[   3.394s] feature0x0C addr=0x10 raw=11 01 0C 10 60 00 4E 80 00 00 00 00 00 00 00 00 00 00 00 00
[   3.396s] feature0x0C addr=0x20 raw=11 01 0C 20 4E FD 4E 41 00 00 00 00 00 00 00 00 00 00 00 00
[   3.396s] feature0x0C addr=0x30 raw=11 01 0C 30 81 3D 79 01 00 00 00 00 00 00 00 00 00 00 00 00
[   3.411s] feature0x0C addr=0x10 raw=11 01 0C 10 7F 00 4E 80 00 00 00 00 00 00 00 00 00 00 00 00
[   3.411s] feature0x0C addr=0x20 raw=11 01 0C 20 4E FD 4E 41 00 00 00 00 00 00 00 00 00 00 00 00
[   3.413s] feature0x0C addr=0x30 raw=11 01 0C 30 81 3D 79 01 00 00 00 00 00 00 00 00 00 00 00 00
[   3.428s] feature0x0C addr=0x10 raw=11 01 0C 10 8B 40 4E 40 00 00 00 00 00 00 00 00 00 00 00 00
[   3.428s] feature0x0C addr=0x20 raw=11 01 0C 20 4E FD 4E 41 00 00 00 00 00 00 00 00 00 00 00 00
[   3.429s] feature0x0C addr=0x30 raw=11 01 0C 30 81 3D 79 01 00 00 00 00 00 00 00 00 00 00 00 00
[   3.444s] feature0x0C addr=0x10 raw=11 01 0C 10 93 80 4E 00 00 00 00 00 00 00 00 00 00 00 00 00
[   3.446s] feature0x0C addr=0x20 raw=11 01 0C 20 4E FD 4E 41 00 00 00 00 00 00 00 00 00 00 00 00
[   3.446s] feature0x0C addr=0x30 raw=11 01 0C 30 81 3D 79 01 00 00 00 00 00 00 00 00 00 00 00 00
[   3.461s] feature0x0C addr=0x10 raw=11 01 0C 10 93 C0 4E 40 00 00 00 00 00 00 00 00 00 00 00 00
[   3.461s] feature0x0C addr=0x20 raw=11 01 0C 20 4E FD 4E 42 00 00 00 00 00 00 00 00 00 00 00 00
[   3.463s] feature0x0C addr=0x30 raw=11 01 0C 30 81 3D 79 02 00 00 00 00 00 00 00 00 00 00 00 00
[   3.478s] feature0x0C addr=0x10 raw=11 01 0C 10 93 C0 4E 40 00 00 00 00 00 00 00 00 00 00 00 00
[   3.478s] feature0x0C addr=0x20 raw=11 01 0C 20 4E FD 4E 40 00 00 00 00 00 00 00 00 00 00 00 00
[   3.480s] feature0x0C addr=0x30 raw=11 01 0C 30 81 3D 79 00 00 00 00 00 00 00 00 00 00 00 00 00
[   3.494s] feature0x0C addr=0x10 raw=11 01 0C 10 93 C0 4E 40 00 00 00 00 00 00 00 00 00 00 00 00
[   3.494s] feature0x0C addr=0x20 raw=11 01 0C 20 4E FD 4E 42 00 00 00 00 00 00 00 00 00 00 00 00
[   3.495s] feature0x0C addr=0x30 raw=11 01 0C 30 81 3D 79 02 00 00 00 00 00 00 00 00 00 00 00 00
[   3.511s] feature0x0C addr=0x10 raw=11 01 0C 10 93 C0 4E 40 00 00 00 00 00 00 00 00 00 00 00 00
[   3.511s] feature0x0C addr=0x20 raw=11 01 0C 20 4E FD 4E 44 00 00 00 00 00 00 00 00 00 00 00 00
[   3.513s] feature0x0C addr=0x30 raw=11 01 0C 30 81 3D 79 04 00 00 00 00 00 00 00 00 00 00 00 00
[   3.528s] feature0x0C addr=0x10 raw=11 01 0C 10 94 00 4E 80 00 00 00 00 00 00 00 00 00 00 00 00
[   3.528s] feature0x0C addr=0x20 raw=11 01 0C 20 4E FD 4E 46 00 00 00 00 00 00 00 00 00 00 00 00
[   3.530s] feature0x0C addr=0x30 raw=11 01 0C 30 81 3D 79 06 00 00 00 00 00 00 00 00 00 00 00 00
[   3.544s] feature0x0C addr=0x10 raw=11 01 0C 10 94 00 4E 80 00 00 00 00 00 00 00 00 00 00 00 00
[   3.544s] feature0x0C addr=0x20 raw=11 01 0C 20 4E FD 4E 48 00 00 00 00 00 00 00 00 00 00 00 00
[   3.545s] feature0x0C addr=0x30 raw=11 01 0C 30 81 3D 79 08 00 00 00 00 00 00 00 00 00 00 00 00
[   3.560s] feature0x0C addr=0x10 raw=11 01 0C 10 94 00 4E 40 00 00 00 00 00 00 00 00 00 00 00 00
[   3.562s] feature0x0C addr=0x20 raw=11 01 0C 20 4E FD 4E 49 00 00 00 00 00 00 00 00 00 00 00 00
[   3.562s] feature0x0C addr=0x30 raw=11 01 0C 30 81 3D 79 09 00 00 00 00 00 00 00 00 00 00 00 00
[   3.577s] feature0x0C addr=0x10 raw=11 01 0C 10 94 00 4E 40 00 00 00 00 00 00 00 00 00 00 00 00
[   3.577s] feature0x0C addr=0x20 raw=11 01 0C 20 4E FD 4E 47 00 00 00 00 00 00 00 00 00 00 00 00
[   3.578s] feature0x0C addr=0x30 raw=11 01 0C 30 81 3D 79 07 00 00 00 00 00 00 00 00 00 00 00 00
[   3.593s] feature0x0C addr=0x10 raw=11 01 0C 10 93 80 4E 80 00 00 00 00 00 00 00 00 00 00 00 00
[   3.595s] feature0x0C addr=0x20 raw=11 01 0C 20 4E FD 4E 49 00 00 00 00 00 00 00 00 00 00 00 00
[   3.595s] feature0x0C addr=0x30 raw=11 01 0C 30 81 3D 79 09 00 00 00 00 00 00 00 00 00 00 00 00
[   3.611s] feature0x0C addr=0x10 raw=11 01 0C 10 93 00 4E 40 00 00 00 00 00 00 00 00 00 00 00 00
[   3.611s] feature0x0C addr=0x20 raw=11 01 0C 20 4E FD 4E 4B 00 00 00 00 00 00 00 00 00 00 00 00
[   3.612s] feature0x0C addr=0x30 raw=11 01 0C 30 81 3D 79 0B 00 00 00 00 00 00 00 00 00 00 00 00
[   3.627s] feature0x0C addr=0x10 raw=11 01 0C 10 8F 40 4E 80 00 00 00 00 00 00 00 00 00 00 00 00
[   3.627s] feature0x0C addr=0x20 raw=11 01 0C 20 4E FD 4E 4B 00 00 00 00 00 00 00 00 00 00 00 00
[   3.629s] feature0x0C addr=0x30 raw=11 01 0C 30 81 3D 79 0B 00 00 00 00 00 00 00 00 00 00 00 00
[   3.645s] feature0x0C addr=0x10 raw=11 01 0C 10 75 80 4E 80 00 00 00 00 00 00 00 00 00 00 00 00
[   3.645s] feature0x0C addr=0x20 raw=11 01 0C 20 4E FD 4E 4B 00 00 00 00 00 00 00 00 00 00 00 00
[   3.645s] feature0x0C addr=0x30 raw=11 01 0C 30 81 3D 79 0B 00 00 00 00 00 00 00 00 00 00 00 00
[   3.660s] feature0x0C addr=0x10 raw=11 01 0C 10 5D 40 4E 40 00 00 00 00 00 00 00 00 00 00 00 00
[   3.660s] feature0x0C addr=0x20 raw=11 01 0C 20 4E FD 4E 4A 00 00 00 00 00 00 00 00 00 00 00 00
[   3.662s] feature0x0C addr=0x30 raw=11 01 0C 30 81 3D 79 0A 00 00 00 00 00 00 00 00 00 00 00 00
[   3.676s] feature0x0C addr=0x10 raw=11 01 0C 10 51 80 4E 40 00 00 00 00 00 00 00 00 00 00 00 00
[   3.677s] feature0x0C addr=0x20 raw=11 01 0C 20 4E FD 4E 4A 00 00 00 00 00 00 00 00 00 00 00 00
[   3.679s] feature0x0C addr=0x30 raw=11 01 0C 30 81 3D 79 0A 00 00 00 00 00 00 00 00 00 00 00 00
[   3.694s] feature0x0C addr=0x10 raw=11 01 0C 10 50 00 4E 40 00 00 00 00 00 00 00 00 00 00 00 00
[   3.694s] feature0x0C addr=0x20 raw=11 01 0C 20 4E FD 4E 48 00 00 00 00 00 00 00 00 00 00 00 00
[   3.696s] feature0x0C addr=0x30 raw=11 01 0C 30 81 3D 79 08 00 00 00 00 00 00 00 00 00 00 00 00
[   3.710s] feature0x0C addr=0x10 raw=11 01 0C 10 4F 40 4E 40 00 00 00 00 00 00 00 00 00 00 00 00
[   3.710s] feature0x0C addr=0x20 raw=11 01 0C 20 4E FE 4E 4A 00 00 00 00 00 00 00 00 00 00 00 00
[   3.711s] feature0x0C addr=0x30 raw=11 01 0C 30 81 3E 79 0A 00 00 00 00 00 00 00 00 00 00 00 00
[   3.726s] feature0x0C addr=0x10 raw=11 01 0C 10 4F 00 4E 40 00 00 00 00 00 00 00 00 00 00 00 00
[   3.727s] feature0x0C addr=0x20 raw=11 01 0C 20 4F 00 4E 4A 00 00 00 00 00 00 00 00 00 00 00 00
[   3.729s] feature0x0C addr=0x30 raw=11 01 0C 30 81 40 79 0A 00 00 00 00 00 00 00 00 00 00 00 00
[   3.742s] feature0x0C addr=0x10 raw=11 01 0C 10 4F 40 4E 40 00 00 00 00 00 00 00 00 00 00 00 00
[   3.744s] feature0x0C addr=0x20 raw=11 01 0C 20 4F 00 4E 48 00 00 00 00 00 00 00 00 00 00 00 00
[   3.744s] feature0x0C addr=0x30 raw=11 01 0C 30 81 40 79 08 00 00 00 00 00 00 00 00 00 00 00 00
[   3.759s] feature0x0C addr=0x10 raw=11 01 0C 10 4F 00 4E 40 00 00 00 00 00 00 00 00 00 00 00 00
[   3.761s] feature0x0C addr=0x20 raw=11 01 0C 20 4F 00 4E 46 00 00 00 00 00 00 00 00 00 00 00 00
[   3.761s] feature0x0C addr=0x30 raw=11 01 0C 30 81 40 79 06 00 00 00 00 00 00 00 00 00 00 00 00
[   3.776s] feature0x0C addr=0x10 raw=11 01 0C 10 4E C0 4E 40 00 00 00 00 00 00 00 00 00 00 00 00
[   3.778s] feature0x0C addr=0x20 raw=11 01 0C 20 4F 01 4E 45 00 00 00 00 00 00 00 00 00 00 00 00
[   3.778s] feature0x0C addr=0x30 raw=11 01 0C 30 81 41 79 05 00 00 00 00 00 00 00 00 00 00 00 00
[   3.793s] feature0x0C addr=0x10 raw=11 01 0C 10 4E C0 4E 40 00 00 00 00 00 00 00 00 00 00 00 00
[   3.793s] feature0x0C addr=0x20 raw=11 01 0C 20 4F 01 4E 43 00 00 00 00 00 00 00 00 00 00 00 00
[   3.794s] feature0x0C addr=0x30 raw=11 01 0C 30 81 41 79 03 00 00 00 00 00 00 00 00 00 00 00 00
[   3.810s] feature0x0C addr=0x10 raw=11 01 0C 10 4E C0 4E 40 00 00 00 00 00 00 00 00 00 00 00 00
[   3.810s] feature0x0C addr=0x20 raw=11 01 0C 20 4E FF 4E 45 00 00 00 00 00 00 00 00 00 00 00 00
[   3.811s] feature0x0C addr=0x30 raw=11 01 0C 30 81 3F 79 05 00 00 00 00 00 00 00 00 00 00 00 00
[   3.825s] feature0x0C addr=0x10 raw=11 01 0C 10 4F 00 4E 80 00 00 00 00 00 00 00 00 00 00 00 00
[   3.827s] feature0x0C addr=0x20 raw=11 01 0C 20 4E FF 4E 43 00 00 00 00 00 00 00 00 00 00 00 00
[   3.827s] feature0x0C addr=0x30 raw=11 01 0C 30 81 3F 79 03 00 00 00 00 00 00 00 00 00 00 00 00
[   3.844s] feature0x0C addr=0x10 raw=11 01 0C 10 4E C0 4E 40 00 00 00 00 00 00 00 00 00 00 00 00
[   3.844s] feature0x0C addr=0x20 raw=11 01 0C 20 4F 01 4E 41 00 00 00 00 00 00 00 00 00 00 00 00
[   3.844s] feature0x0C addr=0x30 raw=11 01 0C 30 81 41 79 01 00 00 00 00 00 00 00 00 00 00 00 00
[   3.859s] feature0x0C addr=0x10 raw=11 01 0C 10 4F 00 4E 40 00 00 00 00 00 00 00 00 00 00 00 00
[   3.861s] feature0x0C addr=0x20 raw=11 01 0C 20 4F 01 4E 41 00 00 00 00 00 00 00 00 00 00 00 00
[   3.861s] feature0x0C addr=0x30 raw=11 01 0C 30 81 41 79 01 00 00 00 00 00 00 00 00 00 00 00 00
[   3.875s] feature0x0C addr=0x10 raw=11 01 0C 10 4F 40 4E 80 00 00 00 00 00 00 00 00 00 00 00 00
[   3.877s] feature0x0C addr=0x20 raw=11 01 0C 20 4F 00 4E 40 00 00 00 00 00 00 00 00 00 00 00 00
[   3.878s] feature0x0C addr=0x30 raw=11 01 0C 30 81 40 79 00 00 00 00 00 00 00 00 00 00 00 00 00
[   3.893s] feature0x0C addr=0x10 raw=11 01 0C 10 4F 40 4E 40 00 00 00 00 00 00 00 00 00 00 00 00
[   3.893s] feature0x0C addr=0x20 raw=11 01 0C 20 4F 02 4E 40 00 00 00 00 00 00 00 00 00 00 00 00
[   3.895s] feature0x0C addr=0x30 raw=11 01 0C 30 81 42 79 00 00 00 00 00 00 00 00 00 00 00 00 00
[   3.909s] feature0x0C addr=0x10 raw=11 01 0C 10 4F 00 4E 40 00 00 00 00 00 00 00 00 00 00 00 00
[   3.909s] feature0x0C addr=0x20 raw=11 01 0C 20 4F 00 4E 40 00 00 00 00 00 00 00 00 00 00 00 00
[   3.910s] feature0x0C addr=0x30 raw=11 01 0C 30 81 40 79 00 00 00 00 00 00 00 00 00 00 00 00 00
[   3.925s] feature0x0C addr=0x10 raw=11 01 0C 10 4F 00 4E 40 00 00 00 00 00 00 00 00 00 00 00 00
[   3.927s] feature0x0C addr=0x20 raw=11 01 0C 20 4F 00 4E 42 00 00 00 00 00 00 00 00 00 00 00 00
[   3.927s] feature0x0C addr=0x30 raw=11 01 0C 30 81 40 79 02 00 00 00 00 00 00 00 00 00 00 00 00
[   3.942s] feature0x0C addr=0x10 raw=11 01 0C 10 4F 00 4E 80 00 00 00 00 00 00 00 00 00 00 00 00
[   3.944s] feature0x0C addr=0x20 raw=11 01 0C 20 4F 00 4E 40 00 00 00 00 00 00 00 00 00 00 00 00
[   3.944s] feature0x0C addr=0x30 raw=11 01 0C 30 81 40 79 00 00 00 00 00 00 00 00 00 00 00 00 00
[   3.958s] feature0x0C addr=0x10 raw=11 01 0C 10 4F 00 4E 40 00 00 00 00 00 00 00 00 00 00 00 00
[   3.960s] feature0x0C addr=0x20 raw=11 01 0C 20 4F 00 4E 40 00 00 00 00 00 00 00 00 00 00 00 00
[   3.960s] feature0x0C addr=0x30 raw=11 01 0C 30 81 40 79 00 00 00 00 00 00 00 00 00 00 00 00 00
[   3.976s] feature0x0C addr=0x10 raw=11 01 0C 10 52 00 4E 80 00 00 00 00 00 00 00 00 00 00 00 00
[   3.976s] feature0x0C addr=0x20 raw=11 01 0C 20 4F 01 4E 42 00 00 00 00 00 00 00 00 00 00 00 00
[   3.978s] feature0x0C addr=0x30 raw=11 01 0C 30 81 41 79 02 00 00 00 00 00 00 00 00 00 00 00 00
[   3.991s] feature0x0C addr=0x10 raw=11 01 0C 10 7A 80 4E 40 00 00 00 00 00 00 00 00 00 00 00 00
[   3.992s] feature0x0C addr=0x20 raw=11 01 0C 20 4F 01 4E 41 00 00 00 00 00 00 00 00 00 00 00 00
[   3.994s] feature0x0C addr=0x30 raw=11 01 0C 30 81 41 79 01 00 00 00 00 00 00 00 00 00 00 00 00
[   4.008s] feature0x0C addr=0x10 raw=11 01 0C 10 89 80 4E 80 00 00 00 00 00 00 00 00 00 00 00 00
[   4.010s] feature0x0C addr=0x20 raw=11 01 0C 20 4F 01 4E 41 00 00 00 00 00 00 00 00 00 00 00 00
[   4.010s] feature0x0C addr=0x30 raw=11 01 0C 30 81 41 79 01 00 00 00 00 00 00 00 00 00 00 00 00
[   4.025s] feature0x0C addr=0x10 raw=11 01 0C 10 90 C0 4E 40 00 00 00 00 00 00 00 00 00 00 00 00
[   4.027s] feature0x0C addr=0x20 raw=11 01 0C 20 4F 01 4E 41 00 00 00 00 00 00 00 00 00 00 00 00
[   4.027s] feature0x0C addr=0x30 raw=11 01 0C 30 81 41 79 01 00 00 00 00 00 00 00 00 00 00 00 00
[   4.041s] feature0x0C addr=0x10 raw=11 01 0C 10 93 00 4E 40 00 00 00 00 00 00 00 00 00 00 00 00
[   4.043s] feature0x0C addr=0x20 raw=11 01 0C 20 4F 01 4E 41 00 00 00 00 00 00 00 00 00 00 00 00
[   4.043s] feature0x0C addr=0x30 raw=11 01 0C 30 81 41 79 01 00 00 00 00 00 00 00 00 00 00 00 00
[   4.058s] feature0x0C addr=0x10 raw=11 01 0C 10 93 C0 4E C0 00 00 00 00 00 00 00 00 00 00 00 00
[   4.060s] feature0x0C addr=0x20 raw=11 01 0C 20 4F 01 4E 43 00 00 00 00 00 00 00 00 00 00 00 00
[   4.060s] feature0x0C addr=0x30 raw=11 01 0C 30 81 41 79 03 00 00 00 00 00 00 00 00 00 00 00 00
[   4.075s] feature0x0C addr=0x10 raw=11 01 0C 10 93 80 4E 80 00 00 00 00 00 00 00 00 00 00 00 00
[   4.075s] feature0x0C addr=0x20 raw=11 01 0C 20 4F 01 4E 45 00 00 00 00 00 00 00 00 00 00 00 00
[   4.077s] feature0x0C addr=0x30 raw=11 01 0C 30 81 41 79 05 00 00 00 00 00 00 00 00 00 00 00 00
[   4.093s] feature0x0C addr=0x10 raw=11 01 0C 10 93 80 4E 40 00 00 00 00 00 00 00 00 00 00 00 00
[   4.093s] feature0x0C addr=0x20 raw=11 01 0C 20 4F 01 4E 46 00 00 00 00 00 00 00 00 00 00 00 00
[   4.093s] feature0x0C addr=0x30 raw=11 01 0C 30 81 41 79 06 00 00 00 00 00 00 00 00 00 00 00 00
[   4.109s] feature0x0C addr=0x10 raw=11 01 0C 10 94 40 4E 80 00 00 00 00 00 00 00 00 00 00 00 00
[   4.109s] feature0x0C addr=0x20 raw=11 01 0C 20 4F 01 4E 44 00 00 00 00 00 00 00 00 00 00 00 00
[   4.110s] feature0x0C addr=0x30 raw=11 01 0C 30 81 41 79 04 00 00 00 00 00 00 00 00 00 00 00 00
[   4.124s] feature0x0C addr=0x10 raw=11 01 0C 10 93 40 4E 40 00 00 00 00 00 00 00 00 00 00 00 00
[   4.125s] feature0x0C addr=0x20 raw=11 01 0C 20 4F 01 4E 46 00 00 00 00 00 00 00 00 00 00 00 00
[   4.127s] feature0x0C addr=0x30 raw=11 01 0C 30 81 41 79 06 00 00 00 00 00 00 00 00 00 00 00 00
[   4.142s] feature0x0C addr=0x10 raw=11 01 0C 10 90 C0 4E 40 00 00 00 00 00 00 00 00 00 00 00 00
[   4.142s] feature0x0C addr=0x20 raw=11 01 0C 20 4F 01 4E 48 00 00 00 00 00 00 00 00 00 00 00 00
[   4.143s] feature0x0C addr=0x30 raw=11 01 0C 30 81 41 79 08 00 00 00 00 00 00 00 00 00 00 00 00
[   4.158s] feature0x0C addr=0x10 raw=11 01 0C 10 8A C0 4E 40 00 00 00 00 00 00 00 00 00 00 00 00
[   4.158s] feature0x0C addr=0x20 raw=11 01 0C 20 4F 01 4E 4A 00 00 00 00 00 00 00 00 00 00 00 00
[   4.160s] feature0x0C addr=0x30 raw=11 01 0C 30 81 41 79 0A 00 00 00 00 00 00 00 00 00 00 00 00
[   4.175s] feature0x0C addr=0x10 raw=11 01 0C 10 77 40 4E 40 00 00 00 00 00 00 00 00 00 00 00 00
[   4.175s] feature0x0C addr=0x20 raw=11 01 0C 20 4F 01 4E 4A 00 00 00 00 00 00 00 00 00 00 00 00
[   4.177s] feature0x0C addr=0x30 raw=11 01 0C 30 81 41 79 0A 00 00 00 00 00 00 00 00 00 00 00 00
[   4.191s] feature0x0C addr=0x10 raw=11 01 0C 10 58 80 4E 40 00 00 00 00 00 00 00 00 00 00 00 00
[   4.193s] feature0x0C addr=0x20 raw=11 01 0C 20 4F 01 4E 4A 00 00 00 00 00 00 00 00 00 00 00 00
[   4.193s] feature0x0C addr=0x30 raw=11 01 0C 30 81 41 79 0A 00 00 00 00 00 00 00 00 00 00 00 00
[   4.207s] feature0x0C addr=0x10 raw=11 01 0C 10 51 C0 4E 00 00 00 00 00 00 00 00 00 00 00 00 00
[   4.209s] feature0x0C addr=0x20 raw=11 01 0C 20 4F 01 4E 4B 00 00 00 00 00 00 00 00 00 00 00 00
[   4.210s] feature0x0C addr=0x30 raw=11 01 0C 30 81 41 79 0B 00 00 00 00 00 00 00 00 00 00 00 00
[   4.225s] feature0x0C addr=0x10 raw=11 01 0C 10 51 00 4E 40 00 00 00 00 00 00 00 00 00 00 00 00
[   4.225s] feature0x0C addr=0x20 raw=11 01 0C 20 4F 01 4E 49 00 00 00 00 00 00 00 00 00 00 00 00
[   4.227s] feature0x0C addr=0x30 raw=11 01 0C 30 81 41 79 09 00 00 00 00 00 00 00 00 00 00 00 00
[   4.242s] feature0x0C addr=0x10 raw=11 01 0C 10 50 00 4E 40 00 00 00 00 00 00 00 00 00 00 00 00
[   4.242s] feature0x0C addr=0x20 raw=11 01 0C 20 4F 01 4E 47 00 00 00 00 00 00 00 00 00 00 00 00
[   4.244s] feature0x0C addr=0x30 raw=11 01 0C 30 81 41 79 07 00 00 00 00 00 00 00 00 00 00 00 00
[   4.258s] feature0x0C addr=0x10 raw=11 01 0C 10 4F 80 4E 40 00 00 00 00 00 00 00 00 00 00 00 00
[   4.260s] feature0x0C addr=0x20 raw=11 01 0C 20 4F 02 4E 49 00 00 00 00 00 00 00 00 00 00 00 00
[   4.260s] feature0x0C addr=0x30 raw=11 01 0C 30 81 42 79 09 00 00 00 00 00 00 00 00 00 00 00 00
[   4.275s] feature0x0C addr=0x10 raw=11 01 0C 10 4F 00 4E 40 00 00 00 00 00 00 00 00 00 00 00 00
[   4.277s] feature0x0C addr=0x20 raw=11 01 0C 20 4F 04 4E 47 00 00 00 00 00 00 00 00 00 00 00 00
[   4.278s] feature0x0C addr=0x30 raw=11 01 0C 30 81 44 79 07 00 00 00 00 00 00 00 00 00 00 00 00
[   4.291s] feature0x0C addr=0x10 raw=11 01 0C 10 4F 00 4E 40 00 00 00 00 00 00 00 00 00 00 00 00
[   4.293s] feature0x0C addr=0x20 raw=11 01 0C 20 4F 04 4E 47 00 00 00 00 00 00 00 00 00 00 00 00
[   4.293s] feature0x0C addr=0x30 raw=11 01 0C 30 81 44 79 07 00 00 00 00 00 00 00 00 00 00 00 00
[   4.309s] feature0x0C addr=0x10 raw=11 01 0C 10 4F 00 4E 80 00 00 00 00 00 00 00 00 00 00 00 00
[   4.309s] feature0x0C addr=0x20 raw=11 01 0C 20 4F 02 4E 47 00 00 00 00 00 00 00 00 00 00 00 00
[   4.311s] feature0x0C addr=0x30 raw=11 01 0C 30 81 42 79 07 00 00 00 00 00 00 00 00 00 00 00 00
[   4.324s] feature0x0C addr=0x10 raw=11 01 0C 10 4F 00 4E 80 00 00 00 00 00 00 00 00 00 00 00 00
[   4.326s] feature0x0C addr=0x20 raw=11 01 0C 20 4F 01 4E 48 00 00 00 00 00 00 00 00 00 00 00 00
[   4.326s] feature0x0C addr=0x30 raw=11 01 0C 30 81 41 79 08 00 00 00 00 00 00 00 00 00 00 00 00
[   4.342s] feature0x0C addr=0x10 raw=11 01 0C 10 4F 40 4E 80 00 00 00 00 00 00 00 00 00 00 00 00
[   4.342s] feature0x0C addr=0x20 raw=11 01 0C 20 4F 01 4E 46 00 00 00 00 00 00 00 00 00 00 00 00
[   4.343s] feature0x0C addr=0x30 raw=11 01 0C 30 81 41 79 06 00 00 00 00 00 00 00 00 00 00 00 00
[   4.359s] feature0x0C addr=0x10 raw=11 01 0C 10 4F 40 4E 40 00 00 00 00 00 00 00 00 00 00 00 00
[   4.359s] feature0x0C addr=0x20 raw=11 01 0C 20 4F 01 4E 44 00 00 00 00 00 00 00 00 00 00 00 00
[   4.361s] feature0x0C addr=0x30 raw=11 01 0C 30 81 41 79 04 00 00 00 00 00 00 00 00 00 00 00 00
[   4.374s] feature0x0C addr=0x10 raw=11 01 0C 10 51 80 4E 40 00 00 00 00 00 00 00 00 00 00 00 00
[   4.376s] feature0x0C addr=0x20 raw=11 01 0C 20 4F 03 4E 42 00 00 00 00 00 00 00 00 00 00 00 00
[   4.376s] feature0x0C addr=0x30 raw=11 01 0C 30 81 43 79 02 00 00 00 00 00 00 00 00 00 00 00 00
[   4.391s] feature0x0C addr=0x10 raw=11 01 0C 10 5C 80 4E 40 00 00 00 00 00 00 00 00 00 00 00 00
[   4.392s] feature0x0C addr=0x20 raw=11 01 0C 20 4F 03 4E 44 00 00 00 00 00 00 00 00 00 00 00 00
[   4.394s] feature0x0C addr=0x30 raw=11 01 0C 30 81 43 79 04 00 00 00 00 00 00 00 00 00 00 00 00
[   4.409s] feature0x0C addr=0x10 raw=11 01 0C 10 72 00 4E 40 00 00 00 00 00 00 00 00 00 00 00 00
[   4.409s] feature0x0C addr=0x20 raw=11 01 0C 20 4F 03 4E 42 00 00 00 00 00 00 00 00 00 00 00 00
[   4.409s] feature0x0C addr=0x30 raw=11 01 0C 30 81 43 79 02 00 00 00 00 00 00 00 00 00 00 00 00
[   4.425s] feature0x0C addr=0x10 raw=11 01 0C 10 83 C0 4E 80 00 00 00 00 00 00 00 00 00 00 00 00
[   4.425s] feature0x0C addr=0x20 raw=11 01 0C 20 4F 03 4E 41 00 00 00 00 00 00 00 00 00 00 00 00
[   4.427s] feature0x0C addr=0x30 raw=11 01 0C 30 81 43 79 01 00 00 00 00 00 00 00 00 00 00 00 00
[   4.441s] feature0x0C addr=0x10 raw=11 01 0C 10 8F 40 4E 40 00 00 00 00 00 00 00 00 00 00 00 00
[   4.442s] feature0x0C addr=0x20 raw=11 01 0C 20 4F 03 4E 41 00 00 00 00 00 00 00 00 00 00 00 00
[   4.444s] feature0x0C addr=0x30 raw=11 01 0C 30 81 43 79 01 00 00 00 00 00 00 00 00 00 00 00 00
[   4.457s] feature0x0C addr=0x10 raw=11 01 0C 10 91 80 4E 80 00 00 00 00 00 00 00 00 00 00 00 00
[   4.458s] feature0x0C addr=0x20 raw=11 01 0C 20 4F 03 4E 41 00 00 00 00 00 00 00 00 00 00 00 00
[   4.460s] feature0x0C addr=0x30 raw=11 01 0C 30 81 43 79 01 00 00 00 00 00 00 00 00 00 00 00 00
[   4.474s] feature0x0C addr=0x10 raw=11 01 0C 10 92 80 4E 80 00 00 00 00 00 00 00 00 00 00 00 00
[   4.476s] feature0x0C addr=0x20 raw=11 01 0C 20 4F 03 4E 43 00 00 00 00 00 00 00 00 00 00 00 00
[   4.476s] feature0x0C addr=0x30 raw=11 01 0C 30 81 43 79 03 00 00 00 00 00 00 00 00 00 00 00 00
[   4.491s] feature0x0C addr=0x10 raw=11 01 0C 10 93 40 4E 80 00 00 00 00 00 00 00 00 00 00 00 00
[   4.491s] feature0x0C addr=0x20 raw=11 01 0C 20 4F 03 4E 41 00 00 00 00 00 00 00 00 00 00 00 00
[   4.492s] feature0x0C addr=0x30 raw=11 01 0C 30 81 43 79 01 00 00 00 00 00 00 00 00 00 00 00 00
[   4.508s] feature0x0C addr=0x10 raw=11 01 0C 10 93 80 4E 40 00 00 00 00 00 00 00 00 00 00 00 00
[   4.508s] feature0x0C addr=0x20 raw=11 01 0C 20 4F 03 4E 43 00 00 00 00 00 00 00 00 00 00 00 00
[   4.510s] feature0x0C addr=0x30 raw=11 01 0C 30 81 43 79 03 00 00 00 00 00 00 00 00 00 00 00 00
[   4.524s] feature0x0C addr=0x10 raw=11 01 0C 10 93 80 4E 80 00 00 00 00 00 00 00 00 00 00 00 00
[   4.526s] feature0x0C addr=0x20 raw=11 01 0C 20 4F 03 4E 43 00 00 00 00 00 00 00 00 00 00 00 00
[   4.526s] feature0x0C addr=0x30 raw=11 01 0C 30 81 43 79 03 00 00 00 00 00 00 00 00 00 00 00 00
[   4.540s] feature0x0C addr=0x10 raw=11 01 0C 10 93 00 4E 80 00 00 00 00 00 00 00 00 00 00 00 00
[   4.542s] feature0x0C addr=0x20 raw=11 01 0C 20 4F 03 4E 44 00 00 00 00 00 00 00 00 00 00 00 00
[   4.542s] feature0x0C addr=0x30 raw=11 01 0C 30 81 43 79 04 00 00 00 00 00 00 00 00 00 00 00 00
[   4.558s] feature0x0C addr=0x10 raw=11 01 0C 10 93 00 4E 80 00 00 00 00 00 00 00 00 00 00 00 00
[   4.558s] feature0x0C addr=0x20 raw=11 01 0C 20 4F 03 4E 44 00 00 00 00 00 00 00 00 00 00 00 00
[   4.559s] feature0x0C addr=0x30 raw=11 01 0C 30 81 43 79 04 00 00 00 00 00 00 00 00 00 00 00 00
[   4.574s] feature0x0C addr=0x10 raw=11 01 0C 10 92 40 4E 40 00 00 00 00 00 00 00 00 00 00 00 00
[   4.576s] feature0x0C addr=0x20 raw=11 01 0C 20 4F 03 4E 46 00 00 00 00 00 00 00 00 00 00 00 00
[   4.576s] feature0x0C addr=0x30 raw=11 01 0C 30 81 43 79 06 00 00 00 00 00 00 00 00 00 00 00 00
[   4.591s] feature0x0C addr=0x10 raw=11 01 0C 10 92 00 4E 80 00 00 00 00 00 00 00 00 00 00 00 00
[   4.593s] feature0x0C addr=0x20 raw=11 01 0C 20 4F 03 4E 46 00 00 00 00 00 00 00 00 00 00 00 00
[   4.593s] feature0x0C addr=0x30 raw=11 01 0C 30 81 43 79 06 00 00 00 00 00 00 00 00 00 00 00 00
[   4.608s] feature0x0C addr=0x10 raw=11 01 0C 10 90 C0 4E 40 00 00 00 00 00 00 00 00 00 00 00 00
[   4.610s] feature0x0C addr=0x20 raw=11 01 0C 20 4F 03 4E 46 00 00 00 00 00 00 00 00 00 00 00 00
[   4.610s] feature0x0C addr=0x30 raw=11 01 0C 30 81 43 79 06 00 00 00 00 00 00 00 00 00 00 00 00
[   4.625s] feature0x0C addr=0x10 raw=11 01 0C 10 8B C0 4E 80 00 00 00 00 00 00 00 00 00 00 00 00
[   4.625s] feature0x0C addr=0x20 raw=11 01 0C 20 4F 03 4E 44 00 00 00 00 00 00 00 00 00 00 00 00
[   4.626s] feature0x0C addr=0x30 raw=11 01 0C 30 81 43 79 04 00 00 00 00 00 00 00 00 00 00 00 00
[   4.641s] feature0x0C addr=0x10 raw=11 01 0C 10 76 40 4E 40 00 00 00 00 00 00 00 00 00 00 00 00
[   4.643s] feature0x0C addr=0x20 raw=11 01 0C 20 4F 03 4E 42 00 00 00 00 00 00 00 00 00 00 00 00
[   4.643s] feature0x0C addr=0x30 raw=11 01 0C 30 81 43 79 02 00 00 00 00 00 00 00 00 00 00 00 00
[   4.657s] feature0x0C addr=0x10 raw=11 01 0C 10 5F 80 4E 40 00 00 00 00 00 00 00 00 00 00 00 00
[   4.659s] feature0x0C addr=0x20 raw=11 01 0C 20 4F 03 4E 43 00 00 00 00 00 00 00 00 00 00 00 00
[   4.659s] feature0x0C addr=0x30 raw=11 01 0C 30 81 43 79 03 00 00 00 00 00 00 00 00 00 00 00 00
[   4.674s] feature0x0C addr=0x10 raw=11 01 0C 10 53 C0 4E 40 00 00 00 00 00 00 00 00 00 00 00 00
[   4.676s] feature0x0C addr=0x20 raw=11 01 0C 20 4F 03 4E 43 00 00 00 00 00 00 00 00 00 00 00 00
[   4.676s] feature0x0C addr=0x30 raw=11 01 0C 30 81 43 79 03 00 00 00 00 00 00 00 00 00 00 00 00
[   4.692s] feature0x0C addr=0x10 raw=11 01 0C 10 51 00 4E 40 00 00 00 00 00 00 00 00 00 00 00 00
[   4.692s] feature0x0C addr=0x20 raw=11 01 0C 20 4F 03 4E 43 00 00 00 00 00 00 00 00 00 00 00 00
[   4.694s] feature0x0C addr=0x30 raw=11 01 0C 30 81 43 79 03 00 00 00 00 00 00 00 00 00 00 00 00
[   4.708s] feature0x0C addr=0x10 raw=11 01 0C 10 4F 00 4E 40 00 00 00 00 00 00 00 00 00 00 00 00
[   4.708s] feature0x0C addr=0x20 raw=11 01 0C 20 4F 03 4E 41 00 00 00 00 00 00 00 00 00 00 00 00
[   4.710s] feature0x0C addr=0x30 raw=11 01 0C 30 81 43 79 01 00 00 00 00 00 00 00 00 00 00 00 00
[   4.724s] feature0x0C addr=0x10 raw=11 01 0C 10 4F 00 4E 40 00 00 00 00 00 00 00 00 00 00 00 00
[   4.726s] feature0x0C addr=0x20 raw=11 01 0C 20 4F 03 4E 41 00 00 00 00 00 00 00 00 00 00 00 00
[   4.726s] feature0x0C addr=0x30 raw=11 01 0C 30 81 43 79 01 00 00 00 00 00 00 00 00 00 00 00 00
[   4.740s] feature0x0C addr=0x10 raw=11 01 0C 10 4F 00 4E 40 00 00 00 00 00 00 00 00 00 00 00 00
[   4.741s] feature0x0C addr=0x20 raw=11 01 0C 20 4F 01 4E 41 00 00 00 00 00 00 00 00 00 00 00 00
[   4.743s] feature0x0C addr=0x30 raw=11 01 0C 30 81 41 79 01 00 00 00 00 00 00 00 00 00 00 00 00
[   4.757s] feature0x0C addr=0x10 raw=11 01 0C 10 4F 00 4E 40 00 00 00 00 00 00 00 00 00 00 00 00
[   4.758s] feature0x0C addr=0x20 raw=11 01 0C 20 4F 00 4E 40 00 00 00 00 00 00 00 00 00 00 00 00
[   4.760s] feature0x0C addr=0x30 raw=11 01 0C 30 81 40 79 00 00 00 00 00 00 00 00 00 00 00 00 00
[   4.774s] feature0x0C addr=0x10 raw=11 01 0C 10 4F 00 4E 40 00 00 00 00 00 00 00 00 00 00 00 00
[   4.776s] feature0x0C addr=0x20 raw=11 01 0C 20 4F 00 4E 40 00 00 00 00 00 00 00 00 00 00 00 00
[   4.776s] feature0x0C addr=0x30 raw=11 01 0C 30 81 40 79 00 00 00 00 00 00 00 00 00 00 00 00 00
[   4.791s] feature0x0C addr=0x10 raw=11 01 0C 10 4F 40 4E 40 00 00 00 00 00 00 00 00 00 00 00 00
[   4.792s] feature0x0C addr=0x20 raw=11 01 0C 20 4F 00 4E 40 00 00 00 00 00 00 00 00 00 00 00 00
[   4.792s] feature0x0C addr=0x30 raw=11 01 0C 30 81 40 79 00 00 00 00 00 00 00 00 00 00 00 00 00
[   4.808s] feature0x0C addr=0x10 raw=11 01 0C 10 52 00 4E 40 00 00 00 00 00 00 00 00 00 00 00 00
[   4.808s] feature0x0C addr=0x20 raw=11 01 0C 20 4F 01 4E 42 00 00 00 00 00 00 00 00 00 00 00 00
[   4.810s] feature0x0C addr=0x30 raw=11 01 0C 30 81 41 79 02 00 00 00 00 00 00 00 00 00 00 00 00
[   4.823s] feature0x0C addr=0x10 raw=11 01 0C 10 72 80 4E 40 00 00 00 00 00 00 00 00 00 00 00 00
[   4.825s] feature0x0C addr=0x20 raw=11 01 0C 20 4F 01 4E 42 00 00 00 00 00 00 00 00 00 00 00 00
[   4.826s] feature0x0C addr=0x30 raw=11 01 0C 30 81 41 79 02 00 00 00 00 00 00 00 00 00 00 00 00
[   4.840s] feature0x0C addr=0x10 raw=11 01 0C 10 89 C0 4E 80 00 00 00 00 00 00 00 00 00 00 00 00
[   4.841s] feature0x0C addr=0x20 raw=11 01 0C 20 4F 01 4E 44 00 00 00 00 00 00 00 00 00 00 00 00
[   4.843s] feature0x0C addr=0x30 raw=11 01 0C 30 81 41 79 04 00 00 00 00 00 00 00 00 00 00 00 00
[   4.858s] feature0x0C addr=0x10 raw=11 01 0C 10 90 C0 4E 80 00 00 00 00 00 00 00 00 00 00 00 00
[   4.858s] feature0x0C addr=0x20 raw=11 01 0C 20 4F 01 4E 46 00 00 00 00 00 00 00 00 00 00 00 00
[   4.860s] feature0x0C addr=0x30 raw=11 01 0C 30 81 41 79 06 00 00 00 00 00 00 00 00 00 00 00 00
[   4.874s] feature0x0C addr=0x10 raw=11 01 0C 10 92 80 4E 80 00 00 00 00 00 00 00 00 00 00 00 00
[   4.876s] feature0x0C addr=0x20 raw=11 01 0C 20 4F 01 4E 47 00 00 00 00 00 00 00 00 00 00 00 00
[   4.876s] feature0x0C addr=0x30 raw=11 01 0C 30 81 41 79 07 00 00 00 00 00 00 00 00 00 00 00 00
[   4.890s] feature0x0C addr=0x10 raw=11 01 0C 10 93 40 4E 80 00 00 00 00 00 00 00 00 00 00 00 00
[   4.891s] feature0x0C addr=0x20 raw=11 01 0C 20 4F 01 4E 47 00 00 00 00 00 00 00 00 00 00 00 00
[   4.893s] feature0x0C addr=0x30 raw=11 01 0C 30 81 41 79 07 00 00 00 00 00 00 00 00 00 00 00 00
[   4.907s] feature0x0C addr=0x10 raw=11 01 0C 10 93 40 4E 40 00 00 00 00 00 00 00 00 00 00 00 00
[   4.909s] feature0x0C addr=0x20 raw=11 01 0C 20 4F 01 4E 47 00 00 00 00 00 00 00 00 00 00 00 00
[   4.909s] feature0x0C addr=0x30 raw=11 01 0C 30 81 41 79 07 00 00 00 00 00 00 00 00 00 00 00 00
[   4.925s] feature0x0C addr=0x10 raw=11 01 0C 10 93 80 4E 80 00 00 00 00 00 00 00 00 00 00 00 00
[   4.925s] feature0x0C addr=0x20 raw=11 01 0C 20 4F 01 4E 45 00 00 00 00 00 00 00 00 00 00 00 00
[   4.927s] feature0x0C addr=0x30 raw=11 01 0C 30 81 41 79 05 00 00 00 00 00 00 00 00 00 00 00 00
[   4.941s] feature0x0C addr=0x10 raw=11 01 0C 10 93 80 4E 40 00 00 00 00 00 00 00 00 00 00 00 00
[   4.943s] feature0x0C addr=0x20 raw=11 01 0C 20 4F 01 4E 45 00 00 00 00 00 00 00 00 00 00 00 00
[   4.943s] feature0x0C addr=0x30 raw=11 01 0C 30 81 41 79 05 00 00 00 00 00 00 00 00 00 00 00 00
[   4.957s] feature0x0C addr=0x10 raw=11 01 0C 10 93 C0 4E 80 00 00 00 00 00 00 00 00 00 00 00 00
[   4.959s] feature0x0C addr=0x20 raw=11 01 0C 20 4F 01 4E 47 00 00 00 00 00 00 00 00 00 00 00 00
[   4.959s] feature0x0C addr=0x30 raw=11 01 0C 30 81 41 79 07 00 00 00 00 00 00 00 00 00 00 00 00
[   4.975s] feature0x0C addr=0x10 raw=11 01 0C 10 93 C0 4E 80 00 00 00 00 00 00 00 00 00 00 00 00
[   4.975s] feature0x0C addr=0x20 raw=11 01 0C 20 4F 01 4E 47 00 00 00 00 00 00 00 00 00 00 00 00
[   4.976s] feature0x0C addr=0x30 raw=11 01 0C 30 81 41 79 07 00 00 00 00 00 00 00 00 00 00 00 00
[   4.991s] feature0x0C addr=0x10 raw=11 01 0C 10 93 40 4E 40 00 00 00 00 00 00 00 00 00 00 00 00
[   4.991s] feature0x0C addr=0x20 raw=11 01 0C 20 4F 01 4E 46 00 00 00 00 00 00 00 00 00 00 00 00
[   4.993s] feature0x0C addr=0x30 raw=11 01 0C 30 81 41 79 06 00 00 00 00 00 00 00 00 00 00 00 00
[   5.008s] feature0x0C addr=0x10 raw=11 01 0C 10 93 00 4E 80 00 00 00 00 00 00 00 00 00 00 00 00
[   5.008s] feature0x0C addr=0x20 raw=11 01 0C 20 4F 01 4E 46 00 00 00 00 00 00 00 00 00 00 00 00
[   5.009s] feature0x0C addr=0x30 raw=11 01 0C 30 81 41 79 06 00 00 00 00 00 00 00 00 00 00 00 00
[   5.025s] feature0x0C addr=0x10 raw=11 01 0C 10 91 C0 4E 40 00 00 00 00 00 00 00 00 00 00 00 00
[   5.025s] feature0x0C addr=0x20 raw=11 01 0C 20 4F 01 4E 46 00 00 00 00 00 00 00 00 00 00 00 00
[   5.027s] feature0x0C addr=0x30 raw=11 01 0C 30 81 41 79 06 00 00 00 00 00 00 00 00 00 00 00 00
[   5.041s] feature0x0C addr=0x10 raw=11 01 0C 10 8F 40 4E 80 00 00 00 00 00 00 00 00 00 00 00 00
[   5.041s] feature0x0C addr=0x20 raw=11 01 0C 20 4F 01 4E 46 00 00 00 00 00 00 00 00 00 00 00 00
[   5.043s] feature0x0C addr=0x30 raw=11 01 0C 30 81 41 79 06 00 00 00 00 00 00 00 00 00 00 00 00
[   5.059s] feature0x0C addr=0x10 raw=11 01 0C 10 7A 00 4E 40 00 00 00 00 00 00 00 00 00 00 00 00
[   5.059s] feature0x0C addr=0x20 raw=11 01 0C 20 4F 01 4E 48 00 00 00 00 00 00 00 00 00 00 00 00
[   5.060s] feature0x0C addr=0x30 raw=11 01 0C 30 81 41 79 08 00 00 00 00 00 00 00 00 00 00 00 00
[   5.074s] feature0x0C addr=0x10 raw=11 01 0C 10 60 00 4E 80 00 00 00 00 00 00 00 00 00 00 00 00
[   5.074s] feature0x0C addr=0x20 raw=11 01 0C 20 4F 01 4E 48 00 00 00 00 00 00 00 00 00 00 00 00
[   5.075s] feature0x0C addr=0x30 raw=11 01 0C 30 81 41 79 08 00 00 00 00 00 00 00 00 00 00 00 00
[   5.091s] feature0x0C addr=0x10 raw=11 01 0C 10 54 C0 4E 80 00 00 00 00 00 00 00 00 00 00 00 00
[   5.092s] feature0x0C addr=0x20 raw=11 01 0C 20 4F 01 4E 47 00 00 00 00 00 00 00 00 00 00 00 00
[   5.093s] feature0x0C addr=0x30 raw=11 01 0C 30 81 41 79 07 00 00 00 00 00 00 00 00 00 00 00 00
[   5.108s] feature0x0C addr=0x10 raw=11 01 0C 10 51 C0 4E 80 00 00 00 00 00 00 00 00 00 00 00 00
[   5.108s] feature0x0C addr=0x20 raw=11 01 0C 20 4F 01 4E 47 00 00 00 00 00 00 00 00 00 00 00 00
[   5.109s] feature0x0C addr=0x30 raw=11 01 0C 30 81 41 79 07 00 00 00 00 00 00 00 00 00 00 00 00
[   5.124s] feature0x0C addr=0x10 raw=11 01 0C 10 50 40 4E 40 00 00 00 00 00 00 00 00 00 00 00 00
[   5.124s] feature0x0C addr=0x20 raw=11 01 0C 20 4F 01 4E 47 00 00 00 00 00 00 00 00 00 00 00 00
[   5.125s] feature0x0C addr=0x30 raw=11 01 0C 30 81 41 79 07 00 00 00 00 00 00 00 00 00 00 00 00
[   5.140s] feature0x0C addr=0x10 raw=11 01 0C 10 4F 80 4E 40 00 00 00 00 00 00 00 00 00 00 00 00
[   5.142s] feature0x0C addr=0x20 raw=11 01 0C 20 4F 02 4E 49 00 00 00 00 00 00 00 00 00 00 00 00
[   5.142s] feature0x0C addr=0x30 raw=11 01 0C 30 81 42 79 09 00 00 00 00 00 00 00 00 00 00 00 00
[   5.159s] feature0x0C addr=0x10 raw=11 01 0C 10 4F 00 4E 80 00 00 00 00 00 00 00 00 00 00 00 00
[   5.159s] feature0x0C addr=0x20 raw=11 01 0C 20 4F 04 4E 49 00 00 00 00 00 00 00 00 00 00 00 00
[   5.159s] feature0x0C addr=0x30 raw=11 01 0C 30 81 44 79 09 00 00 00 00 00 00 00 00 00 00 00 00
[   5.175s] feature0x0C addr=0x10 raw=11 01 0C 10 4E C0 4E 40 00 00 00 00 00 00 00 00 00 00 00 00
[   5.175s] feature0x0C addr=0x20 raw=11 01 0C 20 4F 02 4E 47 00 00 00 00 00 00 00 00 00 00 00 00
[   5.177s] feature0x0C addr=0x30 raw=11 01 0C 30 81 42 79 07 00 00 00 00 00 00 00 00 00 00 00 00
[   5.193s] feature0x0C addr=0x10 raw=11 01 0C 10 4F 00 4E 40 00 00 00 00 00 00 00 00 00 00 00 00
[   5.193s] feature0x0C addr=0x20 raw=11 01 0C 20 4F 00 4E 45 00 00 00 00 00 00 00 00 00 00 00 00
[   5.193s] feature0x0C addr=0x30 raw=11 01 0C 30 81 40 79 05 00 00 00 00 00 00 00 00 00 00 00 00
[   5.209s] feature0x0C addr=0x10 raw=11 01 0C 10 4F 00 4E 40 00 00 00 00 00 00 00 00 00 00 00 00
[   5.209s] feature0x0C addr=0x20 raw=11 01 0C 20 4F 01 4E 46 00 00 00 00 00 00 00 00 00 00 00 00
[   5.209s] feature0x0C addr=0x30 raw=11 01 0C 30 81 41 79 06 00 00 00 00 00 00 00 00 00 00 00 00
[   5.225s] feature0x0C addr=0x10 raw=11 01 0C 10 4F 40 4E 80 00 00 00 00 00 00 00 00 00 00 00 00
[   5.225s] feature0x0C addr=0x20 raw=11 01 0C 20 4F 01 4E 46 00 00 00 00 00 00 00 00 00 00 00 00
[   5.227s] feature0x0C addr=0x30 raw=11 01 0C 30 81 41 79 06 00 00 00 00 00 00 00 00 00 00 00 00
[   5.240s] feature0x0C addr=0x10 raw=11 01 0C 10 4F 80 4E 80 00 00 00 00 00 00 00 00 00 00 00 00
[   5.242s] feature0x0C addr=0x20 raw=11 01 0C 20 4F 03 4E 46 00 00 00 00 00 00 00 00 00 00 00 00
[   5.242s] feature0x0C addr=0x30 raw=11 01 0C 30 81 43 79 06 00 00 00 00 00 00 00 00 00 00 00 00
[   5.257s] feature0x0C addr=0x10 raw=11 01 0C 10 50 80 4E 80 00 00 00 00 00 00 00 00 00 00 00 00
[   5.259s] feature0x0C addr=0x20 raw=11 01 0C 20 4F 05 4E 44 00 00 00 00 00 00 00 00 00 00 00 00
[   5.259s] feature0x0C addr=0x30 raw=11 01 0C 30 81 45 79 04 00 00 00 00 00 00 00 00 00 00 00 00
[   5.274s] feature0x0C addr=0x10 raw=11 01 0C 10 58 00 4E 40 00 00 00 00 00 00 00 00 00 00 00 00
[   5.276s] feature0x0C addr=0x20 raw=11 01 0C 20 4F 05 4E 42 00 00 00 00 00 00 00 00 00 00 00 00
[   5.277s] feature0x0C addr=0x30 raw=11 01 0C 30 81 45 79 02 00 00 00 00 00 00 00 00 00 00 00 00
[   5.291s] feature0x0C addr=0x10 raw=11 01 0C 10 69 40 4E 40 00 00 00 00 00 00 00 00 00 00 00 00
[   5.292s] feature0x0C addr=0x20 raw=11 01 0C 20 4F 05 4E 42 00 00 00 00 00 00 00 00 00 00 00 00
[   5.293s] feature0x0C addr=0x30 raw=11 01 0C 30 81 45 79 02 00 00 00 00 00 00 00 00 00 00 00 00
[   5.307s] feature0x0C addr=0x10 raw=11 01 0C 10 81 80 4E 80 00 00 00 00 00 00 00 00 00 00 00 00
[   5.308s] feature0x0C addr=0x20 raw=11 01 0C 20 4F 05 4E 42 00 00 00 00 00 00 00 00 00 00 00 00
[   5.310s] feature0x0C addr=0x30 raw=11 01 0C 30 81 45 79 02 00 00 00 00 00 00 00 00 00 00 00 00
[   5.324s] feature0x0C addr=0x10 raw=11 01 0C 10 8D C0 4E 80 00 00 00 00 00 00 00 00 00 00 00 00
[   5.326s] feature0x0C addr=0x20 raw=11 01 0C 20 4F 05 4E 41 00 00 00 00 00 00 00 00 00 00 00 00
[   5.326s] feature0x0C addr=0x30 raw=11 01 0C 30 81 45 79 01 00 00 00 00 00 00 00 00 00 00 00 00
[   5.342s] feature0x0C addr=0x10 raw=11 01 0C 10 91 80 4E 80 00 00 00 00 00 00 00 00 00 00 00 00
[   5.343s] feature0x0C addr=0x20 raw=11 01 0C 20 4F 05 4E 41 00 00 00 00 00 00 00 00 00 00 00 00
[   5.344s] feature0x0C addr=0x30 raw=11 01 0C 30 81 45 79 01 00 00 00 00 00 00 00 00 00 00 00 00
[   5.358s] feature0x0C addr=0x10 raw=11 01 0C 10 93 40 4E 40 00 00 00 00 00 00 00 00 00 00 00 00
[   5.360s] feature0x0C addr=0x20 raw=11 01 0C 20 4F 05 4E 41 00 00 00 00 00 00 00 00 00 00 00 00
[   5.360s] feature0x0C addr=0x30 raw=11 01 0C 30 81 45 79 01 00 00 00 00 00 00 00 00 00 00 00 00
[   5.374s] feature0x0C addr=0x10 raw=11 01 0C 10 93 80 4E 80 00 00 00 00 00 00 00 00 00 00 00 00
[   5.376s] feature0x0C addr=0x20 raw=11 01 0C 20 4F 05 4E 41 00 00 00 00 00 00 00 00 00 00 00 00
[   5.376s] feature0x0C addr=0x30 raw=11 01 0C 30 81 45 79 01 00 00 00 00 00 00 00 00 00 00 00 00
[   5.392s] feature0x0C addr=0x10 raw=11 01 0C 10 94 00 4E 40 00 00 00 00 00 00 00 00 00 00 00 00
[   5.392s] feature0x0C addr=0x20 raw=11 01 0C 20 4F 05 4E 41 00 00 00 00 00 00 00 00 00 00 00 00
[   5.393s] feature0x0C addr=0x30 raw=11 01 0C 30 81 45 79 01 00 00 00 00 00 00 00 00 00 00 00 00
[   5.409s] feature0x0C addr=0x10 raw=11 01 0C 10 93 C0 4E 80 00 00 00 00 00 00 00 00 00 00 00 00
[   5.409s] feature0x0C addr=0x20 raw=11 01 0C 20 4F 05 4E 41 00 00 00 00 00 00 00 00 00 00 00 00
[   5.409s] feature0x0C addr=0x30 raw=11 01 0C 30 81 45 79 01 00 00 00 00 00 00 00 00 00 00 00 00
[   5.425s] feature0x0C addr=0x10 raw=11 01 0C 10 93 C0 4E 40 00 00 00 00 00 00 00 00 00 00 00 00
[   5.425s] feature0x0C addr=0x20 raw=11 01 0C 20 4F 05 4E 41 00 00 00 00 00 00 00 00 00 00 00 00
[   5.427s] feature0x0C addr=0x30 raw=11 01 0C 30 81 45 79 01 00 00 00 00 00 00 00 00 00 00 00 00
[   5.441s] feature0x0C addr=0x10 raw=11 01 0C 10 92 80 4E 40 00 00 00 00 00 00 00 00 00 00 00 00
[   5.443s] feature0x0C addr=0x20 raw=11 01 0C 20 4F 05 4E 40 00 00 00 00 00 00 00 00 00 00 00 00
[   5.443s] feature0x0C addr=0x30 raw=11 01 0C 30 81 45 79 00 00 00 00 00 00 00 00 00 00 00 00 00
[   5.458s] feature0x0C addr=0x10 raw=11 01 0C 10 8D 00 4E 80 00 00 00 00 00 00 00 00 00 00 00 00
[   5.458s] feature0x0C addr=0x20 raw=11 01 0C 20 4F 05 4E 42 00 00 00 00 00 00 00 00 00 00 00 00
[   5.460s] feature0x0C addr=0x30 raw=11 01 0C 30 81 45 79 02 00 00 00 00 00 00 00 00 00 00 00 00
[   5.474s] feature0x0C addr=0x10 raw=11 01 0C 10 75 80 4E 40 00 00 00 00 00 00 00 00 00 00 00 00
[   5.476s] feature0x0C addr=0x20 raw=11 01 0C 20 4F 05 4E 40 00 00 00 00 00 00 00 00 00 00 00 00
[   5.476s] feature0x0C addr=0x30 raw=11 01 0C 30 81 45 79 00 00 00 00 00 00 00 00 00 00 00 00 00
[   5.490s] feature0x0C addr=0x10 raw=11 01 0C 10 5C 00 4E 00 00 00 00 00 00 00 00 00 00 00 00 00
[   5.491s] feature0x0C addr=0x20 raw=11 01 0C 20 4F 05 4E 40 00 00 00 00 00 00 00 00 00 00 00 00
[   5.493s] feature0x0C addr=0x30 raw=11 01 0C 30 81 45 79 00 00 00 00 00 00 00 00 00 00 00 00 00
[   5.507s] feature0x0C addr=0x10 raw=11 01 0C 10 57 40 4E 40 00 00 00 00 00 00 00 00 00 00 00 00
[   5.509s] feature0x0C addr=0x20 raw=11 01 0C 20 4F 05 4E 40 00 00 00 00 00 00 00 00 00 00 00 00
[   5.509s] feature0x0C addr=0x30 raw=11 01 0C 30 81 45 79 00 00 00 00 00 00 00 00 00 00 00 00 00
[   5.525s] feature0x0C addr=0x10 raw=11 01 0C 10 53 80 4E 40 00 00 00 00 00 00 00 00 00 00 00 00
[   5.525s] feature0x0C addr=0x20 raw=11 01 0C 20 4F 05 4E 40 00 00 00 00 00 00 00 00 00 00 00 00
[   5.527s] feature0x0C addr=0x30 raw=11 01 0C 30 81 45 79 00 00 00 00 00 00 00 00 00 00 00 00 00
[   5.540s] feature0x0C addr=0x10 raw=11 01 0C 10 53 00 4E 80 00 00 00 00 00 00 00 00 00 00 00 00
[   5.542s] feature0x0C addr=0x20 raw=11 01 0C 20 4F 05 4E 41 00 00 00 00 00 00 00 00 00 00 00 00
[   5.542s] feature0x0C addr=0x30 raw=11 01 0C 30 81 45 79 01 00 00 00 00 00 00 00 00 00 00 00 00
[   5.557s] feature0x0C addr=0x10 raw=11 01 0C 10 57 C0 4E 80 00 00 00 00 00 00 00 00 00 00 00 00
[   5.559s] feature0x0C addr=0x20 raw=11 01 0C 20 4F 05 4E 41 00 00 00 00 00 00 00 00 00 00 00 00
[   5.559s] feature0x0C addr=0x30 raw=11 01 0C 30 81 45 79 01 00 00 00 00 00 00 00 00 00 00 00 00
[   5.574s] feature0x0C addr=0x10 raw=11 01 0C 10 61 00 4E 80 00 00 00 00 00 00 00 00 00 00 00 00
[   5.576s] feature0x0C addr=0x20 raw=11 01 0C 20 4F 05 4E 41 00 00 00 00 00 00 00 00 00 00 00 00
[   5.576s] feature0x0C addr=0x30 raw=11 01 0C 30 81 45 79 01 00 00 00 00 00 00 00 00 00 00 00 00
[   5.592s] feature0x0C addr=0x10 raw=11 01 0C 10 6F 80 4E 40 00 00 00 00 00 00 00 00 00 00 00 00
[   5.592s] feature0x0C addr=0x20 raw=11 01 0C 20 4F 05 4E 41 00 00 00 00 00 00 00 00 00 00 00 00
[   5.593s] feature0x0C addr=0x30 raw=11 01 0C 30 81 45 79 01 00 00 00 00 00 00 00 00 00 00 00 00
[   5.610s] feature0x0C addr=0x10 raw=11 01 0C 10 86 40 4E 40 00 00 00 00 00 00 00 00 00 00 00 00
[   5.610s] feature0x0C addr=0x20 raw=11 01 0C 20 4F 05 4E 41 00 00 00 00 00 00 00 00 00 00 00 00
[   5.610s] feature0x0C addr=0x30 raw=11 01 0C 30 81 45 79 01 00 00 00 00 00 00 00 00 00 00 00 00
[   5.624s] feature0x0C addr=0x10 raw=11 01 0C 10 90 80 4E 80 00 00 00 00 00 00 00 00 00 00 00 00
[   5.626s] feature0x0C addr=0x20 raw=11 01 0C 20 4F 05 4E 41 00 00 00 00 00 00 00 00 00 00 00 00
[   5.626s] feature0x0C addr=0x30 raw=11 01 0C 30 81 45 79 01 00 00 00 00 00 00 00 00 00 00 00 00
[   5.641s] feature0x0C addr=0x10 raw=11 01 0C 10 93 00 4E 80 00 00 00 00 00 00 00 00 00 00 00 00
[   5.643s] feature0x0C addr=0x20 raw=11 01 0C 20 4F 05 4E 41 00 00 00 00 00 00 00 00 00 00 00 00
[   5.643s] feature0x0C addr=0x30 raw=11 01 0C 30 81 45 79 01 00 00 00 00 00 00 00 00 00 00 00 00
[   5.657s] feature0x0C addr=0x10 raw=11 01 0C 10 93 80 4E 80 00 00 00 00 00 00 00 00 00 00 00 00
[   5.659s] feature0x0C addr=0x20 raw=11 01 0C 20 4F 05 4E 42 00 00 00 00 00 00 00 00 00 00 00 00
[   5.659s] feature0x0C addr=0x30 raw=11 01 0C 30 81 45 79 02 00 00 00 00 00 00 00 00 00 00 00 00
[   5.674s] feature0x0C addr=0x10 raw=11 01 0C 10 93 80 4E 40 00 00 00 00 00 00 00 00 00 00 00 00
[   5.676s] feature0x0C addr=0x20 raw=11 01 0C 20 4F 05 4E 42 00 00 00 00 00 00 00 00 00 00 00 00
[   5.677s] feature0x0C addr=0x30 raw=11 01 0C 30 81 45 79 02 00 00 00 00 00 00 00 00 00 00 00 00
[   5.692s] feature0x0C addr=0x10 raw=11 01 0C 10 93 00 4E C0 00 00 00 00 00 00 00 00 00 00 00 00
[   5.693s] feature0x0C addr=0x20 raw=11 01 0C 20 4F 05 4E 42 00 00 00 00 00 00 00 00 00 00 00 00
[   5.693s] feature0x0C addr=0x30 raw=11 01 0C 30 81 45 79 02 00 00 00 00 00 00 00 00 00 00 00 00
[   5.708s] feature0x0C addr=0x10 raw=11 01 0C 10 93 00 4E 40 00 00 00 00 00 00 00 00 00 00 00 00
[   5.708s] feature0x0C addr=0x20 raw=11 01 0C 20 4F 05 4E 42 00 00 00 00 00 00 00 00 00 00 00 00
[   5.710s] feature0x0C addr=0x30 raw=11 01 0C 30 81 45 79 02 00 00 00 00 00 00 00 00 00 00 00 00
[   5.724s] feature0x0C addr=0x10 raw=11 01 0C 10 92 00 4E 80 00 00 00 00 00 00 00 00 00 00 00 00
[   5.726s] feature0x0C addr=0x20 raw=11 01 0C 20 4F 05 4E 44 00 00 00 00 00 00 00 00 00 00 00 00
[   5.726s] feature0x0C addr=0x30 raw=11 01 0C 30 81 45 79 04 00 00 00 00 00 00 00 00 00 00 00 00
[   5.741s] feature0x0C addr=0x10 raw=11 01 0C 10 8F C0 4E 80 00 00 00 00 00 00 00 00 00 00 00 00
[   5.742s] feature0x0C addr=0x20 raw=11 01 0C 20 4F 05 4E 46 00 00 00 00 00 00 00 00 00 00 00 00
[   5.743s] feature0x0C addr=0x30 raw=11 01 0C 30 81 45 79 06 00 00 00 00 00 00 00 00 00 00 00 00
[   5.757s] feature0x0C addr=0x10 raw=11 01 0C 10 82 40 4E 40 00 00 00 00 00 00 00 00 00 00 00 00
[   5.759s] feature0x0C addr=0x20 raw=11 01 0C 20 4F 05 4E 44 00 00 00 00 00 00 00 00 00 00 00 00
[   5.759s] feature0x0C addr=0x30 raw=11 01 0C 30 81 45 79 04 00 00 00 00 00 00 00 00 00 00 00 00
[   5.775s] feature0x0C addr=0x10 raw=11 01 0C 10 66 40 4E 40 00 00 00 00 00 00 00 00 00 00 00 00
[   5.776s] feature0x0C addr=0x20 raw=11 01 0C 20 4F 05 4E 43 00 00 00 00 00 00 00 00 00 00 00 00
[   5.777s] feature0x0C addr=0x30 raw=11 01 0C 30 81 45 79 03 00 00 00 00 00 00 00 00 00 00 00 00
[   5.790s] feature0x0C addr=0x10 raw=11 01 0C 10 5A 00 4E 40 00 00 00 00 00 00 00 00 00 00 00 00
[   5.791s] feature0x0C addr=0x20 raw=11 01 0C 20 4F 05 4E 43 00 00 00 00 00 00 00 00 00 00 00 00
[   5.793s] feature0x0C addr=0x30 raw=11 01 0C 30 81 45 79 03 00 00 00 00 00 00 00 00 00 00 00 00
[   5.808s] feature0x0C addr=0x10 raw=11 01 0C 10 54 40 4E 40 00 00 00 00 00 00 00 00 00 00 00 00
[   5.808s] feature0x0C addr=0x20 raw=11 01 0C 20 4F 05 4E 43 00 00 00 00 00 00 00 00 00 00 00 00
[   5.809s] feature0x0C addr=0x30 raw=11 01 0C 30 81 45 79 03 00 00 00 00 00 00 00 00 00 00 00 00
[   5.823s] feature0x0C addr=0x10 raw=11 01 0C 10 52 00 4E 40 00 00 00 00 00 00 00 00 00 00 00 00
[   5.825s] feature0x0C addr=0x20 raw=11 01 0C 20 4F 05 4E 43 00 00 00 00 00 00 00 00 00 00 00 00
[   5.825s] feature0x0C addr=0x30 raw=11 01 0C 30 81 45 79 03 00 00 00 00 00 00 00 00 00 00 00 00
[   5.841s] feature0x0C addr=0x10 raw=11 01 0C 10 51 00 4E 80 00 00 00 00 00 00 00 00 00 00 00 00
[   5.841s] feature0x0C addr=0x20 raw=11 01 0C 20 4F 05 4E 43 00 00 00 00 00 00 00 00 00 00 00 00
[   5.842s] feature0x0C addr=0x30 raw=11 01 0C 30 81 45 79 03 00 00 00 00 00 00 00 00 00 00 00 00
[   5.858s] feature0x0C addr=0x10 raw=11 01 0C 10 50 00 4E 40 00 00 00 00 00 00 00 00 00 00 00 00
[   5.858s] feature0x0C addr=0x20 raw=11 01 0C 20 4F 05 4E 43 00 00 00 00 00 00 00 00 00 00 00 00
[   5.860s] feature0x0C addr=0x30 raw=11 01 0C 30 81 45 79 03 00 00 00 00 00 00 00 00 00 00 00 00
[   5.874s] feature0x0C addr=0x10 raw=11 01 0C 10 4F 40 4E 40 00 00 00 00 00 00 00 00 00 00 00 00
[   5.875s] feature0x0C addr=0x20 raw=11 01 0C 20 4F 06 4E 42 00 00 00 00 00 00 00 00 00 00 00 00
[   5.876s] feature0x0C addr=0x30 raw=11 01 0C 30 81 46 79 02 00 00 00 00 00 00 00 00 00 00 00 00
[   5.890s] feature0x0C addr=0x10 raw=11 01 0C 10 4F 00 4E 40 00 00 00 00 00 00 00 00 00 00 00 00
[   5.892s] feature0x0C addr=0x20 raw=11 01 0C 20 4F 08 4E 40 00 00 00 00 00 00 00 00 00 00 00 00
[   5.892s] feature0x0C addr=0x30 raw=11 01 0C 30 81 48 79 00 00 00 00 00 00 00 00 00 00 00 00 00
[   5.906s] feature0x0C addr=0x10 raw=11 01 0C 10 4F 00 4E 40 00 00 00 00 00 00 00 00 00 00 00 00
[   5.907s] feature0x0C addr=0x20 raw=11 01 0C 20 4F 06 4E 42 00 00 00 00 00 00 00 00 00 00 00 00
[   5.909s] feature0x0C addr=0x30 raw=11 01 0C 30 81 46 79 02 00 00 00 00 00 00 00 00 00 00 00 00
[   5.923s] feature0x0C addr=0x10 raw=11 01 0C 10 4F 00 4E 40 00 00 00 00 00 00 00 00 00 00 00 00
[   5.925s] feature0x0C addr=0x20 raw=11 01 0C 20 4F 04 4E 42 00 00 00 00 00 00 00 00 00 00 00 00
[   5.925s] feature0x0C addr=0x30 raw=11 01 0C 30 81 44 79 02 00 00 00 00 00 00 00 00 00 00 00 00
[   5.941s] feature0x0C addr=0x10 raw=11 01 0C 10 4E 80 4E 80 00 00 00 00 00 00 00 00 00 00 00 00
[   5.941s] feature0x0C addr=0x20 raw=11 01 0C 20 4F 02 4E 40 00 00 00 00 00 00 00 00 00 00 00 00
[   5.942s] feature0x0C addr=0x30 raw=11 01 0C 30 81 42 79 00 00 00 00 00 00 00 00 00 00 00 00 00
[   5.956s] feature0x0C addr=0x10 raw=11 01 0C 10 4F 00 4E 80 00 00 00 00 00 00 00 00 00 00 00 00
[   5.957s] feature0x0C addr=0x20 raw=11 01 0C 20 4F 00 4E 42 00 00 00 00 00 00 00 00 00 00 00 00
[   5.959s] feature0x0C addr=0x30 raw=11 01 0C 30 81 40 79 02 00 00 00 00 00 00 00 00 00 00 00 00
[   5.974s] feature0x0C addr=0x10 raw=11 01 0C 10 4F 00 4E 40 00 00 00 00 00 00 00 00 00 00 00 00
[   5.974s] feature0x0C addr=0x20 raw=11 01 0C 20 4F 00 4E 40 00 00 00 00 00 00 00 00 00 00 00 00
[   5.975s] feature0x0C addr=0x30 raw=11 01 0C 30 81 40 79 00 00 00 00 00 00 00 00 00 00 00 00 00
[   5.990s] feature0x0C addr=0x10 raw=11 01 0C 10 4F 00 4E 40 00 00 00 00 00 00 00 00 00 00 00 00
[   5.992s] feature0x0C addr=0x20 raw=11 01 0C 20 4E FF 4E 41 00 00 00 00 00 00 00 00 00 00 00 00
[   5.993s] feature0x0C addr=0x30 raw=11 01 0C 30 81 3F 79 01 00 00 00 00 00 00 00 00 00 00 00 00
[   6.007s] feature0x0C addr=0x10 raw=11 01 0C 10 4F 40 4E 40 00 00 00 00 00 00 00 00 00 00 00 00
[   6.010s] feature0x0C addr=0x20 raw=11 01 0C 20 4E FF 4E 41 00 00 00 00 00 00 00 00 00 00 00 00
[   6.010s] feature0x0C addr=0x30 raw=11 01 0C 30 81 3F 79 01 00 00 00 00 00 00 00 00 00 00 00 00
[   6.024s] feature0x0C addr=0x10 raw=11 01 0C 10 4E C0 4E 80 00 00 00 00 00 00 00 00 00 00 00 00
[   6.025s] feature0x0C addr=0x20 raw=11 01 0C 20 4E FF 4E 41 00 00 00 00 00 00 00 00 00 00 00 00
[   6.027s] feature0x0C addr=0x30 raw=11 01 0C 30 81 3F 79 01 00 00 00 00 00 00 00 00 00 00 00 00
[   6.040s] feature0x0C addr=0x10 raw=11 01 0C 10 4E C0 4E 40 00 00 00 00 00 00 00 00 00 00 00 00
[   6.041s] feature0x0C addr=0x20 raw=11 01 0C 20 4E FD 4E 41 00 00 00 00 00 00 00 00 00 00 00 00
[   6.043s] feature0x0C addr=0x30 raw=11 01 0C 30 81 3D 79 01 00 00 00 00 00 00 00 00 00 00 00 00
[   6.058s] feature0x0C addr=0x10 raw=11 01 0C 10 4E C0 4E 40 00 00 00 00 00 00 00 00 00 00 00 00
[   6.058s] feature0x0C addr=0x20 raw=11 01 0C 20 4E FD 4E 3F 00 00 00 00 00 00 00 00 00 00 00 00
[   6.060s] feature0x0C addr=0x30 raw=11 01 0C 30 81 3D 78 FF 00 00 00 00 00 00 00 00 00 00 00 00
[   6.075s] feature0x0C addr=0x10 raw=11 01 0C 10 4E C0 4E 40 00 00 00 00 00 00 00 00 00 00 00 00
[   6.075s] feature0x0C addr=0x20 raw=11 01 0C 20 4E FB 4E 41 00 00 00 00 00 00 00 00 00 00 00 00
[   6.075s] feature0x0C addr=0x30 raw=11 01 0C 30 81 3B 79 01 00 00 00 00 00 00 00 00 00 00 00 00
[   6.091s] feature0x0C addr=0x10 raw=11 01 0C 10 4F 00 4E 80 00 00 00 00 00 00 00 00 00 00 00 00
[   6.091s] feature0x0C addr=0x20 raw=11 01 0C 20 4E FB 4E 41 00 00 00 00 00 00 00 00 00 00 00 00
[   6.092s] feature0x0C addr=0x30 raw=11 01 0C 30 81 3B 79 01 00 00 00 00 00 00 00 00 00 00 00 00
[   6.107s] feature0x0C addr=0x10 raw=11 01 0C 10 4E C0 4E 40 00 00 00 00 00 00 00 00 00 00 00 00
[   6.109s] feature0x0C addr=0x20 raw=11 01 0C 20 4E FC 4E 40 00 00 00 00 00 00 00 00 00 00 00 00
[   6.109s] feature0x0C addr=0x30 raw=11 01 0C 30 81 3C 79 00 00 00 00 00 00 00 00 00 00 00 00 00
[   6.123s] feature0x0C addr=0x10 raw=11 01 0C 10 4F 00 4E 80 00 00 00 00 00 00 00 00 00 00 00 00
[   6.125s] feature0x0C addr=0x20 raw=11 01 0C 20 4E FA 4E 40 00 00 00 00 00 00 00 00 00 00 00 00
[   6.125s] feature0x0C addr=0x30 raw=11 01 0C 30 81 3A 79 00 00 00 00 00 00 00 00 00 00 00 00 00
[   6.141s] feature0x0C addr=0x10 raw=11 01 0C 10 4E C0 4E 80 00 00 00 00 00 00 00 00 00 00 00 00
[   6.141s] feature0x0C addr=0x20 raw=11 01 0C 20 4E FC 4E 42 00 00 00 00 00 00 00 00 00 00 00 00
[   6.142s] feature0x0C addr=0x30 raw=11 01 0C 30 81 3C 79 02 00 00 00 00 00 00 00 00 00 00 00 00
[   6.157s] feature0x0C addr=0x10 raw=11 01 0C 10 4E C0 4E 40 00 00 00 00 00 00 00 00 00 00 00 00
[   6.159s] feature0x0C addr=0x20 raw=11 01 0C 20 4E FC 4E 42 00 00 00 00 00 00 00 00 00 00 00 00
[   6.159s] feature0x0C addr=0x30 raw=11 01 0C 30 81 3C 79 02 00 00 00 00 00 00 00 00 00 00 00 00
[   6.175s] feature0x0C addr=0x10 raw=11 01 0C 10 4E C0 4E 80 00 00 00 00 00 00 00 00 00 00 00 00
[   6.176s] feature0x0C addr=0x20 raw=11 01 0C 20 4E FA 4E 40 00 00 00 00 00 00 00 00 00 00 00 00
[   6.176s] feature0x0C addr=0x30 raw=11 01 0C 30 81 3A 79 00 00 00 00 00 00 00 00 00 00 00 00 00
[   6.192s] feature0x0C addr=0x10 raw=11 01 0C 10 4F 00 4E 80 00 00 00 00 00 00 00 00 00 00 00 00
[   6.192s] feature0x0C addr=0x20 raw=11 01 0C 20 4E FC 4E 40 00 00 00 00 00 00 00 00 00 00 00 00
[   6.194s] feature0x0C addr=0x30 raw=11 01 0C 30 81 3C 79 00 00 00 00 00 00 00 00 00 00 00 00 00
[   6.208s] feature0x0C addr=0x10 raw=11 01 0C 10 4E C0 4E 40 00 00 00 00 00 00 00 00 00 00 00 00
[   6.208s] feature0x0C addr=0x20 raw=11 01 0C 20 4E FA 4E 40 00 00 00 00 00 00 00 00 00 00 00 00
[   6.209s] feature0x0C addr=0x30 raw=11 01 0C 30 81 3A 79 00 00 00 00 00 00 00 00 00 00 00 00 00
[   6.225s] feature0x0C addr=0x10 raw=11 01 0C 10 4E C0 4E 80 00 00 00 00 00 00 00 00 00 00 00 00
[   6.225s] feature0x0C addr=0x20 raw=11 01 0C 20 4E F9 4E 3F 00 00 00 00 00 00 00 00 00 00 00 00
[   6.226s] feature0x0C addr=0x30 raw=11 01 0C 30 81 39 78 FF 00 00 00 00 00 00 00 00 00 00 00 00
[   6.240s] feature0x0C addr=0x10 raw=11 01 0C 10 4E C0 4E 40 00 00 00 00 00 00 00 00 00 00 00 00
[   6.242s] feature0x0C addr=0x20 raw=11 01 0C 20 4E F7 4E 41 00 00 00 00 00 00 00 00 00 00 00 00
[   6.242s] feature0x0C addr=0x30 raw=11 01 0C 30 81 37 79 01 00 00 00 00 00 00 00 00 00 00 00 00
[   6.258s] feature0x0C addr=0x10 raw=11 01 0C 10 4F 00 4E 40 00 00 00 00 00 00 00 00 00 00 00 00
[   6.258s] feature0x0C addr=0x20 raw=11 01 0C 20 4E F5 4E 43 00 00 00 00 00 00 00 00 00 00 00 00
[   6.259s] feature0x0C addr=0x30 raw=11 01 0C 30 81 35 79 03 00 00 00 00 00 00 00 00 00 00 00 00
[   6.274s] feature0x0C addr=0x10 raw=11 01 0C 10 4E C0 4E 40 00 00 00 00 00 00 00 00 00 00 00 00
[   6.275s] feature0x0C addr=0x20 raw=11 01 0C 20 4E F3 4E 43 00 00 00 00 00 00 00 00 00 00 00 00
[   6.277s] feature0x0C addr=0x30 raw=11 01 0C 30 81 33 79 03 00 00 00 00 00 00 00 00 00 00 00 00
[   6.291s] feature0x0C addr=0x10 raw=11 01 0C 10 4F 00 4E 40 00 00 00 00 00 00 00 00 00 00 00 00
[   6.291s] feature0x0C addr=0x20 raw=11 01 0C 20 4E F1 4E 43 00 00 00 00 00 00 00 00 00 00 00 00
[   6.293s] feature0x0C addr=0x30 raw=11 01 0C 30 81 31 79 03 00 00 00 00 00 00 00 00 00 00 00 00
[   6.307s] feature0x0C addr=0x10 raw=11 01 0C 10 4F 00 4E 40 00 00 00 00 00 00 00 00 00 00 00 00
[   6.309s] feature0x0C addr=0x20 raw=11 01 0C 20 4E F1 4E 41 00 00 00 00 00 00 00 00 00 00 00 00
[   6.309s] feature0x0C addr=0x30 raw=11 01 0C 30 81 31 79 01 00 00 00 00 00 00 00 00 00 00 00 00
[   6.323s] feature0x0C addr=0x10 raw=11 01 0C 10 4F 00 4E 40 00 00 00 00 00 00 00 00 00 00 00 00
[   6.325s] feature0x0C addr=0x20 raw=11 01 0C 20 4E F0 4E 40 00 00 00 00 00 00 00 00 00 00 00 00
[   6.325s] feature0x0C addr=0x30 raw=11 01 0C 30 81 30 79 00 00 00 00 00 00 00 00 00 00 00 00 00
[   6.340s] feature0x0C addr=0x10 raw=11 01 0C 10 4E C0 4E 00 00 00 00 00 00 00 00 00 00 00 00 00
[   6.342s] feature0x0C addr=0x20 raw=11 01 0C 20 4E EE 4E 40 00 00 00 00 00 00 00 00 00 00 00 00
[   6.342s] feature0x0C addr=0x30 raw=11 01 0C 30 81 2E 79 00 00 00 00 00 00 00 00 00 00 00 00 00
[   6.358s] feature0x0C addr=0x10 raw=11 01 0C 10 4E C0 4E 80 00 00 00 00 00 00 00 00 00 00 00 00
[   6.358s] feature0x0C addr=0x20 raw=11 01 0C 20 4E EE 4E 40 00 00 00 00 00 00 00 00 00 00 00 00
[   6.360s] feature0x0C addr=0x30 raw=11 01 0C 30 81 2E 79 00 00 00 00 00 00 00 00 00 00 00 00 00
[   6.373s] feature0x0C addr=0x10 raw=11 01 0C 10 4E C0 4E 40 00 00 00 00 00 00 00 00 00 00 00 00
[   6.375s] feature0x0C addr=0x20 raw=11 01 0C 20 4E F0 4E 42 00 00 00 00 00 00 00 00 00 00 00 00
[   6.375s] feature0x0C addr=0x30 raw=11 01 0C 30 81 30 79 02 00 00 00 00 00 00 00 00 00 00 00 00
[   6.390s] feature0x0C addr=0x10 raw=11 01 0C 10 4F 00 4E 40 00 00 00 00 00 00 00 00 00 00 00 00
[   6.391s] feature0x0C addr=0x20 raw=11 01 0C 20 4E F0 4E 40 00 00 00 00 00 00 00 00 00 00 00 00
[   6.393s] feature0x0C addr=0x30 raw=11 01 0C 30 81 30 79 00 00 00 00 00 00 00 00 00 00 00 00 00
[   6.408s] feature0x0C addr=0x10 raw=11 01 0C 10 4F 00 4E 40 00 00 00 00 00 00 00 00 00 00 00 00
[   6.408s] feature0x0C addr=0x20 raw=11 01 0C 20 4E EE 4E 42 00 00 00 00 00 00 00 00 00 00 00 00
[   6.410s] feature0x0C addr=0x30 raw=11 01 0C 30 81 2E 79 02 00 00 00 00 00 00 00 00 00 00 00 00
[   6.425s] feature0x0C addr=0x10 raw=11 01 0C 10 4E C0 4E 80 00 00 00 00 00 00 00 00 00 00 00 00
[   6.426s] feature0x0C addr=0x20 raw=11 01 0C 20 4E EC 4E 40 00 00 00 00 00 00 00 00 00 00 00 00
[   6.426s] feature0x0C addr=0x30 raw=11 01 0C 30 81 2C 79 00 00 00 00 00 00 00 00 00 00 00 00 00
[   6.442s] feature0x0C addr=0x10 raw=11 01 0C 10 4E C0 4E 80 00 00 00 00 00 00 00 00 00 00 00 00
[   6.442s] feature0x0C addr=0x20 raw=11 01 0C 20 4E EC 4E 42 00 00 00 00 00 00 00 00 00 00 00 00
[   6.443s] feature0x0C addr=0x30 raw=11 01 0C 30 81 2C 79 02 00 00 00 00 00 00 00 00 00 00 00 00
[   6.458s] feature0x0C addr=0x10 raw=11 01 0C 10 4F 00 4E 80 00 00 00 00 00 00 00 00 00 00 00 00
[   6.458s] feature0x0C addr=0x20 raw=11 01 0C 20 4E ED 4E 41 00 00 00 00 00 00 00 00 00 00 00 00
[   6.460s] feature0x0C addr=0x30 raw=11 01 0C 30 81 2D 79 01 00 00 00 00 00 00 00 00 00 00 00 00
[   6.474s] feature0x0C addr=0x10 raw=11 01 0C 10 4F 00 4E 40 00 00 00 00 00 00 00 00 00 00 00 00
[   6.476s] feature0x0C addr=0x20 raw=11 01 0C 20 4E ED 4E 41 00 00 00 00 00 00 00 00 00 00 00 00
[   6.476s] feature0x0C addr=0x30 raw=11 01 0C 30 81 2D 79 01 00 00 00 00 00 00 00 00 00 00 00 00
[   6.492s] feature0x0C addr=0x10 raw=11 01 0C 10 4F 00 4E 80 00 00 00 00 00 00 00 00 00 00 00 00
[   6.492s] feature0x0C addr=0x20 raw=11 01 0C 20 4E ED 4E 41 00 00 00 00 00 00 00 00 00 00 00 00
[   6.492s] feature0x0C addr=0x30 raw=11 01 0C 30 81 2D 79 01 00 00 00 00 00 00 00 00 00 00 00 00
[   6.507s] feature0x0C addr=0x10 raw=11 01 0C 10 4E C0 4E 80 00 00 00 00 00 00 00 00 00 00 00 00
[   6.508s] feature0x0C addr=0x20 raw=11 01 0C 20 4E ED 4E 41 00 00 00 00 00 00 00 00 00 00 00 00
[   6.510s] feature0x0C addr=0x30 raw=11 01 0C 30 81 2D 79 01 00 00 00 00 00 00 00 00 00 00 00 00
[   6.526s] feature0x0C addr=0x10 raw=11 01 0C 10 4F 00 4E 80 00 00 00 00 00 00 00 00 00 00 00 00
[   6.526s] feature0x0C addr=0x20 raw=11 01 0C 20 4E EF 4E 41 00 00 00 00 00 00 00 00 00 00 00 00
[   6.526s] feature0x0C addr=0x30 raw=11 01 0C 30 81 2F 79 01 00 00 00 00 00 00 00 00 00 00 00 00
[   6.540s] feature0x0C addr=0x10 raw=11 01 0C 10 4E C0 4E 40 00 00 00 00 00 00 00 00 00 00 00 00
[   6.542s] feature0x0C addr=0x20 raw=11 01 0C 20 4E ED 4E 41 00 00 00 00 00 00 00 00 00 00 00 00
[   6.543s] feature0x0C addr=0x30 raw=11 01 0C 30 81 2D 79 01 00 00 00 00 00 00 00 00 00 00 00 00
[   6.557s] feature0x0C addr=0x10 raw=11 01 0C 10 4F 00 4E 00 00 00 00 00 00 00 00 00 00 00 00 00
[   6.559s] feature0x0C addr=0x20 raw=11 01 0C 20 4E EC 4E 40 00 00 00 00 00 00 00 00 00 00 00 00
[   6.559s] feature0x0C addr=0x30 raw=11 01 0C 30 81 2C 79 00 00 00 00 00 00 00 00 00 00 00 00 00
[   6.573s] feature0x0C addr=0x10 raw=11 01 0C 10 4E C0 4E 40 00 00 00 00 00 00 00 00 00 00 00 00
[   6.575s] feature0x0C addr=0x20 raw=11 01 0C 20 4E EE 4E 40 00 00 00 00 00 00 00 00 00 00 00 00
[   6.575s] feature0x0C addr=0x30 raw=11 01 0C 30 81 2E 79 00 00 00 00 00 00 00 00 00 00 00 00 00
[   6.590s] feature0x0C addr=0x10 raw=11 01 0C 10 4E C0 4E 40 00 00 00 00 00 00 00 00 00 00 00 00
[   6.592s] feature0x0C addr=0x20 raw=11 01 0C 20 4E EE 4E 40 00 00 00 00 00 00 00 00 00 00 00 00
[   6.592s] feature0x0C addr=0x30 raw=11 01 0C 30 81 2E 79 00 00 00 00 00 00 00 00 00 00 00 00 00
[   6.607s] feature0x0C addr=0x10 raw=11 01 0C 10 4F 00 4E 80 00 00 00 00 00 00 00 00 00 00 00 00
[   6.609s] feature0x0C addr=0x20 raw=11 01 0C 20 4E EE 4E 40 00 00 00 00 00 00 00 00 00 00 00 00
[   6.609s] feature0x0C addr=0x30 raw=11 01 0C 30 81 2E 79 00 00 00 00 00 00 00 00 00 00 00 00 00
[   6.624s] feature0x0C addr=0x10 raw=11 01 0C 10 4E C0 4E 40 00 00 00 00 00 00 00 00 00 00 00 00
[   6.625s] feature0x0C addr=0x20 raw=11 01 0C 20 4E EE 4E 40 00 00 00 00 00 00 00 00 00 00 00 00
[   6.625s] feature0x0C addr=0x30 raw=11 01 0C 30 81 2E 79 00 00 00 00 00 00 00 00 00 00 00 00 00
[   6.640s] feature0x0C addr=0x10 raw=11 01 0C 10 4E C0 4E 80 00 00 00 00 00 00 00 00 00 00 00 00
[   6.642s] feature0x0C addr=0x20 raw=11 01 0C 20 4E EE 4E 40 00 00 00 00 00 00 00 00 00 00 00 00
[   6.642s] feature0x0C addr=0x30 raw=11 01 0C 30 81 2E 79 00 00 00 00 00 00 00 00 00 00 00 00 00
[   6.658s] feature0x0C addr=0x10 raw=11 01 0C 10 4F 00 4E 40 00 00 00 00 00 00 00 00 00 00 00 00
[   6.658s] feature0x0C addr=0x20 raw=11 01 0C 20 4E EE 4E 40 00 00 00 00 00 00 00 00 00 00 00 00
[   6.660s] feature0x0C addr=0x30 raw=11 01 0C 30 81 2E 79 00 00 00 00 00 00 00 00 00 00 00 00 00
[   6.674s] feature0x0C addr=0x10 raw=11 01 0C 10 4F 00 4E 40 00 00 00 00 00 00 00 00 00 00 00 00
[   6.676s] feature0x0C addr=0x20 raw=11 01 0C 20 4E ED 4E 41 00 00 00 00 00 00 00 00 00 00 00 00
[   6.676s] feature0x0C addr=0x30 raw=11 01 0C 30 81 2D 79 01 00 00 00 00 00 00 00 00 00 00 00 00
[   6.691s] feature0x0C addr=0x10 raw=11 01 0C 10 4E C0 4E 40 00 00 00 00 00 00 00 00 00 00 00 00
[   6.693s] feature0x0C addr=0x20 raw=11 01 0C 20 4E ED 4E 41 00 00 00 00 00 00 00 00 00 00 00 00
[   6.693s] feature0x0C addr=0x30 raw=11 01 0C 30 81 2D 79 01 00 00 00 00 00 00 00 00 00 00 00 00
[   6.707s] feature0x0C addr=0x10 raw=11 01 0C 10 4F 00 4E 40 00 00 00 00 00 00 00 00 00 00 00 00
[   6.709s] feature0x0C addr=0x20 raw=11 01 0C 20 4E EF 4E 41 00 00 00 00 00 00 00 00 00 00 00 00
[   6.709s] feature0x0C addr=0x30 raw=11 01 0C 30 81 2F 79 01 00 00 00 00 00 00 00 00 00 00 00 00
[   6.724s] feature0x0C addr=0x10 raw=11 01 0C 10 4E C0 4E 40 00 00 00 00 00 00 00 00 00 00 00 00
[   6.726s] feature0x0C addr=0x20 raw=11 01 0C 20 4E F1 4E 43 00 00 00 00 00 00 00 00 00 00 00 00
[   6.727s] feature0x0C addr=0x30 raw=11 01 0C 30 81 31 79 03 00 00 00 00 00 00 00 00 00 00 00 00
[   6.740s] feature0x0C addr=0x10 raw=11 01 0C 10 4E C0 4E 40 00 00 00 00 00 00 00 00 00 00 00 00
[   6.742s] feature0x0C addr=0x20 raw=11 01 0C 20 4E F1 4E 43 00 00 00 00 00 00 00 00 00 00 00 00
[   6.742s] feature0x0C addr=0x30 raw=11 01 0C 30 81 31 79 03 00 00 00 00 00 00 00 00 00 00 00 00
[   6.757s] feature0x0C addr=0x10 raw=11 01 0C 10 4E C0 4E 40 00 00 00 00 00 00 00 00 00 00 00 00
[   6.759s] feature0x0C addr=0x20 raw=11 01 0C 20 4E EF 4E 43 00 00 00 00 00 00 00 00 00 00 00 00
[   6.759s] feature0x0C addr=0x30 raw=11 01 0C 30 81 2F 79 03 00 00 00 00 00 00 00 00 00 00 00 00
[   6.774s] feature0x0C addr=0x10 raw=11 01 0C 10 4E C0 4E 80 00 00 00 00 00 00 00 00 00 00 00 00
[   6.775s] feature0x0C addr=0x20 raw=11 01 0C 20 4E ED 4E 43 00 00 00 00 00 00 00 00 00 00 00 00
[   6.778s] feature0x0C addr=0x30 raw=11 01 0C 30 81 2D 79 03 00 00 00 00 00 00 00 00 00 00 00 00
[   6.790s] feature0x0C addr=0x10 raw=11 01 0C 10 4E C0 4E 40 00 00 00 00 00 00 00 00 00 00 00 00
[   6.792s] feature0x0C addr=0x20 raw=11 01 0C 20 4E EC 4E 44 00 00 00 00 00 00 00 00 00 00 00 00
[   6.793s] feature0x0C addr=0x30 raw=11 01 0C 30 81 2C 79 04 00 00 00 00 00 00 00 00 00 00 00 00
[   6.807s] feature0x0C addr=0x10 raw=11 01 0C 10 4F 00 4E 00 00 00 00 00 00 00 00 00 00 00 00 00
[   6.809s] feature0x0C addr=0x20 raw=11 01 0C 20 4E EA 4E 42 00 00 00 00 00 00 00 00 00 00 00 00
[   6.809s] feature0x0C addr=0x30 raw=11 01 0C 30 81 2A 79 02 00 00 00 00 00 00 00 00 00 00 00 00
[   6.823s] feature0x0C addr=0x10 raw=11 01 0C 10 4E C0 4E 40 00 00 00 00 00 00 00 00 00 00 00 00
[   6.825s] feature0x0C addr=0x20 raw=11 01 0C 20 4E EA 4E 42 00 00 00 00 00 00 00 00 00 00 00 00
[   6.825s] feature0x0C addr=0x30 raw=11 01 0C 30 81 2A 79 02 00 00 00 00 00 00 00 00 00 00 00 00
[   6.841s] feature0x0C addr=0x10 raw=11 01 0C 10 4E C0 4E 40 00 00 00 00 00 00 00 00 00 00 00 00
[   6.841s] feature0x0C addr=0x20 raw=11 01 0C 20 4E E8 4E 42 00 00 00 00 00 00 00 00 00 00 00 00
[   6.843s] feature0x0C addr=0x30 raw=11 01 0C 30 81 28 79 02 00 00 00 00 00 00 00 00 00 00 00 00
[   6.857s] feature0x0C addr=0x10 raw=11 01 0C 10 4E C0 4E 00 00 00 00 00 00 00 00 00 00 00 00 00
[   6.859s] feature0x0C addr=0x20 raw=11 01 0C 20 4E EA 4E 40 00 00 00 00 00 00 00 00 00 00 00 00
[   6.859s] feature0x0C addr=0x30 raw=11 01 0C 30 81 2A 79 00 00 00 00 00 00 00 00 00 00 00 00 00
[   6.874s] feature0x0C addr=0x10 raw=11 01 0C 10 4E C0 4E 40 00 00 00 00 00 00 00 00 00 00 00 00
[   6.874s] feature0x0C addr=0x20 raw=11 01 0C 20 4E E8 4E 40 00 00 00 00 00 00 00 00 00 00 00 00
[   6.876s] feature0x0C addr=0x30 raw=11 01 0C 30 81 28 79 00 00 00 00 00 00 00 00 00 00 00 00 00
[   6.891s] feature0x0C addr=0x10 raw=11 01 0C 10 4E C0 4E 80 00 00 00 00 00 00 00 00 00 00 00 00
[   6.892s] feature0x0C addr=0x20 raw=11 01 0C 20 4E E7 4E 41 00 00 00 00 00 00 00 00 00 00 00 00
[   6.892s] feature0x0C addr=0x30 raw=11 01 0C 30 81 27 79 01 00 00 00 00 00 00 00 00 00 00 00 00
[   6.906s] feature0x0C addr=0x10 raw=11 01 0C 10 4E C0 4E 40 00 00 00 00 00 00 00 00 00 00 00 00
[   6.908s] feature0x0C addr=0x20 raw=11 01 0C 20 4E E5 4E 41 00 00 00 00 00 00 00 00 00 00 00 00
[   6.908s] feature0x0C addr=0x30 raw=11 01 0C 30 81 25 79 01 00 00 00 00 00 00 00 00 00 00 00 00
[   6.923s] feature0x0C addr=0x10 raw=11 01 0C 10 4E C0 4E 80 00 00 00 00 00 00 00 00 00 00 00 00
[   6.925s] feature0x0C addr=0x20 raw=11 01 0C 20 4E E7 4E 41 00 00 00 00 00 00 00 00 00 00 00 00
[   6.926s] feature0x0C addr=0x30 raw=11 01 0C 30 81 27 79 01 00 00 00 00 00 00 00 00 00 00 00 00
[   6.940s] feature0x0C addr=0x10 raw=11 01 0C 10 4F 00 4E 40 00 00 00 00 00 00 00 00 00 00 00 00
[   6.941s] feature0x0C addr=0x20 raw=11 01 0C 20 4E E7 4E 41 00 00 00 00 00 00 00 00 00 00 00 00
[   6.943s] feature0x0C addr=0x30 raw=11 01 0C 30 81 27 79 01 00 00 00 00 00 00 00 00 00 00 00 00
[   6.957s] feature0x0C addr=0x10 raw=11 01 0C 10 4F 00 4E 40 00 00 00 00 00 00 00 00 00 00 00 00
[   6.957s] feature0x0C addr=0x20 raw=11 01 0C 20 4E E5 4E 41 00 00 00 00 00 00 00 00 00 00 00 00
[   6.959s] feature0x0C addr=0x30 raw=11 01 0C 30 81 25 79 01 00 00 00 00 00 00 00 00 00 00 00 00
[   6.973s] feature0x0C addr=0x10 raw=11 01 0C 10 4F 00 4E 80 00 00 00 00 00 00 00 00 00 00 00 00
[   6.975s] feature0x0C addr=0x20 raw=11 01 0C 20 4E E3 4E 41 00 00 00 00 00 00 00 00 00 00 00 00
[   6.975s] feature0x0C addr=0x30 raw=11 01 0C 30 81 23 79 01 00 00 00 00 00 00 00 00 00 00 00 00
[   6.991s] feature0x0C addr=0x10 raw=11 01 0C 10 4E C0 4E 40 00 00 00 00 00 00 00 00 00 00 00 00
[   6.991s] feature0x0C addr=0x20 raw=11 01 0C 20 4E E1 4E 41 00 00 00 00 00 00 00 00 00 00 00 00
[   6.992s] feature0x0C addr=0x30 raw=11 01 0C 30 81 21 79 01 00 00 00 00 00 00 00 00 00 00 00 00
[   7.007s] feature0x0C addr=0x10 raw=11 01 0C 10 4E 80 4E 40 00 00 00 00 00 00 00 00 00 00 00 00
[   7.009s] feature0x0C addr=0x20 raw=11 01 0C 20 4E E0 4E 40 00 00 00 00 00 00 00 00 00 00 00 00
[   7.009s] feature0x0C addr=0x30 raw=11 01 0C 30 81 20 79 00 00 00 00 00 00 00 00 00 00 00 00 00
[   7.025s] feature0x0C addr=0x10 raw=11 01 0C 10 4F 00 4E 80 00 00 00 00 00 00 00 00 00 00 00 00
[   7.026s] feature0x0C addr=0x20 raw=11 01 0C 20 4E DE 4E 40 00 00 00 00 00 00 00 00 00 00 00 00
[   7.027s] feature0x0C addr=0x30 raw=11 01 0C 30 81 1E 79 00 00 00 00 00 00 00 00 00 00 00 00 00
[   7.040s] feature0x0C addr=0x10 raw=11 01 0C 10 4E C0 4E 80 00 00 00 00 00 00 00 00 00 00 00 00
[   7.042s] feature0x0C addr=0x20 raw=11 01 0C 20 4E DE 4E 40 00 00 00 00 00 00 00 00 00 00 00 00
[   7.042s] feature0x0C addr=0x30 raw=11 01 0C 30 81 1E 79 00 00 00 00 00 00 00 00 00 00 00 00 00
[   7.058s] feature0x0C addr=0x10 raw=11 01 0C 10 4F 00 4E 40 00 00 00 00 00 00 00 00 00 00 00 00
[   7.058s] feature0x0C addr=0x20 raw=11 01 0C 20 4E DE 4E 42 00 00 00 00 00 00 00 00 00 00 00 00
[   7.060s] feature0x0C addr=0x30 raw=11 01 0C 30 81 1E 79 02 00 00 00 00 00 00 00 00 00 00 00 00
[   7.074s] feature0x0C addr=0x10 raw=11 01 0C 10 4E C0 4E 40 00 00 00 00 00 00 00 00 00 00 00 00
[   7.074s] feature0x0C addr=0x20 raw=11 01 0C 20 4E DE 4E 42 00 00 00 00 00 00 00 00 00 00 00 00
[   7.076s] feature0x0C addr=0x30 raw=11 01 0C 30 81 1E 79 02 00 00 00 00 00 00 00 00 00 00 00 00
[   7.091s] feature0x0C addr=0x10 raw=11 01 0C 10 4E C0 4E 40 00 00 00 00 00 00 00 00 00 00 00 00
[   7.091s] feature0x0C addr=0x20 raw=11 01 0C 20 4E DC 4E 40 00 00 00 00 00 00 00 00 00 00 00 00
[   7.092s] feature0x0C addr=0x30 raw=11 01 0C 30 81 1C 79 00 00 00 00 00 00 00 00 00 00 00 00 00
[   7.107s] feature0x0C addr=0x10 raw=11 01 0C 10 4E C0 4E 40 00 00 00 00 00 00 00 00 00 00 00 00
[   7.108s] feature0x0C addr=0x20 raw=11 01 0C 20 4E DC 4E 40 00 00 00 00 00 00 00 00 00 00 00 00
[   7.110s] feature0x0C addr=0x30 raw=11 01 0C 30 81 1C 79 00 00 00 00 00 00 00 00 00 00 00 00 00
[   7.124s] feature0x0C addr=0x10 raw=11 01 0C 10 4E C0 4E 80 00 00 00 00 00 00 00 00 00 00 00 00
[   7.124s] feature0x0C addr=0x20 raw=11 01 0C 20 4E DB 4E 41 00 00 00 00 00 00 00 00 00 00 00 00
[   7.125s] feature0x0C addr=0x30 raw=11 01 0C 30 81 1B 79 01 00 00 00 00 00 00 00 00 00 00 00 00
[   7.141s] feature0x0C addr=0x10 raw=11 01 0C 10 4E C0 4E 40 00 00 00 00 00 00 00 00 00 00 00 00
[   7.141s] feature0x0C addr=0x20 raw=11 01 0C 20 4E DB 4E 41 00 00 00 00 00 00 00 00 00 00 00 00
[   7.143s] feature0x0C addr=0x30 raw=11 01 0C 30 81 1B 79 01 00 00 00 00 00 00 00 00 00 00 00 00
[   7.157s] feature0x0C addr=0x10 raw=11 01 0C 10 4E C0 4E 40 00 00 00 00 00 00 00 00 00 00 00 00
[   7.159s] feature0x0C addr=0x20 raw=11 01 0C 20 4E DD 4E 41 00 00 00 00 00 00 00 00 00 00 00 00
[   7.159s] feature0x0C addr=0x30 raw=11 01 0C 30 81 1D 79 01 00 00 00 00 00 00 00 00 00 00 00 00
[   7.175s] feature0x0C addr=0x10 raw=11 01 0C 10 4F 00 4E 80 00 00 00 00 00 00 00 00 00 00 00 00
[   7.175s] feature0x0C addr=0x20 raw=11 01 0C 20 4E DD 4E 41 00 00 00 00 00 00 00 00 00 00 00 00
[   7.177s] feature0x0C addr=0x30 raw=11 01 0C 30 81 1D 79 01 00 00 00 00 00 00 00 00 00 00 00 00
[   7.192s] feature0x0C addr=0x10 raw=11 01 0C 10 4E C0 4E 00 00 00 00 00 00 00 00 00 00 00 00 00
[   7.192s] feature0x0C addr=0x20 raw=11 01 0C 20 4E DB 4E 41 00 00 00 00 00 00 00 00 00 00 00 00
[   7.194s] feature0x0C addr=0x30 raw=11 01 0C 30 81 1B 79 01 00 00 00 00 00 00 00 00 00 00 00 00
[   7.207s] feature0x0C addr=0x10 raw=11 01 0C 10 4E C0 4E 40 00 00 00 00 00 00 00 00 00 00 00 00
[   7.208s] feature0x0C addr=0x20 raw=11 01 0C 20 4E D9 4E 41 00 00 00 00 00 00 00 00 00 00 00 00
[   7.210s] feature0x0C addr=0x30 raw=11 01 0C 30 81 19 79 01 00 00 00 00 00 00 00 00 00 00 00 00
[   7.225s] feature0x0C addr=0x10 raw=11 01 0C 10 4F 00 4E 40 00 00 00 00 00 00 00 00 00 00 00 00
[   7.225s] feature0x0C addr=0x20 raw=11 01 0C 20 4E D9 4E 41 00 00 00 00 00 00 00 00 00 00 00 00
[   7.227s] feature0x0C addr=0x30 raw=11 01 0C 30 81 19 79 01 00 00 00 00 00 00 00 00 00 00 00 00
[   7.240s] feature0x0C addr=0x10 raw=11 01 0C 10 4E 80 4E 80 00 00 00 00 00 00 00 00 00 00 00 00
[   7.242s] feature0x0C addr=0x20 raw=11 01 0C 20 4E D8 4E 40 00 00 00 00 00 00 00 00 00 00 00 00
[   7.242s] feature0x0C addr=0x30 raw=11 01 0C 30 81 18 79 00 00 00 00 00 00 00 00 00 00 00 00 00
[   7.257s] feature0x0C addr=0x10 raw=11 01 0C 10 4F 00 4E 40 00 00 00 00 00 00 00 00 00 00 00 00
[   7.259s] feature0x0C addr=0x20 raw=11 01 0C 20 4E D8 4E 40 00 00 00 00 00 00 00 00 00 00 00 00
[   7.260s] feature0x0C addr=0x30 raw=11 01 0C 30 81 18 79 00 00 00 00 00 00 00 00 00 00 00 00 00
[   7.274s] feature0x0C addr=0x10 raw=11 01 0C 10 4F 00 4E 80 00 00 00 00 00 00 00 00 00 00 00 00
[   7.275s] feature0x0C addr=0x20 raw=11 01 0C 20 4E D6 4E 42 00 00 00 00 00 00 00 00 00 00 00 00
[   7.277s] feature0x0C addr=0x30 raw=11 01 0C 30 81 16 79 02 00 00 00 00 00 00 00 00 00 00 00 00
[   7.291s] feature0x0C addr=0x10 raw=11 01 0C 10 4E C0 4E 40 00 00 00 00 00 00 00 00 00 00 00 00
[   7.291s] feature0x0C addr=0x20 raw=11 01 0C 20 4E D6 4E 40 00 00 00 00 00 00 00 00 00 00 00 00
[   7.293s] feature0x0C addr=0x30 raw=11 01 0C 30 81 16 79 00 00 00 00 00 00 00 00 00 00 00 00 00
[   7.307s] feature0x0C addr=0x10 raw=11 01 0C 10 4E C0 4E 40 00 00 00 00 00 00 00 00 00 00 00 00
[   7.309s] feature0x0C addr=0x20 raw=11 01 0C 20 4E D8 4E 40 00 00 00 00 00 00 00 00 00 00 00 00
[   7.309s] feature0x0C addr=0x30 raw=11 01 0C 30 81 18 79 00 00 00 00 00 00 00 00 00 00 00 00 00
[   7.324s] feature0x0C addr=0x10 raw=11 01 0C 10 4E C0 4E 40 00 00 00 00 00 00 00 00 00 00 00 00
[   7.326s] feature0x0C addr=0x20 raw=11 01 0C 20 4E D8 4E 40 00 00 00 00 00 00 00 00 00 00 00 00
[   7.326s] feature0x0C addr=0x30 raw=11 01 0C 30 81 18 79 00 00 00 00 00 00 00 00 00 00 00 00 00
[   7.342s] feature0x0C addr=0x10 raw=11 01 0C 10 4F 00 4E 40 00 00 00 00 00 00 00 00 00 00 00 00
[   7.342s] feature0x0C addr=0x20 raw=11 01 0C 20 4E D8 4E 40 00 00 00 00 00 00 00 00 00 00 00 00
[   7.343s] feature0x0C addr=0x30 raw=11 01 0C 30 81 18 79 00 00 00 00 00 00 00 00 00 00 00 00 00
[   7.358s] feature0x0C addr=0x10 raw=11 01 0C 10 4F 00 4E 40 00 00 00 00 00 00 00 00 00 00 00 00
[   7.359s] feature0x0C addr=0x20 raw=11 01 0C 20 4E D7 4E 41 00 00 00 00 00 00 00 00 00 00 00 00
[   7.361s] feature0x0C addr=0x30 raw=11 01 0C 30 81 17 79 01 00 00 00 00 00 00 00 00 00 00 00 00
[   7.374s] feature0x0C addr=0x10 raw=11 01 0C 10 4F 00 4E 80 00 00 00 00 00 00 00 00 00 00 00 00
[   7.376s] feature0x0C addr=0x20 raw=11 01 0C 20 4E D5 4E 41 00 00 00 00 00 00 00 00 00 00 00 00
[   7.377s] feature0x0C addr=0x30 raw=11 01 0C 30 81 15 79 01 00 00 00 00 00 00 00 00 00 00 00 00
[   7.391s] feature0x0C addr=0x10 raw=11 01 0C 10 4F 00 4E 80 00 00 00 00 00 00 00 00 00 00 00 00
[   7.393s] feature0x0C addr=0x20 raw=11 01 0C 20 4E D3 4E 41 00 00 00 00 00 00 00 00 00 00 00 00
[   7.393s] feature0x0C addr=0x30 raw=11 01 0C 30 81 13 79 01 00 00 00 00 00 00 00 00 00 00 00 00
[   7.407s] feature0x0C addr=0x10 raw=11 01 0C 10 4E C0 4E C0 00 00 00 00 00 00 00 00 00 00 00 00
[   7.409s] feature0x0C addr=0x20 raw=11 01 0C 20 4E D3 4E 41 00 00 00 00 00 00 00 00 00 00 00 00
[   7.409s] feature0x0C addr=0x30 raw=11 01 0C 30 81 13 79 01 00 00 00 00 00 00 00 00 00 00 00 00
[   7.425s] feature0x0C addr=0x10 raw=11 01 0C 10 4E C0 4E 80 00 00 00 00 00 00 00 00 00 00 00 00
[   7.425s] feature0x0C addr=0x20 raw=11 01 0C 20 4E D3 4E 41 00 00 00 00 00 00 00 00 00 00 00 00
[   7.426s] feature0x0C addr=0x30 raw=11 01 0C 30 81 13 79 01 00 00 00 00 00 00 00 00 00 00 00 00
[   7.442s] feature0x0C addr=0x10 raw=11 01 0C 10 4F 00 4E 40 00 00 00 00 00 00 00 00 00 00 00 00
[   7.442s] feature0x0C addr=0x20 raw=11 01 0C 20 4E D1 4E 41 00 00 00 00 00 00 00 00 00 00 00 00
[   7.444s] feature0x0C addr=0x30 raw=11 01 0C 30 81 11 79 01 00 00 00 00 00 00 00 00 00 00 00 00
[   7.458s] feature0x0C addr=0x10 raw=11 01 0C 10 4F 00 4E 80 00 00 00 00 00 00 00 00 00 00 00 00
[   7.458s] feature0x0C addr=0x20 raw=11 01 0C 20 4E D2 4E 40 00 00 00 00 00 00 00 00 00 00 00 00
[   7.460s] feature0x0C addr=0x30 raw=11 01 0C 30 81 12 79 00 00 00 00 00 00 00 00 00 00 00 00 00
[   7.475s] feature0x0C addr=0x10 raw=11 01 0C 10 4E C0 4E 40 00 00 00 00 00 00 00 00 00 00 00 00
[   7.475s] feature0x0C addr=0x20 raw=11 01 0C 20 4E D2 4E 42 00 00 00 00 00 00 00 00 00 00 00 00
[   7.477s] feature0x0C addr=0x30 raw=11 01 0C 30 81 12 79 02 00 00 00 00 00 00 00 00 00 00 00 00
[   7.491s] feature0x0C addr=0x10 raw=11 01 0C 10 4E C0 4E 40 00 00 00 00 00 00 00 00 00 00 00 00
[   7.493s] feature0x0C addr=0x20 raw=11 01 0C 20 4E D0 4E 40 00 00 00 00 00 00 00 00 00 00 00 00
[   7.493s] feature0x0C addr=0x30 raw=11 01 0C 30 81 10 79 00 00 00 00 00 00 00 00 00 00 00 00 00
[   7.508s] feature0x0C addr=0x10 raw=11 01 0C 10 4F 00 4E 80 00 00 00 00 00 00 00 00 00 00 00 00
[   7.509s] feature0x0C addr=0x20 raw=11 01 0C 20 4E CE 4E 40 00 00 00 00 00 00 00 00 00 00 00 00
[   7.511s] feature0x0C addr=0x30 raw=11 01 0C 30 81 0E 79 00 00 00 00 00 00 00 00 00 00 00 00 00
[   7.525s] feature0x0C addr=0x10 raw=11 01 0C 10 4E C0 4E 40 00 00 00 00 00 00 00 00 00 00 00 00
[   7.527s] feature0x0C addr=0x20 raw=11 01 0C 20 4E CC 4E 40 00 00 00 00 00 00 00 00 00 00 00 00
[   7.527s] feature0x0C addr=0x30 raw=11 01 0C 30 81 0C 79 00 00 00 00 00 00 00 00 00 00 00 00 00
[   7.541s] feature0x0C addr=0x10 raw=11 01 0C 10 4E C0 4E 00 00 00 00 00 00 00 00 00 00 00 00 00
[   7.543s] feature0x0C addr=0x20 raw=11 01 0C 20 4E CE 4E 40 00 00 00 00 00 00 00 00 00 00 00 00
[   7.543s] feature0x0C addr=0x30 raw=11 01 0C 30 81 0E 79 00 00 00 00 00 00 00 00 00 00 00 00 00
[   7.558s] feature0x0C addr=0x10 raw=11 01 0C 10 4E C0 4E 40 00 00 00 00 00 00 00 00 00 00 00 00
[   7.559s] feature0x0C addr=0x20 raw=11 01 0C 20 4E CC 4E 40 00 00 00 00 00 00 00 00 00 00 00 00
[   7.561s] feature0x0C addr=0x30 raw=11 01 0C 30 81 0C 79 00 00 00 00 00 00 00 00 00 00 00 00 00
[   7.575s] feature0x0C addr=0x10 raw=11 01 0C 10 4F 00 4E 40 00 00 00 00 00 00 00 00 00 00 00 00
[   7.575s] feature0x0C addr=0x20 raw=11 01 0C 20 4E CB 4E 41 00 00 00 00 00 00 00 00 00 00 00 00
[   7.576s] feature0x0C addr=0x30 raw=11 01 0C 30 81 0B 79 01 00 00 00 00 00 00 00 00 00 00 00 00
[   7.591s] feature0x0C addr=0x10 raw=11 01 0C 10 4E 80 4E 40 00 00 00 00 00 00 00 00 00 00 00 00
[   7.593s] feature0x0C addr=0x20 raw=11 01 0C 20 4E C9 4E 41 00 00 00 00 00 00 00 00 00 00 00 00
[   7.593s] feature0x0C addr=0x30 raw=11 01 0C 30 81 09 79 01 00 00 00 00 00 00 00 00 00 00 00 00
[   7.608s] feature0x0C addr=0x10 raw=11 01 0C 10 4E C0 4E 40 00 00 00 00 00 00 00 00 00 00 00 00
[   7.610s] feature0x0C addr=0x20 raw=11 01 0C 20 4E C7 4E 41 00 00 00 00 00 00 00 00 00 00 00 00
[   7.610s] feature0x0C addr=0x30 raw=11 01 0C 30 81 07 79 01 00 00 00 00 00 00 00 00 00 00 00 00
[   7.625s] feature0x0C addr=0x10 raw=11 01 0C 10 4E 80 4E 40 00 00 00 00 00 00 00 00 00 00 00 00
[   7.625s] feature0x0C addr=0x20 raw=11 01 0C 20 4E C5 4E 41 00 00 00 00 00 00 00 00 00 00 00 00
[   7.627s] feature0x0C addr=0x30 raw=11 01 0C 30 81 05 79 01 00 00 00 00 00 00 00 00 00 00 00 00
[   7.641s] feature0x0C addr=0x10 raw=11 01 0C 10 4E C0 4E 40 00 00 00 00 00 00 00 00 00 00 00 00
[   7.642s] feature0x0C addr=0x20 raw=11 01 0C 20 4E C5 4E 41 00 00 00 00 00 00 00 00 00 00 00 00
[   7.644s] feature0x0C addr=0x30 raw=11 01 0C 30 81 05 79 01 00 00 00 00 00 00 00 00 00 00 00 00
[   7.658s] feature0x0C addr=0x10 raw=11 01 0C 10 4E C0 4E 80 00 00 00 00 00 00 00 00 00 00 00 00
[   7.660s] feature0x0C addr=0x20 raw=11 01 0C 20 4E C3 4E 41 00 00 00 00 00 00 00 00 00 00 00 00
[   7.660s] feature0x0C addr=0x30 raw=11 01 0C 30 81 03 79 01 00 00 00 00 00 00 00 00 00 00 00 00
[   7.675s] feature0x0C addr=0x10 raw=11 01 0C 10 4E 80 4E 80 00 00 00 00 00 00 00 00 00 00 00 00
[   7.677s] feature0x0C addr=0x20 raw=11 01 0C 20 4E C3 4E 41 00 00 00 00 00 00 00 00 00 00 00 00
[   7.677s] feature0x0C addr=0x30 raw=11 01 0C 30 81 03 79 01 00 00 00 00 00 00 00 00 00 00 00 00
[   7.693s] feature0x0C addr=0x10 raw=11 01 0C 10 4E C0 4E 40 00 00 00 00 00 00 00 00 00 00 00 00
[   7.693s] feature0x0C addr=0x20 raw=11 01 0C 20 4E C1 4E 41 00 00 00 00 00 00 00 00 00 00 00 00
[   7.694s] feature0x0C addr=0x30 raw=11 01 0C 30 81 01 79 01 00 00 00 00 00 00 00 00 00 00 00 00
[   7.708s] feature0x0C addr=0x10 raw=11 01 0C 10 4E C0 4E 40 00 00 00 00 00 00 00 00 00 00 00 00
[   7.710s] feature0x0C addr=0x20 raw=11 01 0C 20 4E C2 4E 40 00 00 00 00 00 00 00 00 00 00 00 00
[   7.710s] feature0x0C addr=0x30 raw=11 01 0C 30 81 02 79 00 00 00 00 00 00 00 00 00 00 00 00 00
[   7.725s] feature0x0C addr=0x10 raw=11 01 0C 10 4E C0 4E 40 00 00 00 00 00 00 00 00 00 00 00 00
[   7.727s] feature0x0C addr=0x20 raw=11 01 0C 20 4E C0 4E 42 00 00 00 00 00 00 00 00 00 00 00 00
[   7.727s] feature0x0C addr=0x30 raw=11 01 0C 30 81 00 79 02 00 00 00 00 00 00 00 00 00 00 00 00
[   7.741s] feature0x0C addr=0x10 raw=11 01 0C 10 4E C0 4E 40 00 00 00 00 00 00 00 00 00 00 00 00
[   7.743s] feature0x0C addr=0x20 raw=11 01 0C 20 4E C2 4E 40 00 00 00 00 00 00 00 00 00 00 00 00
[   7.743s] feature0x0C addr=0x30 raw=11 01 0C 30 81 02 79 00 00 00 00 00 00 00 00 00 00 00 00 00
[   7.759s] feature0x0C addr=0x10 raw=11 01 0C 10 4F 00 4E 00 00 00 00 00 00 00 00 00 00 00 00 00
[   7.759s] feature0x0C addr=0x20 raw=11 01 0C 20 4E C0 4E 42 00 00 00 00 00 00 00 00 00 00 00 00
[   7.760s] feature0x0C addr=0x30 raw=11 01 0C 30 81 00 79 02 00 00 00 00 00 00 00 00 00 00 00 00
[   7.777s] feature0x0C addr=0x10 raw=11 01 0C 10 4E C0 4E 00 00 00 00 00 00 00 00 00 00 00 00 00
[   7.777s] feature0x0C addr=0x20 raw=11 01 0C 20 4E C0 4E 42 00 00 00 00 00 00 00 00 00 00 00 00
[   7.777s] feature0x0C addr=0x30 raw=11 01 0C 30 81 00 79 02 00 00 00 00 00 00 00 00 00 00 00 00
[   7.792s] feature0x0C addr=0x10 raw=11 01 0C 10 4F 00 4E 40 00 00 00 00 00 00 00 00 00 00 00 00
[   7.792s] feature0x0C addr=0x20 raw=11 01 0C 20 4E C2 4E 40 00 00 00 00 00 00 00 00 00 00 00 00
[   7.793s] feature0x0C addr=0x30 raw=11 01 0C 30 81 02 79 00 00 00 00 00 00 00 00 00 00 00 00 00
[   7.808s] feature0x0C addr=0x10 raw=11 01 0C 10 4E 80 4E 40 00 00 00 00 00 00 00 00 00 00 00 00
[   7.810s] feature0x0C addr=0x20 raw=11 01 0C 20 4E C1 4E 41 00 00 00 00 00 00 00 00 00 00 00 00
[   7.810s] feature0x0C addr=0x30 raw=11 01 0C 30 81 01 79 01 00 00 00 00 00 00 00 00 00 00 00 00
[   7.825s] feature0x0C addr=0x10 raw=11 01 0C 10 4F 00 4E 00 00 00 00 00 00 00 00 00 00 00 00 00
[   7.825s] feature0x0C addr=0x20 raw=11 01 0C 20 4E C1 4E 41 00 00 00 00 00 00 00 00 00 00 00 00
[   7.826s] feature0x0C addr=0x30 raw=11 01 0C 30 81 01 79 01 00 00 00 00 00 00 00 00 00 00 00 00
[   7.842s] feature0x0C addr=0x10 raw=11 01 0C 10 4F 00 4E 40 00 00 00 00 00 00 00 00 00 00 00 00
[   7.843s] feature0x0C addr=0x20 raw=11 01 0C 20 4E C1 4E 41 00 00 00 00 00 00 00 00 00 00 00 00
[   7.843s] feature0x0C addr=0x30 raw=11 01 0C 30 81 01 79 01 00 00 00 00 00 00 00 00 00 00 00 00
[   7.858s] feature0x0C addr=0x10 raw=11 01 0C 10 4E C0 4E 80 00 00 00 00 00 00 00 00 00 00 00 00
[   7.860s] feature0x0C addr=0x20 raw=11 01 0C 20 4E BF 4E 41 00 00 00 00 00 00 00 00 00 00 00 00
[   7.860s] feature0x0C addr=0x30 raw=11 01 0C 30 80 FF 79 01 00 00 00 00 00 00 00 00 00 00 00 00
[   7.874s] feature0x0C addr=0x10 raw=11 01 0C 10 4E C0 4E 00 00 00 00 00 00 00 00 00 00 00 00 00
[   7.876s] feature0x0C addr=0x20 raw=11 01 0C 20 4E C1 4E 41 00 00 00 00 00 00 00 00 00 00 00 00
[   7.876s] feature0x0C addr=0x30 raw=11 01 0C 30 81 01 79 01 00 00 00 00 00 00 00 00 00 00 00 00
[   7.891s] feature0x0C addr=0x10 raw=11 01 0C 10 4F 00 4E 00 00 00 00 00 00 00 00 00 00 00 00 00
[   7.893s] feature0x0C addr=0x20 raw=11 01 0C 20 4E C1 4E 41 00 00 00 00 00 00 00 00 00 00 00 00
[   7.893s] feature0x0C addr=0x30 raw=11 01 0C 30 81 01 79 01 00 00 00 00 00 00 00 00 00 00 00 00
[   7.907s] feature0x0C addr=0x10 raw=11 01 0C 10 4E C0 4E 40 00 00 00 00 00 00 00 00 00 00 00 00
[   7.909s] feature0x0C addr=0x20 raw=11 01 0C 20 4E C0 4E 40 00 00 00 00 00 00 00 00 00 00 00 00
[   7.909s] feature0x0C addr=0x30 raw=11 01 0C 30 81 00 79 00 00 00 00 00 00 00 00 00 00 00 00 00
[   7.924s] feature0x0C addr=0x10 raw=11 01 0C 10 4E C0 4E 00 00 00 00 00 00 00 00 00 00 00 00 00
[   7.925s] feature0x0C addr=0x20 raw=11 01 0C 20 4E C0 4E 40 00 00 00 00 00 00 00 00 00 00 00 00
[   7.927s] feature0x0C addr=0x30 raw=11 01 0C 30 81 00 79 00 00 00 00 00 00 00 00 00 00 00 00 00
[   7.942s] feature0x0C addr=0x10 raw=11 01 0C 10 4E C0 4E 40 00 00 00 00 00 00 00 00 00 00 00 00
[   7.942s] feature0x0C addr=0x20 raw=11 01 0C 20 4E C0 4E 40 00 00 00 00 00 00 00 00 00 00 00 00
[   7.944s] feature0x0C addr=0x30 raw=11 01 0C 30 81 00 79 00 00 00 00 00 00 00 00 00 00 00 00 00
[   7.957s] feature0x0C addr=0x10 raw=11 01 0C 10 4E C0 4E 40 00 00 00 00 00 00 00 00 00 00 00 00
[   7.959s] feature0x0C addr=0x20 raw=11 01 0C 20 4E C2 4E 40 00 00 00 00 00 00 00 00 00 00 00 00
[   7.959s] feature0x0C addr=0x30 raw=11 01 0C 30 81 02 79 00 00 00 00 00 00 00 00 00 00 00 00 00
[   7.974s] feature0x0C addr=0x10 raw=11 01 0C 10 4E C0 4E 80 00 00 00 00 00 00 00 00 00 00 00 00
[   7.976s] feature0x0C addr=0x20 raw=11 01 0C 20 4E C2 4E 42 00 00 00 00 00 00 00 00 00 00 00 00
[   7.976s] feature0x0C addr=0x30 raw=11 01 0C 30 81 02 79 02 00 00 00 00 00 00 00 00 00 00 00 00
[   7.993s] feature0x0C addr=0x10 raw=11 01 0C 10 4F 00 4E 40 00 00 00 00 00 00 00 00 00 00 00 00
[   7.993s] feature0x0C addr=0x20 raw=11 01 0C 20 4E C0 4E 42 00 00 00 00 00 00 00 00 00 00 00 00
[   7.993s] feature0x0C addr=0x30 raw=11 01 0C 30 81 00 79 02 00 00 00 00 00 00 00 00 00 00 00 00
[   8.008s] feature0x0C addr=0x10 raw=11 01 0C 10 4E C0 4E 40 00 00 00 00 00 00 00 00 00 00 00 00
[   8.010s] feature0x0C addr=0x20 raw=11 01 0C 20 4E C2 4E 44 00 00 00 00 00 00 00 00 00 00 00 00
[   8.010s] feature0x0C addr=0x30 raw=11 01 0C 30 81 02 79 04 00 00 00 00 00 00 00 00 00 00 00 00
[   8.026s] feature0x0C addr=0x10 raw=11 01 0C 10 4F 00 4E 40 00 00 00 00 00 00 00 00 00 00 00 00
[   8.027s] feature0x0C addr=0x20 raw=11 01 0C 20 4E C2 4E 42 00 00 00 00 00 00 00 00 00 00 00 00
[   8.028s] feature0x0C addr=0x30 raw=11 01 0C 30 81 02 79 02 00 00 00 00 00 00 00 00 00 00 00 00
[   8.042s] feature0x0C addr=0x10 raw=11 01 0C 10 4E C0 4E 40 00 00 00 00 00 00 00 00 00 00 00 00
[   8.042s] feature0x0C addr=0x20 raw=11 01 0C 20 4E C3 4E 41 00 00 00 00 00 00 00 00 00 00 00 00
[   8.044s] feature0x0C addr=0x30 raw=11 01 0C 30 81 03 79 01 00 00 00 00 00 00 00 00 00 00 00 00
[   8.058s] feature0x0C addr=0x10 raw=11 01 0C 10 4E C0 4E 40 00 00 00 00 00 00 00 00 00 00 00 00
[   8.060s] feature0x0C addr=0x20 raw=11 01 0C 20 4E C3 4E 43 00 00 00 00 00 00 00 00 00 00 00 00
[   8.060s] feature0x0C addr=0x30 raw=11 01 0C 30 81 03 79 03 00 00 00 00 00 00 00 00 00 00 00 00
[   8.074s] feature0x0C addr=0x10 raw=11 01 0C 10 4E C0 4E 40 00 00 00 00 00 00 00 00 00 00 00 00
[   8.076s] feature0x0C addr=0x20 raw=11 01 0C 20 4E C1 4E 43 00 00 00 00 00 00 00 00 00 00 00 00
[   8.076s] feature0x0C addr=0x30 raw=11 01 0C 30 81 01 79 03 00 00 00 00 00 00 00 00 00 00 00 00
[   8.092s] feature0x0C addr=0x10 raw=11 01 0C 10 4E C0 4E 40 00 00 00 00 00 00 00 00 00 00 00 00
[   8.092s] feature0x0C addr=0x20 raw=11 01 0C 20 4E C1 4E 41 00 00 00 00 00 00 00 00 00 00 00 00
[   8.093s] feature0x0C addr=0x30 raw=11 01 0C 30 81 01 79 01 00 00 00 00 00 00 00 00 00 00 00 00
[   8.108s] feature0x0C addr=0x10 raw=11 01 0C 10 4E C0 4E 80 00 00 00 00 00 00 00 00 00 00 00 00
[   8.110s] feature0x0C addr=0x20 raw=11 01 0C 20 4E C3 4E 41 00 00 00 00 00 00 00 00 00 00 00 00
[   8.110s] feature0x0C addr=0x30 raw=11 01 0C 30 81 03 79 01 00 00 00 00 00 00 00 00 00 00 00 00
[   8.125s] feature0x0C addr=0x10 raw=11 01 0C 10 4E C0 4E C0 00 00 00 00 00 00 00 00 00 00 00 00
[   8.125s] feature0x0C addr=0x20 raw=11 01 0C 20 4E C1 4E 41 00 00 00 00 00 00 00 00 00 00 00 00
[   8.127s] feature0x0C addr=0x30 raw=11 01 0C 30 81 01 79 01 00 00 00 00 00 00 00 00 00 00 00 00
[   8.142s] feature0x0C addr=0x10 raw=11 01 0C 10 4E C0 4E 40 00 00 00 00 00 00 00 00 00 00 00 00
[   8.142s] feature0x0C addr=0x20 raw=11 01 0C 20 4E C2 4E 40 00 00 00 00 00 00 00 00 00 00 00 00
[   8.143s] feature0x0C addr=0x30 raw=11 01 0C 30 81 02 79 00 00 00 00 00 00 00 00 00 00 00 00 00
[   8.159s] feature0x0C addr=0x10 raw=11 01 0C 10 4F 40 4E 40 00 00 00 00 00 00 00 00 00 00 00 00
[   8.159s] feature0x0C addr=0x20 raw=11 01 0C 20 4E C4 4E 42 00 00 00 00 00 00 00 00 00 00 00 00
[   8.161s] feature0x0C addr=0x30 raw=11 01 0C 30 81 04 79 02 00 00 00 00 00 00 00 00 00 00 00 00
[   8.176s] feature0x0C addr=0x10 raw=11 01 0C 10 4E C0 4E 80 00 00 00 00 00 00 00 00 00 00 00 00
[   8.176s] feature0x0C addr=0x20 raw=11 01 0C 20 4E C2 4E 40 00 00 00 00 00 00 00 00 00 00 00 00
[   8.178s] feature0x0C addr=0x30 raw=11 01 0C 30 81 02 79 00 00 00 00 00 00 00 00 00 00 00 00 00
[   8.193s] feature0x0C addr=0x10 raw=11 01 0C 10 4E C0 4E 40 00 00 00 00 00 00 00 00 00 00 00 00
[   8.193s] feature0x0C addr=0x20 raw=11 01 0C 20 4E C0 4E 40 00 00 00 00 00 00 00 00 00 00 00 00
[   8.194s] feature0x0C addr=0x30 raw=11 01 0C 30 81 00 79 00 00 00 00 00 00 00 00 00 00 00 00 00
[   8.208s] feature0x0C addr=0x10 raw=11 01 0C 10 4F 00 4E 80 00 00 00 00 00 00 00 00 00 00 00 00
[   8.210s] feature0x0C addr=0x20 raw=11 01 0C 20 4E C2 4E 40 00 00 00 00 00 00 00 00 00 00 00 00
[   8.210s] feature0x0C addr=0x30 raw=11 01 0C 30 81 02 79 00 00 00 00 00 00 00 00 00 00 00 00 00
[   8.225s] feature0x0C addr=0x10 raw=11 01 0C 10 4E C0 4E 40 00 00 00 00 00 00 00 00 00 00 00 00
[   8.227s] feature0x0C addr=0x20 raw=11 01 0C 20 4E C2 4E 42 00 00 00 00 00 00 00 00 00 00 00 00
[   8.227s] feature0x0C addr=0x30 raw=11 01 0C 30 81 02 79 02 00 00 00 00 00 00 00 00 00 00 00 00
[   8.242s] feature0x0C addr=0x10 raw=11 01 0C 10 4F 00 4E 40 00 00 00 00 00 00 00 00 00 00 00 00
[   8.242s] feature0x0C addr=0x20 raw=11 01 0C 20 4E C2 4E 42 00 00 00 00 00 00 00 00 00 00 00 00
[   8.244s] feature0x0C addr=0x30 raw=11 01 0C 30 81 02 79 02 00 00 00 00 00 00 00 00 00 00 00 00
[   8.258s] feature0x0C addr=0x10 raw=11 01 0C 10 4E C0 4E 40 00 00 00 00 00 00 00 00 00 00 00 00
[   8.260s] feature0x0C addr=0x20 raw=11 01 0C 20 4E C1 4E 43 00 00 00 00 00 00 00 00 00 00 00 00
[   8.260s] feature0x0C addr=0x30 raw=11 01 0C 30 81 01 79 03 00 00 00 00 00 00 00 00 00 00 00 00
[   8.275s] feature0x0C addr=0x10 raw=11 01 0C 10 4E C0 4E 40 00 00 00 00 00 00 00 00 00 00 00 00
[   8.276s] feature0x0C addr=0x20 raw=11 01 0C 20 4E C3 4E 43 00 00 00 00 00 00 00 00 00 00 00 00
[   8.278s] feature0x0C addr=0x30 raw=11 01 0C 30 81 03 79 03 00 00 00 00 00 00 00 00 00 00 00 00
[   8.292s] feature0x0C addr=0x10 raw=11 01 0C 10 4E C0 4E 80 00 00 00 00 00 00 00 00 00 00 00 00
[   8.293s] feature0x0C addr=0x20 raw=11 01 0C 20 4E C1 4E 41 00 00 00 00 00 00 00 00 00 00 00 00
[   8.293s] feature0x0C addr=0x30 raw=11 01 0C 30 81 01 79 01 00 00 00 00 00 00 00 00 00 00 00 00
[   8.308s] feature0x0C addr=0x10 raw=11 01 0C 10 4E 80 4E 40 00 00 00 00 00 00 00 00 00 00 00 00
[   8.310s] feature0x0C addr=0x20 raw=11 01 0C 20 4E C1 4E 41 00 00 00 00 00 00 00 00 00 00 00 00
[   8.310s] feature0x0C addr=0x30 raw=11 01 0C 30 81 01 79 01 00 00 00 00 00 00 00 00 00 00 00 00
[   8.326s] feature0x0C addr=0x10 raw=11 01 0C 10 4E C0 4E 00 00 00 00 00 00 00 00 00 00 00 00 00
[   8.326s] feature0x0C addr=0x20 raw=11 01 0C 20 4E C1 4E 41 00 00 00 00 00 00 00 00 00 00 00 00
[   8.327s] feature0x0C addr=0x30 raw=11 01 0C 30 81 01 79 01 00 00 00 00 00 00 00 00 00 00 00 00
[   8.342s] feature0x0C addr=0x10 raw=11 01 0C 10 4E 80 4E 00 00 00 00 00 00 00 00 00 00 00 00 00
[   8.344s] feature0x0C addr=0x20 raw=11 01 0C 20 4E C1 4E 41 00 00 00 00 00 00 00 00 00 00 00 00
[   8.344s] feature0x0C addr=0x30 raw=11 01 0C 30 81 01 79 01 00 00 00 00 00 00 00 00 00 00 00 00
[   8.359s] feature0x0C addr=0x10 raw=11 01 0C 10 4E C0 4E 40 00 00 00 00 00 00 00 00 00 00 00 00
[   8.361s] feature0x0C addr=0x20 raw=11 01 0C 20 4E C1 4E 41 00 00 00 00 00 00 00 00 00 00 00 00
[   8.361s] feature0x0C addr=0x30 raw=11 01 0C 30 81 01 79 01 00 00 00 00 00 00 00 00 00 00 00 00
[   8.375s] feature0x0C addr=0x10 raw=11 01 0C 10 4E C0 4E 80 00 00 00 00 00 00 00 00 00 00 00 00
[   8.376s] feature0x0C addr=0x20 raw=11 01 0C 20 4E C0 4E 42 00 00 00 00 00 00 00 00 00 00 00 00
[   8.378s] feature0x0C addr=0x30 raw=11 01 0C 30 81 00 79 02 00 00 00 00 00 00 00 00 00 00 00 00
[   8.393s] feature0x0C addr=0x10 raw=11 01 0C 10 4E C0 4E 40 00 00 00 00 00 00 00 00 00 00 00 00
[   8.393s] feature0x0C addr=0x20 raw=11 01 0C 20 4E C0 4E 40 00 00 00 00 00 00 00 00 00 00 00 00
[   8.394s] feature0x0C addr=0x30 raw=11 01 0C 30 81 00 79 00 00 00 00 00 00 00 00 00 00 00 00 00
[   8.409s] feature0x0C addr=0x10 raw=11 01 0C 10 4E 80 4E 40 00 00 00 00 00 00 00 00 00 00 00 00
[   8.409s] feature0x0C addr=0x20 raw=11 01 0C 20 4E C2 4E 40 00 00 00 00 00 00 00 00 00 00 00 00
[   8.410s] feature0x0C addr=0x30 raw=11 01 0C 30 81 02 79 00 00 00 00 00 00 00 00 00 00 00 00 00
[   8.425s] feature0x0C addr=0x10 raw=11 01 0C 10 4E C0 4E 40 00 00 00 00 00 00 00 00 00 00 00 00
[   8.426s] feature0x0C addr=0x20 raw=11 01 0C 20 4E C2 4E 42 00 00 00 00 00 00 00 00 00 00 00 00
[   8.428s] feature0x0C addr=0x30 raw=11 01 0C 30 81 02 79 02 00 00 00 00 00 00 00 00 00 00 00 00
[   8.442s] feature0x0C addr=0x10 raw=11 01 0C 10 4E C0 4E 80 00 00 00 00 00 00 00 00 00 00 00 00
[   8.444s] feature0x0C addr=0x20 raw=11 01 0C 20 4E C2 4E 44 00 00 00 00 00 00 00 00 00 00 00 00
[   8.444s] feature0x0C addr=0x30 raw=11 01 0C 30 81 02 79 04 00 00 00 00 00 00 00 00 00 00 00 00
[   8.459s] feature0x0C addr=0x10 raw=11 01 0C 10 4F 00 4E 40 00 00 00 00 00 00 00 00 00 00 00 00
[   8.460s] feature0x0C addr=0x20 raw=11 01 0C 20 4E C2 4E 42 00 00 00 00 00 00 00 00 00 00 00 00
[   8.460s] feature0x0C addr=0x30 raw=11 01 0C 30 81 02 79 02 00 00 00 00 00 00 00 00 00 00 00 00
[   8.476s] feature0x0C addr=0x10 raw=11 01 0C 10 4E C0 4E 40 00 00 00 00 00 00 00 00 00 00 00 00
[   8.476s] feature0x0C addr=0x20 raw=11 01 0C 20 4E C2 4E 40 00 00 00 00 00 00 00 00 00 00 00 00
[   8.478s] feature0x0C addr=0x30 raw=11 01 0C 30 81 02 79 00 00 00 00 00 00 00 00 00 00 00 00 00
[   8.491s] feature0x0C addr=0x10 raw=11 01 0C 10 4E C0 4E 40 00 00 00 00 00 00 00 00 00 00 00 00
[   8.493s] feature0x0C addr=0x20 raw=11 01 0C 20 4E C1 4E 41 00 00 00 00 00 00 00 00 00 00 00 00
[   8.493s] feature0x0C addr=0x30 raw=11 01 0C 30 81 01 79 01 00 00 00 00 00 00 00 00 00 00 00 00
[   8.508s] feature0x0C addr=0x10 raw=11 01 0C 10 4E C0 4E 40 00 00 00 00 00 00 00 00 00 00 00 00
[   8.510s] feature0x0C addr=0x20 raw=11 01 0C 20 4E C1 4E 43 00 00 00 00 00 00 00 00 00 00 00 00
[   8.510s] feature0x0C addr=0x30 raw=11 01 0C 30 81 01 79 03 00 00 00 00 00 00 00 00 00 00 00 00
[   8.526s] feature0x0C addr=0x10 raw=11 01 0C 10 4E C0 4E 80 00 00 00 00 00 00 00 00 00 00 00 00
[   8.526s] feature0x0C addr=0x20 raw=11 01 0C 20 4E C1 4E 41 00 00 00 00 00 00 00 00 00 00 00 00
[   8.528s] feature0x0C addr=0x30 raw=11 01 0C 30 81 01 79 01 00 00 00 00 00 00 00 00 00 00 00 00
[   8.541s] feature0x0C addr=0x10 raw=11 01 0C 10 4E C0 4E 80 00 00 00 00 00 00 00 00 00 00 00 00
[   8.543s] feature0x0C addr=0x20 raw=11 01 0C 20 4E C1 4E 41 00 00 00 00 00 00 00 00 00 00 00 00
[   8.543s] feature0x0C addr=0x30 raw=11 01 0C 30 81 01 79 01 00 00 00 00 00 00 00 00 00 00 00 00
[   8.559s] feature0x0C addr=0x10 raw=11 01 0C 10 4E C0 4E 40 00 00 00 00 00 00 00 00 00 00 00 00
[   8.559s] feature0x0C addr=0x20 raw=11 01 0C 20 4E C1 4E 41 00 00 00 00 00 00 00 00 00 00 00 00
[   8.561s] feature0x0C addr=0x30 raw=11 01 0C 30 81 01 79 01 00 00 00 00 00 00 00 00 00 00 00 00
[   8.575s] feature0x0C addr=0x10 raw=11 01 0C 10 4F 00 4E 80 00 00 00 00 00 00 00 00 00 00 00 00
[   8.577s] feature0x0C addr=0x20 raw=11 01 0C 20 4E C1 4E 41 00 00 00 00 00 00 00 00 00 00 00 00
[   8.577s] feature0x0C addr=0x30 raw=11 01 0C 30 81 01 79 01 00 00 00 00 00 00 00 00 00 00 00 00
[   8.593s] feature0x0C addr=0x10 raw=11 01 0C 10 4E C0 4E 00 00 00 00 00 00 00 00 00 00 00 00 00
[   8.593s] feature0x0C addr=0x20 raw=11 01 0C 20 4E C1 4E 41 00 00 00 00 00 00 00 00 00 00 00 00
[   8.594s] feature0x0C addr=0x30 raw=11 01 0C 30 81 01 79 01 00 00 00 00 00 00 00 00 00 00 00 00
[   8.610s] feature0x0C addr=0x10 raw=11 01 0C 10 4E C0 4E 00 00 00 00 00 00 00 00 00 00 00 00 00
[   8.611s] feature0x0C addr=0x20 raw=11 01 0C 20 4E C0 4E 40 00 00 00 00 00 00 00 00 00 00 00 00
[   8.612s] feature0x0C addr=0x30 raw=11 01 0C 30 81 00 79 00 00 00 00 00 00 00 00 00 00 00 00 00
[   8.627s] feature0x0C addr=0x10 raw=11 01 0C 10 4E C0 4E 40 00 00 00 00 00 00 00 00 00 00 00 00
[   8.627s] feature0x0C addr=0x20 raw=11 01 0C 20 4E BE 4E 40 00 00 00 00 00 00 00 00 00 00 00 00
[   8.627s] feature0x0C addr=0x30 raw=11 01 0C 30 80 FE 79 00 00 00 00 00 00 00 00 00 00 00 00 00
[   8.642s] feature0x0C addr=0x10 raw=11 01 0C 10 4E 80 4E 80 00 00 00 00 00 00 00 00 00 00 00 00
[   8.644s] feature0x0C addr=0x20 raw=11 01 0C 20 4E BE 4E 40 00 00 00 00 00 00 00 00 00 00 00 00
[   8.644s] feature0x0C addr=0x30 raw=11 01 0C 30 80 FE 79 00 00 00 00 00 00 00 00 00 00 00 00 00
[   8.658s] feature0x0C addr=0x10 raw=11 01 0C 10 4E 80 4E 80 00 00 00 00 00 00 00 00 00 00 00 00
[   8.660s] feature0x0C addr=0x20 raw=11 01 0C 20 4E C0 4E 40 00 00 00 00 00 00 00 00 00 00 00 00
[   8.660s] feature0x0C addr=0x30 raw=11 01 0C 30 81 00 79 00 00 00 00 00 00 00 00 00 00 00 00 00
[   8.675s] feature0x0C addr=0x10 raw=11 01 0C 10 4F 00 4E 40 00 00 00 00 00 00 00 00 00 00 00 00
[   8.677s] feature0x0C addr=0x20 raw=11 01 0C 20 4E C2 4E 40 00 00 00 00 00 00 00 00 00 00 00 00
[   8.677s] feature0x0C addr=0x30 raw=11 01 0C 30 81 02 79 00 00 00 00 00 00 00 00 00 00 00 00 00
[   8.692s] feature0x0C addr=0x10 raw=11 01 0C 10 4F 40 4E 40 00 00 00 00 00 00 00 00 00 00 00 00
[   8.694s] feature0x0C addr=0x20 raw=11 01 0C 20 4E C4 4E 40 00 00 00 00 00 00 00 00 00 00 00 00
[   8.694s] feature0x0C addr=0x30 raw=11 01 0C 30 81 04 79 00 00 00 00 00 00 00 00 00 00 00 00 00
[   8.708s] feature0x0C addr=0x10 raw=11 01 0C 10 4F 40 4E 40 00 00 00 00 00 00 00 00 00 00 00 00
[   8.710s] feature0x0C addr=0x20 raw=11 01 0C 20 4E C5 4E 41 00 00 00 00 00 00 00 00 00 00 00 00
[   8.710s] feature0x0C addr=0x30 raw=11 01 0C 30 81 05 79 01 00 00 00 00 00 00 00 00 00 00 00 00
[   8.726s] feature0x0C addr=0x10 raw=11 01 0C 10 4E C0 4E 80 00 00 00 00 00 00 00 00 00 00 00 00
[   8.726s] feature0x0C addr=0x20 raw=11 01 0C 20 4E C5 4E 41 00 00 00 00 00 00 00 00 00 00 00 00
[   8.727s] feature0x0C addr=0x30 raw=11 01 0C 30 81 05 79 01 00 00 00 00 00 00 00 00 00 00 00 00
[   8.742s] feature0x0C addr=0x10 raw=11 01 0C 10 4F 00 4E 40 00 00 00 00 00 00 00 00 00 00 00 00
[   8.743s] feature0x0C addr=0x20 raw=11 01 0C 20 4E C3 4E 41 00 00 00 00 00 00 00 00 00 00 00 00
[   8.743s] feature0x0C addr=0x30 raw=11 01 0C 30 81 03 79 01 00 00 00 00 00 00 00 00 00 00 00 00
[   8.758s] feature0x0C addr=0x10 raw=11 01 0C 10 4F 00 4E 40 00 00 00 00 00 00 00 00 00 00 00 00
[   8.760s] feature0x0C addr=0x20 raw=11 01 0C 20 4E C3 4E 41 00 00 00 00 00 00 00 00 00 00 00 00
[   8.760s] feature0x0C addr=0x30 raw=11 01 0C 30 81 03 79 01 00 00 00 00 00 00 00 00 00 00 00 00
[   8.775s] feature0x0C addr=0x10 raw=11 01 0C 10 4F 00 4E 40 00 00 00 00 00 00 00 00 00 00 00 00
[   8.777s] feature0x0C addr=0x20 raw=11 01 0C 20 4E C5 4E 41 00 00 00 00 00 00 00 00 00 00 00 00
[   8.777s] feature0x0C addr=0x30 raw=11 01 0C 30 81 05 79 01 00 00 00 00 00 00 00 00 00 00 00 00
[   8.791s] feature0x0C addr=0x10 raw=11 01 0C 10 4F 00 4E 40 00 00 00 00 00 00 00 00 00 00 00 00
[   8.792s] feature0x0C addr=0x20 raw=11 01 0C 20 4E C7 4E 3F 00 00 00 00 00 00 00 00 00 00 00 00
[   8.794s] feature0x0C addr=0x30 raw=11 01 0C 30 81 07 78 FF 00 00 00 00 00 00 00 00 00 00 00 00
[   8.808s] feature0x0C addr=0x10 raw=11 01 0C 10 4F 00 4E 40 00 00 00 00 00 00 00 00 00 00 00 00
[   8.809s] feature0x0C addr=0x20 raw=11 01 0C 20 4E C9 4E 41 00 00 00 00 00 00 00 00 00 00 00 00
[   8.810s] feature0x0C addr=0x30 raw=11 01 0C 30 81 09 79 01 00 00 00 00 00 00 00 00 00 00 00 00
[   8.826s] feature0x0C addr=0x10 raw=11 01 0C 10 4F 40 4E 80 00 00 00 00 00 00 00 00 00 00 00 00
[   8.826s] feature0x0C addr=0x20 raw=11 01 0C 20 4E CA 4E 40 00 00 00 00 00 00 00 00 00 00 00 00
[   8.827s] feature0x0C addr=0x30 raw=11 01 0C 30 81 0A 79 00 00 00 00 00 00 00 00 00 00 00 00 00
[   8.843s] feature0x0C addr=0x10 raw=11 01 0C 10 50 C0 4E 40 00 00 00 00 00 00 00 00 00 00 00 00
[   8.843s] feature0x0C addr=0x20 raw=11 01 0C 20 4E CC 4E 40 00 00 00 00 00 00 00 00 00 00 00 00
[   8.845s] feature0x0C addr=0x30 raw=11 01 0C 30 81 0C 79 00 00 00 00 00 00 00 00 00 00 00 00 00
[   8.859s] feature0x0C addr=0x10 raw=11 01 0C 10 62 00 4E 80 00 00 00 00 00 00 00 00 00 00 00 00
[   8.861s] feature0x0C addr=0x20 raw=11 01 0C 20 4E CC 4E 42 00 00 00 00 00 00 00 00 00 00 00 00
[   8.861s] feature0x0C addr=0x30 raw=11 01 0C 30 81 0C 79 02 00 00 00 00 00 00 00 00 00 00 00 00
[   8.875s] feature0x0C addr=0x10 raw=11 01 0C 10 5D 80 4E 80 00 00 00 00 00 00 00 00 00 00 00 00
[   8.877s] feature0x0C addr=0x20 raw=11 01 0C 20 4E CC 4E 42 00 00 00 00 00 00 00 00 00 00 00 00
[   8.879s] feature0x0C addr=0x30 raw=11 01 0C 30 81 0C 79 02 00 00 00 00 00 00 00 00 00 00 00 00
[   8.893s] feature0x0C addr=0x10 raw=11 01 0C 10 5A 40 4E 40 00 00 00 00 00 00 00 00 00 00 00 00
[   8.893s] feature0x0C addr=0x20 raw=11 01 0C 20 4E CC 4E 44 00 00 00 00 00 00 00 00 00 00 00 00
[   8.894s] feature0x0C addr=0x30 raw=11 01 0C 30 81 0C 79 04 00 00 00 00 00 00 00 00 00 00 00 00
[   8.909s] feature0x0C addr=0x10 raw=11 01 0C 10 4F C0 4E 80 00 00 00 00 00 00 00 00 00 00 00 00
[   8.909s] feature0x0C addr=0x20 raw=11 01 0C 20 4E CC 4E 44 00 00 00 00 00 00 00 00 00 00 00 00
[   8.911s] feature0x0C addr=0x30 raw=11 01 0C 30 81 0C 79 04 00 00 00 00 00 00 00 00 00 00 00 00
[   8.926s] feature0x0C addr=0x10 raw=11 01 0C 10 4F 40 4E 80 00 00 00 00 00 00 00 00 00 00 00 00
[   8.927s] feature0x0C addr=0x20 raw=11 01 0C 20 4E CE 4E 46 00 00 00 00 00 00 00 00 00 00 00 00
[   8.927s] feature0x0C addr=0x30 raw=11 01 0C 30 81 0E 79 06 00 00 00 00 00 00 00 00 00 00 00 00
[   8.943s] feature0x0C addr=0x10 raw=11 01 0C 10 4F 00 4E 80 00 00 00 00 00 00 00 00 00 00 00 00
[   8.943s] feature0x0C addr=0x20 raw=11 01 0C 20 4E CF 4E 45 00 00 00 00 00 00 00 00 00 00 00 00
[   8.945s] feature0x0C addr=0x30 raw=11 01 0C 30 81 0F 79 05 00 00 00 00 00 00 00 00 00 00 00 00
[   8.959s] feature0x0C addr=0x10 raw=11 01 0C 10 4F 00 4E 80 00 00 00 00 00 00 00 00 00 00 00 00
[   8.959s] feature0x0C addr=0x20 raw=11 01 0C 20 4E CF 4E 45 00 00 00 00 00 00 00 00 00 00 00 00
[   8.960s] feature0x0C addr=0x30 raw=11 01 0C 30 81 0F 79 05 00 00 00 00 00 00 00 00 00 00 00 00
[   8.976s] feature0x0C addr=0x10 raw=11 01 0C 10 4F 00 4E 40 00 00 00 00 00 00 00 00 00 00 00 00
[   8.976s] feature0x0C addr=0x20 raw=11 01 0C 20 4E CF 4E 45 00 00 00 00 00 00 00 00 00 00 00 00
[   8.978s] feature0x0C addr=0x30 raw=11 01 0C 30 81 0F 79 05 00 00 00 00 00 00 00 00 00 00 00 00
[   8.992s] feature0x0C addr=0x10 raw=11 01 0C 10 4E C0 4E 40 00 00 00 00 00 00 00 00 00 00 00 00
[   8.994s] feature0x0C addr=0x20 raw=11 01 0C 20 4E CD 4E 45 00 00 00 00 00 00 00 00 00 00 00 00
[   8.994s] feature0x0C addr=0x30 raw=11 01 0C 30 81 0D 79 05 00 00 00 00 00 00 00 00 00 00 00 00
[   9.009s] feature0x0C addr=0x10 raw=11 01 0C 10 4E C0 4E 40 00 00 00 00 00 00 00 00 00 00 00 00
[   9.011s] feature0x0C addr=0x20 raw=11 01 0C 20 4E CF 4E 43 00 00 00 00 00 00 00 00 00 00 00 00
[   9.012s] feature0x0C addr=0x30 raw=11 01 0C 30 81 0F 79 03 00 00 00 00 00 00 00 00 00 00 00 00
[   9.026s] feature0x0C addr=0x10 raw=11 01 0C 10 4F 00 4E 40 00 00 00 00 00 00 00 00 00 00 00 00
[   9.028s] feature0x0C addr=0x20 raw=11 01 0C 20 4E D1 4E 41 00 00 00 00 00 00 00 00 00 00 00 00
[   9.028s] feature0x0C addr=0x30 raw=11 01 0C 30 81 11 79 01 00 00 00 00 00 00 00 00 00 00 00 00
[   9.043s] feature0x0C addr=0x10 raw=11 01 0C 10 4F 00 4E 80 00 00 00 00 00 00 00 00 00 00 00 00
[   9.043s] feature0x0C addr=0x20 raw=11 01 0C 20 4E D3 4E 41 00 00 00 00 00 00 00 00 00 00 00 00
[   9.044s] feature0x0C addr=0x30 raw=11 01 0C 30 81 13 79 01 00 00 00 00 00 00 00 00 00 00 00 00
[   9.059s] feature0x0C addr=0x10 raw=11 01 0C 10 4F 00 4E 80 00 00 00 00 00 00 00 00 00 00 00 00
[   9.061s] feature0x0C addr=0x20 raw=11 01 0C 20 4E D4 4E 40 00 00 00 00 00 00 00 00 00 00 00 00
[   9.062s] feature0x0C addr=0x30 raw=11 01 0C 30 81 14 79 00 00 00 00 00 00 00 00 00 00 00 00 00
[   9.076s] feature0x0C addr=0x10 raw=11 01 0C 10 4E C0 4E 40 00 00 00 00 00 00 00 00 00 00 00 00
[   9.076s] feature0x0C addr=0x20 raw=11 01 0C 20 4E D6 4E 40 00 00 00 00 00 00 00 00 00 00 00 00
[   9.078s] feature0x0C addr=0x30 raw=11 01 0C 30 81 16 79 00 00 00 00 00 00 00 00 00 00 00 00 00
[   9.092s] feature0x0C addr=0x10 raw=11 01 0C 10 4F 00 4E 40 00 00 00 00 00 00 00 00 00 00 00 00
[   9.093s] feature0x0C addr=0x20 raw=11 01 0C 20 4E D6 4E 40 00 00 00 00 00 00 00 00 00 00 00 00
[   9.095s] feature0x0C addr=0x30 raw=11 01 0C 30 81 16 79 00 00 00 00 00 00 00 00 00 00 00 00 00
[   9.109s] feature0x0C addr=0x10 raw=11 01 0C 10 4E C0 4E 40 00 00 00 00 00 00 00 00 00 00 00 00
[   9.110s] feature0x0C addr=0x20 raw=11 01 0C 20 4E D8 4E 40 00 00 00 00 00 00 00 00 00 00 00 00
[   9.111s] feature0x0C addr=0x30 raw=11 01 0C 30 81 18 79 00 00 00 00 00 00 00 00 00 00 00 00 00
[   9.126s] feature0x0C addr=0x10 raw=11 01 0C 10 4E C0 4E 80 00 00 00 00 00 00 00 00 00 00 00 00
[   9.126s] feature0x0C addr=0x20 raw=11 01 0C 20 4E DA 4E 42 00 00 00 00 00 00 00 00 00 00 00 00
[   9.127s] feature0x0C addr=0x30 raw=11 01 0C 30 81 1A 79 02 00 00 00 00 00 00 00 00 00 00 00 00
[   9.142s] feature0x0C addr=0x10 raw=11 01 0C 10 4F 40 4E 40 00 00 00 00 00 00 00 00 00 00 00 00
[   9.144s] feature0x0C addr=0x20 raw=11 01 0C 20 4E DA 4E 42 00 00 00 00 00 00 00 00 00 00 00 00
[   9.144s] feature0x0C addr=0x30 raw=11 01 0C 30 81 1A 79 02 00 00 00 00 00 00 00 00 00 00 00 00
[   9.160s] feature0x0C addr=0x10 raw=11 01 0C 10 4F 00 4E 80 00 00 00 00 00 00 00 00 00 00 00 00
[   9.160s] feature0x0C addr=0x20 raw=11 01 0C 20 4E DC 4E 44 00 00 00 00 00 00 00 00 00 00 00 00
[   9.161s] feature0x0C addr=0x30 raw=11 01 0C 30 81 1C 79 04 00 00 00 00 00 00 00 00 00 00 00 00
[   9.176s] feature0x0C addr=0x10 raw=11 01 0C 10 4F 00 4E 80 00 00 00 00 00 00 00 00 00 00 00 00
[   9.178s] feature0x0C addr=0x20 raw=11 01 0C 20 4E DD 4E 43 00 00 00 00 00 00 00 00 00 00 00 00
[   9.178s] feature0x0C addr=0x30 raw=11 01 0C 30 81 1D 79 03 00 00 00 00 00 00 00 00 00 00 00 00
[   9.193s] feature0x0C addr=0x10 raw=11 01 0C 10 4E C0 4E 80 00 00 00 00 00 00 00 00 00 00 00 00
[   9.194s] feature0x0C addr=0x20 raw=11 01 0C 20 4E DD 4E 41 00 00 00 00 00 00 00 00 00 00 00 00
[   9.196s] feature0x0C addr=0x30 raw=11 01 0C 30 81 1D 79 01 00 00 00 00 00 00 00 00 00 00 00 00
[   9.209s] feature0x0C addr=0x10 raw=11 01 0C 10 4F 00 4E 80 00 00 00 00 00 00 00 00 00 00 00 00
Signal 2 received, running cleanup
CLEANUP begin
TX CLEANUP.PRESSURE.disable[1].short write()=-1 10 01 0C 3C 00 3C 00
TX CLEANUP.PRESSURE.disable[1].short send_feature_report()=-1
RX CLEANUP.PRESSURE.disable[1].short len=20 11 01 0C 20 4E DD 4E 41 00 00 00 00 00 00 00 00 00 00 00 00
RX CLEANUP.PRESSURE.disable[1].short len=20 11 01 0C 30 81 1D 79 01 00 00 00 00 00 00 00 00 00 00 00 00
RX CLEANUP.PRESSURE.disable[1].short len=20 11 01 0C 10 4E C0 4E 40 00 00 00 00 00 00 00 00 00 00 00 00
RX CLEANUP.PRESSURE.disable[1].short len=20 11 01 0C 20 4E DB 4E 41 00 00 00 00 00 00 00 00 00 00 00 00
RX CLEANUP.PRESSURE.disable[1].short len=20 11 01 0C 30 81 1B 79 01 00 00 00 00 00 00 00 00 00 00 00 00
RX CLEANUP.PRESSURE.disable[1].short len=20 11 01 0C 10 4F 40 4E 40 00 00 00 00 00 00 00 00 00 00 00 00
RX CLEANUP.PRESSURE.disable[1].short len=20 11 01 0C 20 4E DB 4E 41 00 00 00 00 00 00 00 00 00 00 00 00
RX CLEANUP.PRESSURE.disable[1].short len=20 11 01 0C 30 81 1B 79 01 00 00 00 00 00 00 00 00 00 00 00 00
RX CLEANUP.PRESSURE.disable[1].short len=20 11 01 0C 10 4E C0 4E 40 00 00 00 00 00 00 00 00 00 00 00 00
RX CLEANUP.PRESSURE.disable[1].short len=20 11 01 0C 20 4E DB 4E 41 00 00 00 00 00 00 00 00 00 00 00 00
RX CLEANUP.PRESSURE.disable[1].short len=20 11 01 0C 30 81 1B 79 01 00 00 00 00 00 00 00 00 00 00 00 00
RX CLEANUP.PRESSURE.disable[1].short len=20 11 01 0C 10 4F 00 4E 00 00 00 00 00 00 00 00 00 00 00 00 00
RX CLEANUP.PRESSURE.disable[1].short len=20 11 01 0C 20 4E DB 4E 3F 00 00 00 00 00 00 00 00 00 00 00 00
RX CLEANUP.PRESSURE.disable[1].short len=20 11 01 0C 30 81 1B 78 FF 00 00 00 00 00 00 00 00 00 00 00 00
RX CLEANUP.PRESSURE.disable[1].short len=20 11 01 0C 10 4E C0 4E 80 00 00 00 00 00 00 00 00 00 00 00 00
RX CLEANUP.PRESSURE.disable[1].short len=20 11 01 0C 20 4E DC 4E 40 00 00 00 00 00 00 00 00 00 00 00 00
RX CLEANUP.PRESSURE.disable[1].short len=20 11 01 0C 30 81 1C 79 00 00 00 00 00 00 00 00 00 00 00 00 00
RX CLEANUP.PRESSURE.disable[1].short len=20 11 01 0C 10 4F 00 4E 40 00 00 00 00 00 00 00 00 00 00 00 00
RX CLEANUP.PRESSURE.disable[1].short len=20 11 01 0C 20 4E DC 4E 42 00 00 00 00 00 00 00 00 00 00 00 00
TX CLEANUP.PRESSURE.disable[1].long_fallback write()=20 11 01 0C 3C 00 3C 00 00 00 00 00 00 00 00 00 00 00 00 00 00
Signal 2 received, running cleanup
Interrupted

SUMMARY
mode=0x02 mode_arg=0x00
pressure_reports=0
feature0x0C_addr_counts=0x10:522,0x20:521,0x30:521
No pressure notifications were decoded.
